State,District,Date,Year,Month,Avg_smlvl_at15cm,Agency_name
Meghalaya,East Garo Hills,2025-02-05,2025,02,3.4455102467,NRSC VIC MODEL
Meghalaya,East Garo Hills,2025-02-06,2025,02,14.5499310873,NRSC VIC MODEL
Meghalaya,East Garo Hills,2025-02-07,2025,02,14.5288221296,NRSC VIC MODEL
Meghalaya,East Garo Hills,2025-02-09,2025,02,14.5000850689,NRSC VIC MODEL
Meghalaya,East Garo Hills,2025-02-18,2025,02,14.3833397534,NRSC VIC MODEL
Meghalaya,East Garo Hills,2025-02-21,2025,02,14.3551507611,NRSC VIC MODEL
Meghalaya,East Garo Hills,2025-02-26,2025,02,16.8626973131,NRSC VIC MODEL
Meghalaya,East Garo Hills,2025-02-28,2025,02,16.8291315211,NRSC VIC MODEL
Meghalaya,East Jaintia Hills,2025-02-07,2025,02,17.0764438243,NRSC VIC MODEL
Meghalaya,East Jaintia Hills,2025-02-10,2025,02,12.243844763,NRSC VIC MODEL
Meghalaya,East Jaintia Hills,2025-02-18,2025,02,12.3093576492,NRSC VIC MODEL
Meghalaya,East Jaintia Hills,2025-02-28,2025,02,13.3212820198,NRSC VIC MODEL
Meghalaya,East Khasi Hills,2025-02-01,2025,02,13.7467375735,NRSC VIC MODEL
Meghalaya,East Khasi Hills,2025-02-06,2025,02,13.6426991053,NRSC VIC MODEL
Meghalaya,East Khasi Hills,2025-02-13,2025,02,13.6135837377,NRSC VIC MODEL
Meghalaya,East Khasi Hills,2025-02-19,2025,02,13.5251244582,NRSC VIC MODEL
Meghalaya,East Khasi Hills,2025-02-21,2025,02,13.5040732987,NRSC VIC MODEL
Meghalaya,East Khasi Hills,2025-02-25,2025,02,14.4334663654,NRSC VIC MODEL
Meghalaya,East Khasi Hills,2025-02-28,2025,02,14.2582552537,NRSC VIC MODEL
Meghalaya,North Garo Hills,2025-02-02,2025,02,13.9013886389,NRSC VIC MODEL
Meghalaya,North Garo Hills,2025-02-06,2025,02,13.8221745649,NRSC VIC MODEL
Meghalaya,North Garo Hills,2025-02-10,2025,02,13.7604607904,NRSC VIC MODEL
Meghalaya,North Garo Hills,2025-02-13,2025,02,13.7271705181,NRSC VIC MODEL
Meghalaya,North Garo Hills,2025-02-17,2025,02,13.6799240421,NRSC VIC MODEL
Meghalaya,North Garo Hills,2025-02-22,2025,02,13.6273011736,NRSC VIC MODEL
Meghalaya,Ri Bhoi,2025-02-03,2025,02,17.5273279492,NRSC VIC MODEL
Meghalaya,Ri Bhoi,2025-02-07,2025,02,17.4058472801,NRSC VIC MODEL
Meghalaya,Ri Bhoi,2025-02-16,2025,02,17.2240745691,NRSC VIC MODEL
Meghalaya,Ri Bhoi,2025-02-26,2025,02,22.1201042961,NRSC VIC MODEL
Meghalaya,Ri Bhoi,2025-02-28,2025,02,21.7587682582,NRSC VIC MODEL
Meghalaya,South Garo Hills,2025-02-14,2025,02,14.4662842908,NRSC VIC MODEL
Meghalaya,South Garo Hills,2025-02-18,2025,02,14.4391470289,NRSC VIC MODEL
Meghalaya,South Garo Hills,2025-02-25,2025,02,15.9517981169,NRSC VIC MODEL
Meghalaya,South Garo Hills,2025-02-26,2025,02,15.8493990323,NRSC VIC MODEL
Meghalaya,South West Garo Hills,2025-02-03,2025,02,8.3112741339,NRSC VIC MODEL
Meghalaya,South West Garo Hills,2025-02-05,2025,02,6.8283387841,NRSC VIC MODEL
Meghalaya,South West Garo Hills,2025-02-06,2025,02,8.2907869303,NRSC VIC MODEL
Meghalaya,South West Garo Hills,2025-02-09,2025,02,8.2716897821,NRSC VIC MODEL
Meghalaya,South West Garo Hills,2025-02-16,2025,02,8.2329811055,NRSC VIC MODEL
Meghalaya,South West Garo Hills,2025-02-18,2025,02,8.2243664617,NRSC VIC MODEL
Meghalaya,South West Garo Hills,2025-02-22,2025,02,8.1993153474,NRSC VIC MODEL
Meghalaya,South West Garo Hills,2025-02-23,2025,02,8.2160658734,NRSC VIC MODEL
Meghalaya,South West Khasi Hills,2025-02-02,2025,02,12.289484246,NRSC VIC MODEL
Meghalaya,South West Khasi Hills,2025-02-03,2025,02,12.2524953738,NRSC VIC MODEL
Meghalaya,South West Khasi Hills,2025-02-10,2025,02,12.0264979857,NRSC VIC MODEL
Meghalaya,South West Khasi Hills,2025-02-13,2025,02,11.9528495829,NRSC VIC MODEL
Meghalaya,South West Khasi Hills,2025-02-16,2025,02,11.9012764385,NRSC VIC MODEL
Meghalaya,South West Khasi Hills,2025-02-23,2025,02,11.7994883767,NRSC VIC MODEL
Meghalaya,South West Khasi Hills,2025-02-25,2025,02,12.9289460524,NRSC VIC MODEL
Meghalaya,South West Khasi Hills,2025-02-26,2025,02,12.8388477828,NRSC VIC MODEL
Meghalaya,West Garo Hills,2025-02-05,2025,02,7.859364088,NRSC VIC MODEL
Meghalaya,West Garo Hills,2025-02-14,2025,02,16.2197925163,NRSC VIC MODEL
Meghalaya,West Garo Hills,2025-02-20,2025,02,16.1565021518,NRSC VIC MODEL
Meghalaya,West Jaintia Hills,2025-02-03,2025,02,15.1860644128,NRSC VIC MODEL
Meghalaya,West Jaintia Hills,2025-02-05,2025,02,6.2752239388,NRSC VIC MODEL
Meghalaya,West Jaintia Hills,2025-02-10,2025,02,14.9347072652,NRSC VIC MODEL
Meghalaya,West Jaintia Hills,2025-02-14,2025,02,14.8998877296,NRSC VIC MODEL
Meghalaya,West Jaintia Hills,2025-02-20,2025,02,14.8999294214,NRSC VIC MODEL
Meghalaya,West Jaintia Hills,2025-02-23,2025,02,16.1172491584,NRSC VIC MODEL
Meghalaya,West Khasi Hills,2025-02-04,2025,02,17.3578600872,NRSC VIC MODEL
Meghalaya,West Khasi Hills,2025-02-14,2025,02,16.9685993494,NRSC VIC MODEL
Meghalaya,West Khasi Hills,2025-02-15,2025,02,16.9440250626,NRSC VIC MODEL
Meghalaya,West Khasi Hills,2025-02-19,2025,02,16.8686331492,NRSC VIC MODEL
Meghalaya,West Khasi Hills,2025-02-25,2025,02,21.3797955029,NRSC VIC MODEL
Meghalaya,East Garo Hills,2025-03-07,2025,03,16.0618008872,NRSC VIC MODEL
Meghalaya,East Garo Hills,2025-03-12,2025,03,15.6480164288,NRSC VIC MODEL
Meghalaya,East Garo Hills,2025-03-14,2025,03,15.5324215656,NRSC VIC MODEL
Meghalaya,East Garo Hills,2025-03-17,2025,03,15.3428196094,NRSC VIC MODEL
Meghalaya,East Garo Hills,2025-03-26,2025,03,15.2550472163,NRSC VIC MODEL
Meghalaya,East Jaintia Hills,2025-03-02,2025,03,13.1627126682,NRSC VIC MODEL
Meghalaya,East Jaintia Hills,2025-03-04,2025,03,12.9965900305,NRSC VIC MODEL
Meghalaya,East Jaintia Hills,2025-03-09,2025,03,12.7112590835,NRSC VIC MODEL
Meghalaya,East Jaintia Hills,2025-03-10,2025,03,12.6782966753,NRSC VIC MODEL
Meghalaya,East Jaintia Hills,2025-03-11,2025,03,12.6427930967,NRSC VIC MODEL
Meghalaya,East Jaintia Hills,2025-03-14,2025,03,13.7085998765,NRSC VIC MODEL
Meghalaya,East Jaintia Hills,2025-03-21,2025,03,13.1004188772,NRSC VIC MODEL
Meghalaya,East Jaintia Hills,2025-03-27,2025,03,13.1055181721,NRSC VIC MODEL
Meghalaya,East Jaintia Hills,2025-03-30,2025,03,12.9061201499,NRSC VIC MODEL
Meghalaya,East Khasi Hills,2025-03-06,2025,03,13.93180236,NRSC VIC MODEL
Meghalaya,East Khasi Hills,2025-03-08,2025,03,13.8536126933,NRSC VIC MODEL
Meghalaya,East Khasi Hills,2025-03-12,2025,03,13.753630495,NRSC VIC MODEL
Meghalaya,East Khasi Hills,2025-03-15,2025,03,14.4257357163,NRSC VIC MODEL
Meghalaya,East Khasi Hills,2025-03-19,2025,03,16.7968593616,NRSC VIC MODEL
Meghalaya,North Garo Hills,2025-03-06,2025,03,15.5961110995,NRSC VIC MODEL
Meghalaya,North Garo Hills,2025-03-20,2025,03,14.572173349,NRSC VIC MODEL
Meghalaya,North Garo Hills,2025-03-31,2025,03,14.4148951457,NRSC VIC MODEL
Meghalaya,Ri Bhoi,2025-03-01,2025,03,21.543461552,NRSC VIC MODEL
Meghalaya,Ri Bhoi,2025-03-07,2025,03,20.3794236037,NRSC VIC MODEL
Meghalaya,Ri Bhoi,2025-03-08,2025,03,20.2256691959,NRSC VIC MODEL
Meghalaya,Ri Bhoi,2025-03-10,2025,03,19.9124057261,NRSC VIC MODEL
Meghalaya,Ri Bhoi,2025-03-14,2025,03,19.4336854092,NRSC VIC MODEL
Meghalaya,Ri Bhoi,2025-03-18,2025,03,18.9612430824,NRSC VIC MODEL
Meghalaya,Ri Bhoi,2025-03-24,2025,03,22.1437148497,NRSC VIC MODEL
Meghalaya,South Garo Hills,2025-03-03,2025,03,15.8283996957,NRSC VIC MODEL
Meghalaya,South Garo Hills,2025-03-15,2025,03,15.0832153961,NRSC VIC MODEL
Meghalaya,South Garo Hills,2025-03-18,2025,03,15.2955351574,NRSC VIC MODEL
Meghalaya,South Garo Hills,2025-03-21,2025,03,15.1282567461,NRSC VIC MODEL
Meghalaya,South Garo Hills,2025-03-22,2025,03,15.1447440233,NRSC VIC MODEL
Meghalaya,South Garo Hills,2025-03-25,2025,03,15.1719370105,NRSC VIC MODEL
Meghalaya,South West Garo Hills,2025-03-04,2025,03,10.1674102225,NRSC VIC MODEL
Meghalaya,South West Garo Hills,2025-03-13,2025,03,9.4908911684,NRSC VIC MODEL
Meghalaya,South West Garo Hills,2025-03-17,2025,03,9.3153983764,NRSC VIC MODEL
Meghalaya,South West Garo Hills,2025-03-28,2025,03,9.313408811,NRSC VIC MODEL
Meghalaya,South West Garo Hills,2025-03-29,2025,03,9.2623771735,NRSC VIC MODEL
Meghalaya,South West Khasi Hills,2025-03-02,2025,03,12.7965086348,NRSC VIC MODEL
Meghalaya,South West Khasi Hills,2025-03-13,2025,03,12.3367781836,NRSC VIC MODEL
Meghalaya,South West Khasi Hills,2025-03-15,2025,03,12.384432279,NRSC VIC MODEL
Meghalaya,South West Khasi Hills,2025-03-17,2025,03,13.9850037355,NRSC VIC MODEL
Meghalaya,South West Khasi Hills,2025-03-21,2025,03,13.4644218505,NRSC VIC MODEL
Meghalaya,South West Khasi Hills,2025-03-24,2025,03,13.5686115881,NRSC VIC MODEL
Meghalaya,West Garo Hills,2025-03-10,2025,03,17.9548659865,NRSC VIC MODEL
Meghalaya,West Garo Hills,2025-03-11,2025,03,17.8588176892,NRSC VIC MODEL
Meghalaya,West Garo Hills,2025-03-15,2025,03,17.536986283,NRSC VIC MODEL
Meghalaya,West Jaintia Hills,2025-03-03,2025,03,16.2796812903,NRSC VIC MODEL
Meghalaya,West Jaintia Hills,2025-03-12,2025,03,15.5879913093,NRSC VIC MODEL
Meghalaya,West Jaintia Hills,2025-03-13,2025,03,16.0507804128,NRSC VIC MODEL
Meghalaya,West Jaintia Hills,2025-03-14,2025,03,16.2782241427,NRSC VIC MODEL
Meghalaya,West Jaintia Hills,2025-03-16,2025,03,16.2215812143,NRSC VIC MODEL
Meghalaya,West Jaintia Hills,2025-03-20,2025,03,15.8209699835,NRSC VIC MODEL
Meghalaya,West Jaintia Hills,2025-03-22,2025,03,15.9633810707,NRSC VIC MODEL
Meghalaya,West Jaintia Hills,2025-03-26,2025,03,16.3657500826,NRSC VIC MODEL
Meghalaya,West Khasi Hills,2025-03-11,2025,03,18.9010180303,NRSC VIC MODEL
Meghalaya,West Khasi Hills,2025-03-23,2025,03,19.9721214504,NRSC VIC MODEL
Meghalaya,West Khasi Hills,2025-03-30,2025,03,18.7618029525,NRSC VIC MODEL
Meghalaya,East Garo Hills,2025-04-03,2025,04,15.3215699907,NRSC VIC MODEL
Meghalaya,East Garo Hills,2025-04-17,2025,04,23.6458244786,NRSC VIC MODEL
Meghalaya,East Garo Hills,2025-04-22,2025,04,5.3488758853,NRSC VIC MODEL
Meghalaya,East Garo Hills,2025-04-29,2025,04,25.7324241149,NRSC VIC MODEL
Meghalaya,East Garo Hills,2025-04-30,2025,04,25.5397400324,NRSC VIC MODEL
Meghalaya,East Jaintia Hills,2025-04-14,2025,04,14.4979459958,NRSC VIC MODEL
Meghalaya,East Jaintia Hills,2025-04-20,2025,04,14.2320104685,NRSC VIC MODEL
Meghalaya,East Jaintia Hills,2025-04-24,2025,04,19.5798039436,NRSC VIC MODEL
Meghalaya,East Khasi Hills,2025-04-11,2025,04,22.8924996762,NRSC VIC MODEL
Meghalaya,East Khasi Hills,2025-04-25,2025,04,27.1247066426,NRSC VIC MODEL
Meghalaya,East Khasi Hills,2025-04-28,2025,04,26.7184522933,NRSC VIC MODEL
Meghalaya,East Khasi Hills,2025-04-30,2025,04,25.5226515565,NRSC VIC MODEL
Meghalaya,North Garo Hills,2025-04-01,2025,04,14.3797522849,NRSC VIC MODEL
Meghalaya,North Garo Hills,2025-04-04,2025,04,14.2768415119,NRSC VIC MODEL
Meghalaya,North Garo Hills,2025-04-09,2025,04,15.9074298109,NRSC VIC MODEL
Meghalaya,North Garo Hills,2025-04-10,2025,04,15.8525625471,NRSC VIC MODEL
Meghalaya,North Garo Hills,2025-04-14,2025,04,18.9694016242,NRSC VIC MODEL
Meghalaya,North Garo Hills,2025-04-20,2025,04,20.5138415394,NRSC VIC MODEL
Meghalaya,North Garo Hills,2025-04-26,2025,04,23.101845386,NRSC VIC MODEL
Meghalaya,North Garo Hills,2025-04-27,2025,04,24.3495602588,NRSC VIC MODEL
Meghalaya,Ri Bhoi,2025-04-02,2025,04,20.0750911909,NRSC VIC MODEL
Meghalaya,Ri Bhoi,2025-04-04,2025,04,19.7358959724,NRSC VIC MODEL
Meghalaya,Ri Bhoi,2025-04-07,2025,04,19.475405667,NRSC VIC MODEL
Meghalaya,Ri Bhoi,2025-04-08,2025,04,19.3290686977,NRSC VIC MODEL
Meghalaya,Ri Bhoi,2025-04-16,2025,04,25.9199078941,NRSC VIC MODEL
Meghalaya,Ri Bhoi,2025-04-19,2025,04,27.2530636524,NRSC VIC MODEL
Meghalaya,Ri Bhoi,2025-04-21,2025,04,27.4656624902,NRSC VIC MODEL
Meghalaya,Ri Bhoi,2025-04-26,2025,04,27.6536911857,NRSC VIC MODEL
Meghalaya,South Garo Hills,2025-04-03,2025,04,14.8932652191,NRSC VIC MODEL
Meghalaya,South Garo Hills,2025-04-04,2025,04,14.8551994406,NRSC VIC MODEL
Meghalaya,South Garo Hills,2025-04-07,2025,04,14.9915357351,NRSC VIC MODEL
Meghalaya,South Garo Hills,2025-04-08,2025,04,14.953877536,NRSC VIC MODEL
Meghalaya,South Garo Hills,2025-04-11,2025,04,18.1097750491,NRSC VIC MODEL
Meghalaya,South Garo Hills,2025-04-16,2025,04,18.4064874519,NRSC VIC MODEL
Meghalaya,South Garo Hills,2025-04-19,2025,04,22.3021696721,NRSC VIC MODEL
Meghalaya,South Garo Hills,2025-04-20,2025,04,21.8707588396,NRSC VIC MODEL
Meghalaya,South Garo Hills,2025-04-21,2025,04,22.2289886565,NRSC VIC MODEL
Meghalaya,South West Garo Hills,2025-04-11,2025,04,11.3118164547,NRSC VIC MODEL
Meghalaya,South West Garo Hills,2025-04-17,2025,04,13.9400304505,NRSC VIC MODEL
Meghalaya,South West Garo Hills,2025-04-23,2025,04,15.1201231311,NRSC VIC MODEL
Meghalaya,South West Khasi Hills,2025-04-02,2025,04,15.1654371101,NRSC VIC MODEL
Meghalaya,South West Khasi Hills,2025-04-09,2025,04,17.9371577297,NRSC VIC MODEL
Meghalaya,South West Khasi Hills,2025-04-17,2025,04,18.4825049817,NRSC VIC MODEL
Meghalaya,South West Khasi Hills,2025-04-22,2025,04,3.0498512861,NRSC VIC MODEL
Meghalaya,South West Khasi Hills,2025-04-23,2025,04,25.2139476824,NRSC VIC MODEL
Meghalaya,South West Khasi Hills,2025-04-26,2025,04,22.3170048603,NRSC VIC MODEL
Meghalaya,West Garo Hills,2025-04-08,2025,04,16.9980008086,NRSC VIC MODEL
Meghalaya,West Garo Hills,2025-04-09,2025,04,18.6525266039,NRSC VIC MODEL
Meghalaya,West Garo Hills,2025-04-10,2025,04,18.6443387219,NRSC VIC MODEL
Meghalaya,West Garo Hills,2025-04-16,2025,04,22.1422545803,NRSC VIC MODEL
Meghalaya,West Garo Hills,2025-04-20,2025,04,24.2270532781,NRSC VIC MODEL
Meghalaya,West Garo Hills,2025-04-26,2025,04,26.311214587,NRSC VIC MODEL
Meghalaya,West Garo Hills,2025-04-27,2025,04,26.5084414687,NRSC VIC MODEL
Meghalaya,West Jaintia Hills,2025-04-04,2025,04,15.9857575019,NRSC VIC MODEL
Meghalaya,West Jaintia Hills,2025-04-07,2025,04,22.2632694907,NRSC VIC MODEL
Meghalaya,West Jaintia Hills,2025-04-08,2025,04,20.8623488496,NRSC VIC MODEL
Meghalaya,West Jaintia Hills,2025-04-16,2025,04,21.675312807,NRSC VIC MODEL
Meghalaya,West Khasi Hills,2025-04-02,2025,04,19.3685434624,NRSC VIC MODEL
Meghalaya,West Khasi Hills,2025-04-07,2025,04,19.6902186784,NRSC VIC MODEL
Meghalaya,West Khasi Hills,2025-04-09,2025,04,20.7734203636,NRSC VIC MODEL
Meghalaya,West Khasi Hills,2025-04-11,2025,04,24.0653861065,NRSC VIC MODEL
Meghalaya,West Khasi Hills,2025-04-16,2025,04,25.5392827733,NRSC VIC MODEL
Meghalaya,West Khasi Hills,2025-04-21,2025,04,26.8185023017,NRSC VIC MODEL
Meghalaya,West Khasi Hills,2025-04-23,2025,04,31.2582023514,NRSC VIC MODEL
Meghalaya,West Khasi Hills,2025-04-29,2025,04,28.9692395337,NRSC VIC MODEL
Meghalaya,East Garo Hills,2025-05-02,2025,05,25.1725874641,NRSC VIC MODEL
Meghalaya,East Garo Hills,2025-05-09,2025,05,24.3744425948,NRSC VIC MODEL
Meghalaya,East Garo Hills,2025-05-16,2025,05,26.726460468,NRSC VIC MODEL
Meghalaya,East Garo Hills,2025-05-30,2025,05,30.1673556783,NRSC VIC MODEL
Meghalaya,East Jaintia Hills,2025-05-03,2025,05,19.1086511432,NRSC VIC MODEL
Meghalaya,East Jaintia Hills,2025-05-07,2025,05,17.6213270796,NRSC VIC MODEL
Meghalaya,East Jaintia Hills,2025-05-16,2025,05,20.9841604402,NRSC VIC MODEL
Meghalaya,East Khasi Hills,2025-05-01,2025,05,24.7808152106,NRSC VIC MODEL
Meghalaya,East Khasi Hills,2025-05-07,2025,05,24.8730217727,NRSC VIC MODEL
Meghalaya,East Khasi Hills,2025-05-08,2025,05,25.779822782,NRSC VIC MODEL
Meghalaya,East Khasi Hills,2025-05-10,2025,05,24.5177093637,NRSC VIC MODEL
Meghalaya,East Khasi Hills,2025-05-16,2025,05,27.9001375313,NRSC VIC MODEL
Meghalaya,North Garo Hills,2025-05-04,2025,05,21.7298418813,NRSC VIC MODEL
Meghalaya,North Garo Hills,2025-05-25,2025,05,22.1703222,NRSC VIC MODEL
Meghalaya,Ri Bhoi,2025-05-02,2025,05,28.8598715263,NRSC VIC MODEL
Meghalaya,Ri Bhoi,2025-05-19,2025,05,28.2434566324,NRSC VIC MODEL
Meghalaya,South Garo Hills,2025-05-05,2025,05,22.8604050736,NRSC VIC MODEL
Meghalaya,South Garo Hills,2025-05-09,2025,05,22.6524166046,NRSC VIC MODEL
Meghalaya,South Garo Hills,2025-05-16,2025,05,26.6805425735,NRSC VIC MODEL
Meghalaya,South Garo Hills,2025-05-18,2025,05,28.2059989623,NRSC VIC MODEL
Meghalaya,South Garo Hills,2025-05-23,2025,05,25.5098106265,NRSC VIC MODEL
Meghalaya,South Garo Hills,2025-05-24,2025,05,25.1766052634,NRSC VIC MODEL
Meghalaya,South Garo Hills,2025-05-30,2025,05,29.1882261654,NRSC VIC MODEL
Meghalaya,South West Garo Hills,2025-05-06,2025,05,14.0797499742,NRSC VIC MODEL
Meghalaya,South West Garo Hills,2025-05-08,2025,05,13.4688030806,NRSC VIC MODEL
Meghalaya,South West Garo Hills,2025-05-09,2025,05,13.1782173325,NRSC VIC MODEL
Meghalaya,South West Garo Hills,2025-05-24,2025,05,16.3940748966,NRSC VIC MODEL
Meghalaya,South West Garo Hills,2025-05-30,2025,05,17.9419354927,NRSC VIC MODEL
Meghalaya,South West Khasi Hills,2025-05-06,2025,05,19.965992827,NRSC VIC MODEL
Meghalaya,South West Khasi Hills,2025-05-17,2025,05,25.1941752513,NRSC VIC MODEL
Meghalaya,South West Khasi Hills,2025-05-20,2025,05,24.7313092545,NRSC VIC MODEL
Meghalaya,South West Khasi Hills,2025-05-24,2025,05,21.4907927393,NRSC VIC MODEL
Meghalaya,West Garo Hills,2025-05-05,2025,05,25.1994929201,NRSC VIC MODEL
Meghalaya,West Garo Hills,2025-05-06,2025,05,27.658799274,NRSC VIC MODEL
Meghalaya,West Garo Hills,2025-05-07,2025,05,26.3900794454,NRSC VIC MODEL
Meghalaya,West Garo Hills,2025-05-08,2025,05,25.9543411719,NRSC VIC MODEL
Meghalaya,West Garo Hills,2025-05-17,2025,05,29.3508818846,NRSC VIC MODEL
Meghalaya,West Garo Hills,2025-05-18,2025,05,29.4061143374,NRSC VIC MODEL
Meghalaya,West Garo Hills,2025-05-20,2025,05,29.5938301663,NRSC VIC MODEL
Meghalaya,West Garo Hills,2025-05-21,2025,05,28.8256916931,NRSC VIC MODEL
Meghalaya,West Garo Hills,2025-05-23,2025,05,27.210326977,NRSC VIC MODEL
Meghalaya,West Garo Hills,2025-05-27,2025,05,26.1246043528,NRSC VIC MODEL
Meghalaya,West Garo Hills,2025-05-30,2025,05,30.2603724761,NRSC VIC MODEL
Meghalaya,West Garo Hills,2025-05-31,2025,05,30.1340025467,NRSC VIC MODEL
Meghalaya,West Jaintia Hills,2025-05-08,2025,05,23.463236986,NRSC VIC MODEL
Meghalaya,West Jaintia Hills,2025-05-21,2025,05,27.8259916721,NRSC VIC MODEL
Meghalaya,West Jaintia Hills,2025-05-24,2025,05,24.6468014553,NRSC VIC MODEL
Meghalaya,West Khasi Hills,2025-05-01,2025,05,29.5236946738,NRSC VIC MODEL
Meghalaya,West Khasi Hills,2025-05-05,2025,05,27.8294355774,NRSC VIC MODEL
Meghalaya,West Khasi Hills,2025-05-06,2025,05,30.729050045,NRSC VIC MODEL
Meghalaya,West Khasi Hills,2025-05-15,2025,05,32.167464513,NRSC VIC MODEL
Meghalaya,West Khasi Hills,2025-05-16,2025,05,31.0092429647,NRSC VIC MODEL
Meghalaya,West Khasi Hills,2025-05-31,2025,05,33.0772844085,NRSC VIC MODEL
Meghalaya,East Garo Hills,2025-01-07,2025,01,15.4688136207,NRSC VIC MODEL
Meghalaya,East Garo Hills,2025-01-13,2025,01,15.3070726689,NRSC VIC MODEL
Meghalaya,East Garo Hills,2025-01-14,2025,01,15.2598598158,NRSC VIC MODEL
Meghalaya,East Garo Hills,2025-01-20,2025,01,14.9924376473,NRSC VIC MODEL
Meghalaya,East Garo Hills,2025-01-24,2025,01,14.8635005767,NRSC VIC MODEL
Meghalaya,East Jaintia Hills,2025-01-02,2025,01,17.6839555928,NRSC VIC MODEL
Meghalaya,East Jaintia Hills,2025-01-03,2025,01,17.6511835763,NRSC VIC MODEL
Meghalaya,East Jaintia Hills,2025-01-04,2025,01,17.6160400396,NRSC VIC MODEL
Meghalaya,East Jaintia Hills,2025-01-08,2025,01,17.4971565395,NRSC VIC MODEL
Meghalaya,East Jaintia Hills,2025-01-09,2025,01,17.4684300354,NRSC VIC MODEL
Meghalaya,East Jaintia Hills,2025-01-15,2025,01,17.3322194832,NRSC VIC MODEL
Meghalaya,East Khasi Hills,2025-01-08,2025,01,14.5804420191,NRSC VIC MODEL
Meghalaya,East Khasi Hills,2025-01-10,2025,01,14.4939666107,NRSC VIC MODEL
Meghalaya,East Khasi Hills,2025-01-18,2025,01,14.1333678281,NRSC VIC MODEL
Meghalaya,East Khasi Hills,2025-01-23,2025,01,13.9508326904,NRSC VIC MODEL
Meghalaya,East Khasi Hills,2025-01-30,2025,01,13.7892692308,NRSC VIC MODEL
Meghalaya,North Garo Hills,2025-01-11,2025,01,14.5349992767,NRSC VIC MODEL
Meghalaya,North Garo Hills,2025-01-14,2025,01,14.4717690979,NRSC VIC MODEL
Meghalaya,North Garo Hills,2025-01-23,2025,01,14.142261663,NRSC VIC MODEL
Meghalaya,Ri Bhoi,2025-01-03,2025,01,18.5364468984,NRSC VIC MODEL
Meghalaya,Ri Bhoi,2025-01-05,2025,01,18.4148022007,NRSC VIC MODEL
Meghalaya,Ri Bhoi,2025-01-12,2025,01,18.4879133582,NRSC VIC MODEL
Meghalaya,Ri Bhoi,2025-01-25,2025,01,17.7979434363,NRSC VIC MODEL
Meghalaya,Ri Bhoi,2025-01-29,2025,01,17.7043805084,NRSC VIC MODEL
Meghalaya,Ri Bhoi,2025-01-31,2025,01,17.6309092608,NRSC VIC MODEL
Meghalaya,South Garo Hills,2025-01-03,2025,01,15.4619865253,NRSC VIC MODEL
Meghalaya,South Garo Hills,2025-01-06,2025,01,15.2967853724,NRSC VIC MODEL
Meghalaya,South Garo Hills,2025-01-10,2025,01,15.1422008918,NRSC VIC MODEL
Meghalaya,South Garo Hills,2025-01-11,2025,01,15.0869477509,NRSC VIC MODEL
Meghalaya,South Garo Hills,2025-01-16,2025,01,14.8669911663,NRSC VIC MODEL
Meghalaya,South Garo Hills,2025-01-25,2025,01,14.5915544105,NRSC VIC MODEL
Meghalaya,South Garo Hills,2025-01-26,2025,01,14.5680887964,NRSC VIC MODEL
Meghalaya,South Garo Hills,2025-01-28,2025,01,14.5206933254,NRSC VIC MODEL
Meghalaya,South West Garo Hills,2025-01-09,2025,01,8.6171031459,NRSC VIC MODEL
Meghalaya,South West Garo Hills,2025-01-10,2025,01,8.5940870716,NRSC VIC MODEL
Meghalaya,South West Garo Hills,2025-01-14,2025,01,8.5770700162,NRSC VIC MODEL
Meghalaya,South West Garo Hills,2025-01-17,2025,01,8.5118082281,NRSC VIC MODEL
Meghalaya,South West Garo Hills,2025-01-20,2025,01,8.4587227096,NRSC VIC MODEL
Meghalaya,South West Garo Hills,2025-01-22,2025,01,8.4339240404,NRSC VIC MODEL
Meghalaya,South West Garo Hills,2025-01-30,2025,01,8.3456104942,NRSC VIC MODEL
Meghalaya,South West Garo Hills,2025-01-31,2025,01,8.3415421318,NRSC VIC MODEL
Meghalaya,South West Khasi Hills,2025-01-01,2025,01,13.349666066,NRSC VIC MODEL
Meghalaya,South West Khasi Hills,2025-01-03,2025,01,13.2602947226,NRSC VIC MODEL
Meghalaya,South West Khasi Hills,2025-01-08,2025,01,13.145781987,NRSC VIC MODEL
Meghalaya,South West Khasi Hills,2025-01-16,2025,01,12.9401063205,NRSC VIC MODEL
Meghalaya,South West Khasi Hills,2025-01-18,2025,01,12.8180156046,NRSC VIC MODEL
Meghalaya,South West Khasi Hills,2025-01-24,2025,01,12.5170675668,NRSC VIC MODEL
Meghalaya,West Garo Hills,2025-01-09,2025,01,16.8367784686,NRSC VIC MODEL
Meghalaya,West Garo Hills,2025-01-15,2025,01,16.6531158638,NRSC VIC MODEL
Meghalaya,West Garo Hills,2025-01-20,2025,01,16.5035156212,NRSC VIC MODEL
Meghalaya,West Garo Hills,2025-01-22,2025,01,16.451677264,NRSC VIC MODEL
Meghalaya,West Garo Hills,2025-01-30,2025,01,16.3875975162,NRSC VIC MODEL
Meghalaya,West Jaintia Hills,2025-01-01,2025,01,16.1491967965,NRSC VIC MODEL
Meghalaya,West Jaintia Hills,2025-01-03,2025,01,16.0652071164,NRSC VIC MODEL
Meghalaya,West Jaintia Hills,2025-01-12,2025,01,15.6802524006,NRSC VIC MODEL
Meghalaya,West Jaintia Hills,2025-01-27,2025,01,15.2846937409,NRSC VIC MODEL
Meghalaya,West Jaintia Hills,2025-01-31,2025,01,15.2245034041,NRSC VIC MODEL
Meghalaya,West Khasi Hills,2025-01-14,2025,01,18.7341843592,NRSC VIC MODEL
Meghalaya,West Khasi Hills,2025-01-18,2025,01,18.3841797277,NRSC VIC MODEL
Meghalaya,West Khasi Hills,2025-01-22,2025,01,18.0818623131,NRSC VIC MODEL
Meghalaya,West Khasi Hills,2025-01-27,2025,01,17.7522571226,NRSC VIC MODEL
Meghalaya,East Garo Hills,2025-06-02,2025,06,30.4520408753,NRSC VIC MODEL
Meghalaya,East Garo Hills,2025-06-05,2025,06,28.4245931155,NRSC VIC MODEL
Meghalaya,East Garo Hills,2025-06-08,2025,06,25.4598553128,NRSC VIC MODEL
Meghalaya,East Garo Hills,2025-06-25,2025,06,28.0649703526,NRSC VIC MODEL
Meghalaya,East Garo Hills,2025-06-26,2025,06,26.6730937574,NRSC VIC MODEL
Meghalaya,East Garo Hills,2025-06-28,2025,06,25.218272703,NRSC VIC MODEL
Meghalaya,East Garo Hills,2025-06-29,2025,06,24.4825744557,NRSC VIC MODEL
Meghalaya,East Jaintia Hills,2025-06-01,2025,06,23.4807095105,NRSC VIC MODEL
Meghalaya,East Jaintia Hills,2025-06-02,2025,06,22.815706319,NRSC VIC MODEL
Meghalaya,East Jaintia Hills,2025-06-07,2025,06,19.4188470118,NRSC VIC MODEL
Meghalaya,East Jaintia Hills,2025-06-23,2025,06,20.8247203463,NRSC VIC MODEL
Meghalaya,East Jaintia Hills,2025-06-25,2025,06,22.5155560028,NRSC VIC MODEL
Meghalaya,East Khasi Hills,2025-06-03,2025,06,29.4274203934,NRSC VIC MODEL
Meghalaya,East Khasi Hills,2025-06-10,2025,06,25.1013801678,NRSC VIC MODEL
Meghalaya,East Khasi Hills,2025-06-16,2025,06,30.4048709315,NRSC VIC MODEL
Meghalaya,East Khasi Hills,2025-06-23,2025,06,29.6165616499,NRSC VIC MODEL
Meghalaya,East Khasi Hills,2025-06-27,2025,06,28.8548502539,NRSC VIC MODEL
Meghalaya,East Khasi Hills,2025-06-28,2025,06,28.534724341,NRSC VIC MODEL
Meghalaya,North Garo Hills,2025-06-01,2025,06,25.1431210081,NRSC VIC MODEL
Meghalaya,North Garo Hills,2025-06-02,2025,06,25.4333794089,NRSC VIC MODEL
Meghalaya,North Garo Hills,2025-06-04,2025,06,23.2281052778,NRSC VIC MODEL
Meghalaya,North Garo Hills,2025-06-15,2025,06,20.429119716,NRSC VIC MODEL
Meghalaya,North Garo Hills,2025-06-18,2025,06,22.9198358109,NRSC VIC MODEL
Meghalaya,North Garo Hills,2025-06-30,2025,06,23.2318119245,NRSC VIC MODEL
Meghalaya,Ri Bhoi,2025-06-01,2025,06,30.8914451264,NRSC VIC MODEL
Meghalaya,Ri Bhoi,2025-06-03,2025,06,28.596186061,NRSC VIC MODEL
Meghalaya,Ri Bhoi,2025-06-06,2025,06,28.8339777592,NRSC VIC MODEL
Meghalaya,Ri Bhoi,2025-06-07,2025,06,28.27798445,NRSC VIC MODEL
Meghalaya,Ri Bhoi,2025-06-08,2025,06,28.0178116481,NRSC VIC MODEL
Meghalaya,Ri Bhoi,2025-06-20,2025,06,28.8650549522,NRSC VIC MODEL
Meghalaya,Ri Bhoi,2025-06-26,2025,06,29.2791855404,NRSC VIC MODEL
Meghalaya,South Garo Hills,2025-06-01,2025,06,29.4184610199,NRSC VIC MODEL
Meghalaya,South Garo Hills,2025-06-04,2025,06,26.1990577245,NRSC VIC MODEL
Meghalaya,South Garo Hills,2025-06-08,2025,06,23.9898289691,NRSC VIC MODEL
Meghalaya,South Garo Hills,2025-06-09,2025,06,23.4061112134,NRSC VIC MODEL
Meghalaya,South Garo Hills,2025-06-11,2025,06,22.6422028526,NRSC VIC MODEL
Meghalaya,South Garo Hills,2025-06-15,2025,06,27.2736385416,NRSC VIC MODEL
Meghalaya,South West Garo Hills,2025-06-03,2025,06,16.6716792327,NRSC VIC MODEL
Meghalaya,South West Garo Hills,2025-06-06,2025,06,15.9117659096,NRSC VIC MODEL
Meghalaya,South West Garo Hills,2025-06-14,2025,06,13.4631102668,NRSC VIC MODEL
Meghalaya,South West Garo Hills,2025-06-15,2025,06,13.2288738789,NRSC VIC MODEL
Meghalaya,South West Garo Hills,2025-06-17,2025,06,13.121643898,NRSC VIC MODEL
Meghalaya,South West Garo Hills,2025-06-26,2025,06,14.8001629302,NRSC VIC MODEL
Meghalaya,South West Garo Hills,2025-06-28,2025,06,14.2094505354,NRSC VIC MODEL
Meghalaya,South West Khasi Hills,2025-06-02,2025,06,25.4633429414,NRSC VIC MODEL
Meghalaya,South West Khasi Hills,2025-06-11,2025,06,21.0640048387,NRSC VIC MODEL
Meghalaya,South West Khasi Hills,2025-06-14,2025,06,19.6569896615,NRSC VIC MODEL
Meghalaya,South West Khasi Hills,2025-06-17,2025,06,25.5229738673,NRSC VIC MODEL
Meghalaya,South West Khasi Hills,2025-06-24,2025,06,25.6330883541,NRSC VIC MODEL
Meghalaya,South West Khasi Hills,2025-06-26,2025,06,24.7199606514,NRSC VIC MODEL
Meghalaya,South West Khasi Hills,2025-06-27,2025,06,23.3725243806,NRSC VIC MODEL
Meghalaya,West Garo Hills,2025-06-01,2025,06,29.6600947198,NRSC VIC MODEL
Meghalaya,West Garo Hills,2025-06-09,2025,06,25.5249136349,NRSC VIC MODEL
Meghalaya,West Garo Hills,2025-06-12,2025,06,24.5996296441,NRSC VIC MODEL
Meghalaya,West Garo Hills,2025-06-16,2025,06,24.037871079,NRSC VIC MODEL
Meghalaya,West Garo Hills,2025-06-19,2025,06,27.0249739965,NRSC VIC MODEL
Meghalaya,West Garo Hills,2025-06-27,2025,06,26.1741620165,NRSC VIC MODEL
Meghalaya,West Jaintia Hills,2025-06-05,2025,06,26.357233501,NRSC VIC MODEL
Meghalaya,West Jaintia Hills,2025-06-06,2025,06,25.4328645617,NRSC VIC MODEL
Meghalaya,West Jaintia Hills,2025-06-07,2025,06,25.0086983913,NRSC VIC MODEL
Meghalaya,West Jaintia Hills,2025-06-12,2025,06,25.6805843163,NRSC VIC MODEL
Meghalaya,West Jaintia Hills,2025-06-25,2025,06,27.7663982508,NRSC VIC MODEL
Meghalaya,West Khasi Hills,2025-06-07,2025,06,30.6076479663,NRSC VIC MODEL
Meghalaya,West Khasi Hills,2025-06-10,2025,06,28.9853965544,NRSC VIC MODEL
Meghalaya,West Khasi Hills,2025-06-13,2025,06,27.7805100566,NRSC VIC MODEL
Meghalaya,West Khasi Hills,2025-06-17,2025,06,31.6014477545,NRSC VIC MODEL
Meghalaya,West Khasi Hills,2025-06-22,2025,06,31.5765026799,NRSC VIC MODEL
Meghalaya,West Khasi Hills,2025-06-25,2025,06,31.4071452289,NRSC VIC MODEL
Meghalaya,West Khasi Hills,2025-06-26,2025,06,30.6760521354,NRSC VIC MODEL
Meghalaya,West Khasi Hills,2025-06-27,2025,06,30.1757216395,NRSC VIC MODEL
Meghalaya,East Garo Hills,2025-01-02,2025,01,15.7520017722,NRSC VIC MODEL
Meghalaya,East Garo Hills,2025-01-05,2025,01,15.5924291504,NRSC VIC MODEL
Meghalaya,East Garo Hills,2025-01-09,2025,01,15.4388307696,NRSC VIC MODEL
Meghalaya,East Garo Hills,2025-01-10,2025,01,15.3923028397,NRSC VIC MODEL
Meghalaya,East Garo Hills,2025-01-11,2025,01,15.3370990685,NRSC VIC MODEL
Meghalaya,East Jaintia Hills,2025-01-06,2025,01,17.5478680813,NRSC VIC MODEL
Meghalaya,East Jaintia Hills,2025-01-07,2025,01,17.5124861061,NRSC VIC MODEL
Meghalaya,East Jaintia Hills,2025-01-10,2025,01,17.4450313962,NRSC VIC MODEL
Meghalaya,East Jaintia Hills,2025-01-18,2025,01,17.2847335433,NRSC VIC MODEL
Meghalaya,East Jaintia Hills,2025-01-20,2025,01,17.250763783,NRSC VIC MODEL
Meghalaya,East Jaintia Hills,2025-01-22,2025,01,17.2180173569,NRSC VIC MODEL
Meghalaya,East Jaintia Hills,2025-01-25,2025,01,17.1971416033,NRSC VIC MODEL
Meghalaya,East Khasi Hills,2025-01-01,2025,01,14.9560886851,NRSC VIC MODEL
Meghalaya,East Khasi Hills,2025-01-05,2025,01,14.7354571164,NRSC VIC MODEL
Meghalaya,East Khasi Hills,2025-01-06,2025,01,14.6675909871,NRSC VIC MODEL
Meghalaya,East Khasi Hills,2025-01-11,2025,01,14.4405516833,NRSC VIC MODEL
Meghalaya,East Khasi Hills,2025-01-13,2025,01,14.3570485691,NRSC VIC MODEL
Meghalaya,East Khasi Hills,2025-01-14,2025,01,14.3099431098,NRSC VIC MODEL
Meghalaya,East Khasi Hills,2025-01-19,2025,01,14.0909440881,NRSC VIC MODEL
Meghalaya,East Khasi Hills,2025-01-20,2025,01,14.0528860542,NRSC VIC MODEL
Meghalaya,East Khasi Hills,2025-01-21,2025,01,14.0200192381,NRSC VIC MODEL
Meghalaya,East Khasi Hills,2025-01-29,2025,01,13.8137130313,NRSC VIC MODEL
Meghalaya,East Khasi Hills,2025-01-31,2025,01,13.767046319,NRSC VIC MODEL
Meghalaya,North Garo Hills,2025-01-03,2025,01,14.6826768436,NRSC VIC MODEL
Meghalaya,North Garo Hills,2025-01-09,2025,01,14.6256532192,NRSC VIC MODEL
Meghalaya,North Garo Hills,2025-01-15,2025,01,14.4267087554,NRSC VIC MODEL
Meghalaya,North Garo Hills,2025-01-16,2025,01,14.3833697843,NRSC VIC MODEL
Meghalaya,North Garo Hills,2025-01-20,2025,01,14.2345551889,NRSC VIC MODEL
Meghalaya,North Garo Hills,2025-01-24,2025,01,14.1134977639,NRSC VIC MODEL
Meghalaya,North Garo Hills,2025-01-31,2025,01,13.9384753189,NRSC VIC MODEL
Meghalaya,Ri Bhoi,2025-01-01,2025,01,18.6343111119,NRSC VIC MODEL
Meghalaya,Ri Bhoi,2025-01-06,2025,01,18.3614970299,NRSC VIC MODEL
Meghalaya,Ri Bhoi,2025-01-14,2025,01,18.3744902163,NRSC VIC MODEL
Meghalaya,Ri Bhoi,2025-01-15,2025,01,18.315777942,NRSC VIC MODEL
Meghalaya,Ri Bhoi,2025-01-19,2025,01,18.0814399598,NRSC VIC MODEL
Meghalaya,Ri Bhoi,2025-01-22,2025,01,17.9244406274,NRSC VIC MODEL
Meghalaya,Ri Bhoi,2025-01-30,2025,01,17.6651228999,NRSC VIC MODEL
Meghalaya,South Garo Hills,2025-01-04,2025,01,15.4138692563,NRSC VIC MODEL
Meghalaya,South Garo Hills,2025-01-12,2025,01,15.0370516909,NRSC VIC MODEL
Meghalaya,South Garo Hills,2025-01-14,2025,01,14.9530445795,NRSC VIC MODEL
Meghalaya,South Garo Hills,2025-01-17,2025,01,14.8336886987,NRSC VIC MODEL
Meghalaya,South Garo Hills,2025-01-22,2025,01,14.662541017,NRSC VIC MODEL
Meghalaya,South Garo Hills,2025-01-24,2025,01,14.6147076438,NRSC VIC MODEL
Meghalaya,South Garo Hills,2025-01-29,2025,01,14.4997996191,NRSC VIC MODEL
Meghalaya,South Garo Hills,2025-01-31,2025,01,14.630185434,NRSC VIC MODEL
Meghalaya,South West Garo Hills,2025-01-06,2025,01,8.6684537415,NRSC VIC MODEL
Meghalaya,South West Garo Hills,2025-01-26,2025,01,8.3930543601,NRSC VIC MODEL
Meghalaya,South West Garo Hills,2025-01-27,2025,01,8.3793647427,NRSC VIC MODEL
Meghalaya,South West Khasi Hills,2025-01-05,2025,01,13.138183883,NRSC VIC MODEL
Meghalaya,South West Khasi Hills,2025-01-07,2025,01,13.022718408,NRSC VIC MODEL
Meghalaya,South West Khasi Hills,2025-01-10,2025,01,13.3332145957,NRSC VIC MODEL
Meghalaya,South West Khasi Hills,2025-01-12,2025,01,13.1823970222,NRSC VIC MODEL
Meghalaya,South West Khasi Hills,2025-01-14,2025,01,13.0684273045,NRSC VIC MODEL
Meghalaya,South West Khasi Hills,2025-01-17,2025,01,12.8774884691,NRSC VIC MODEL
Meghalaya,South West Khasi Hills,2025-01-20,2025,01,12.7084883725,NRSC VIC MODEL
Meghalaya,South West Khasi Hills,2025-01-25,2025,01,12.4700308052,NRSC VIC MODEL
Meghalaya,South West Khasi Hills,2025-01-26,2025,01,12.4281903903,NRSC VIC MODEL
Meghalaya,South West Khasi Hills,2025-01-29,2025,01,12.3095835063,NRSC VIC MODEL
Meghalaya,West Garo Hills,2025-01-05,2025,01,16.9774718194,NRSC VIC MODEL
Meghalaya,West Garo Hills,2025-01-06,2025,01,16.9312131071,NRSC VIC MODEL
Meghalaya,West Garo Hills,2025-01-08,2025,01,16.8696249765,NRSC VIC MODEL
Meghalaya,West Garo Hills,2025-01-14,2025,01,16.68327055,NRSC VIC MODEL
Meghalaya,West Garo Hills,2025-01-17,2025,01,16.5918046195,NRSC VIC MODEL
Meghalaya,West Garo Hills,2025-01-19,2025,01,16.5319642332,NRSC VIC MODEL
Meghalaya,West Garo Hills,2025-01-21,2025,01,16.480279858,NRSC VIC MODEL
Meghalaya,West Jaintia Hills,2025-01-05,2025,01,15.9601772701,NRSC VIC MODEL
Meghalaya,West Jaintia Hills,2025-01-06,2025,01,15.9110631683,NRSC VIC MODEL
Meghalaya,West Jaintia Hills,2025-01-07,2025,01,15.8661569918,NRSC VIC MODEL
Meghalaya,West Jaintia Hills,2025-01-14,2025,01,15.6155283854,NRSC VIC MODEL
Meghalaya,West Jaintia Hills,2025-01-17,2025,01,15.5168963215,NRSC VIC MODEL
Meghalaya,West Jaintia Hills,2025-01-19,2025,01,15.4588764462,NRSC VIC MODEL
Meghalaya,West Jaintia Hills,2025-01-23,2025,01,15.3627435592,NRSC VIC MODEL
Meghalaya,West Jaintia Hills,2025-01-29,2025,01,15.258535949,NRSC VIC MODEL
Meghalaya,West Khasi Hills,2025-01-01,2025,01,18.6559999564,NRSC VIC MODEL
Meghalaya,West Khasi Hills,2025-01-04,2025,01,18.48086654,NRSC VIC MODEL
Meghalaya,West Khasi Hills,2025-01-05,2025,01,18.3993734621,NRSC VIC MODEL
Meghalaya,West Khasi Hills,2025-01-07,2025,01,18.2462786376,NRSC VIC MODEL
Meghalaya,West Khasi Hills,2025-01-13,2025,01,18.8078200574,NRSC VIC MODEL
Meghalaya,West Khasi Hills,2025-01-15,2025,01,18.6426117819,NRSC VIC MODEL
Meghalaya,West Khasi Hills,2025-01-19,2025,01,18.3048324701,NRSC VIC MODEL
Meghalaya,West Khasi Hills,2025-01-31,2025,01,17.5623996909,NRSC VIC MODEL
Meghalaya,East Khasi Hills,2025-02-04,2025,02,13.6857138038,NRSC VIC MODEL
Meghalaya,East Khasi Hills,2025-02-07,2025,02,13.627027118,NRSC VIC MODEL
Meghalaya,East Khasi Hills,2025-02-08,2025,02,13.6139409574,NRSC VIC MODEL
Meghalaya,North Garo Hills,2025-02-09,2025,02,13.7765912349,NRSC VIC MODEL
Meghalaya,North Garo Hills,2025-02-15,2025,02,13.698902754,NRSC VIC MODEL
Meghalaya,North Garo Hills,2025-02-24,2025,02,16.7948707889,NRSC VIC MODEL
Meghalaya,Ri Bhoi,2025-02-01,2025,02,17.5935566226,NRSC VIC MODEL
Meghalaya,Ri Bhoi,2025-02-02,2025,02,17.5582648669,NRSC VIC MODEL
Meghalaya,Ri Bhoi,2025-02-13,2025,02,17.2778097209,NRSC VIC MODEL
Meghalaya,Ri Bhoi,2025-02-17,2025,02,17.2078848621,NRSC VIC MODEL
Meghalaya,South Garo Hills,2025-02-02,2025,02,14.5803176668,NRSC VIC MODEL
Meghalaya,South Garo Hills,2025-02-05,2025,02,6.7023950876,NRSC VIC MODEL
Meghalaya,South Garo Hills,2025-02-17,2025,02,14.4096816089,NRSC VIC MODEL
Meghalaya,South Garo Hills,2025-02-21,2025,02,14.3772530156,NRSC VIC MODEL
Meghalaya,South Garo Hills,2025-02-22,2025,02,14.3607319414,NRSC VIC MODEL
Meghalaya,South West Garo Hills,2025-02-07,2025,02,8.2838108792,NRSC VIC MODEL
Meghalaya,South West Garo Hills,2025-02-21,2025,02,8.2044881624,NRSC VIC MODEL
Meghalaya,South West Khasi Hills,2025-02-06,2025,02,12.1407577875,NRSC VIC MODEL
Meghalaya,South West Khasi Hills,2025-02-08,2025,02,12.074561331,NRSC VIC MODEL
Meghalaya,South West Khasi Hills,2025-02-14,2025,02,11.9306269715,NRSC VIC MODEL
Meghalaya,South West Khasi Hills,2025-02-18,2025,02,11.8612211764,NRSC VIC MODEL
Meghalaya,South West Khasi Hills,2025-02-21,2025,02,11.8149968556,NRSC VIC MODEL
Meghalaya,West Garo Hills,2025-02-03,2025,02,16.3535525656,NRSC VIC MODEL
Meghalaya,West Garo Hills,2025-02-19,2025,02,16.170666789,NRSC VIC MODEL
Meghalaya,West Garo Hills,2025-02-25,2025,02,18.8580588663,NRSC VIC MODEL
Meghalaya,West Jaintia Hills,2025-02-04,2025,02,15.1752309695,NRSC VIC MODEL
Meghalaya,West Jaintia Hills,2025-02-06,2025,02,15.1543522025,NRSC VIC MODEL
Meghalaya,West Jaintia Hills,2025-02-07,2025,02,15.1416855396,NRSC VIC MODEL
Meghalaya,West Jaintia Hills,2025-02-16,2025,02,14.8894280662,NRSC VIC MODEL
Meghalaya,West Jaintia Hills,2025-02-24,2025,02,17.1394099069,NRSC VIC MODEL
Meghalaya,West Jaintia Hills,2025-02-26,2025,02,16.8533680702,NRSC VIC MODEL
Meghalaya,West Khasi Hills,2025-02-05,2025,02,6.1890974734,NRSC VIC MODEL
Meghalaya,West Khasi Hills,2025-02-07,2025,02,17.2108933456,NRSC VIC MODEL
Meghalaya,West Khasi Hills,2025-02-18,2025,02,16.8776522321,NRSC VIC MODEL
Meghalaya,West Khasi Hills,2025-02-26,2025,02,21.1491272277,NRSC VIC MODEL
Meghalaya,East Garo Hills,2025-02-03,2025,02,14.6058999188,NRSC VIC MODEL
Meghalaya,East Garo Hills,2025-02-20,2025,02,14.3641571874,NRSC VIC MODEL
Meghalaya,East Garo Hills,2025-02-23,2025,02,14.6175748784,NRSC VIC MODEL
Meghalaya,East Garo Hills,2025-02-24,2025,02,17.12798063,NRSC VIC MODEL
Meghalaya,East Garo Hills,2025-02-27,2025,02,16.9727144274,NRSC VIC MODEL
Meghalaya,East Jaintia Hills,2025-02-01,2025,02,17.1330078563,NRSC VIC MODEL
Meghalaya,East Jaintia Hills,2025-02-13,2025,02,12.2429896974,NRSC VIC MODEL
Meghalaya,East Jaintia Hills,2025-02-14,2025,02,12.2401660833,NRSC VIC MODEL
Meghalaya,East Jaintia Hills,2025-02-15,2025,02,12.2391289504,NRSC VIC MODEL
Meghalaya,East Jaintia Hills,2025-02-21,2025,02,12.2754457819,NRSC VIC MODEL
Meghalaya,East Garo Hills,2025-03-04,2025,03,16.3586820098,NRSC VIC MODEL
Meghalaya,East Garo Hills,2025-03-06,2025,03,16.1566208537,NRSC VIC MODEL
Meghalaya,East Garo Hills,2025-03-28,2025,03,15.1497593606,NRSC VIC MODEL
Meghalaya,East Jaintia Hills,2025-03-06,2025,03,12.8656418796,NRSC VIC MODEL
Meghalaya,East Jaintia Hills,2025-03-12,2025,03,12.607653315,NRSC VIC MODEL
Meghalaya,East Jaintia Hills,2025-03-15,2025,03,13.7333638185,NRSC VIC MODEL
Meghalaya,East Jaintia Hills,2025-03-16,2025,03,13.639260354,NRSC VIC MODEL
Meghalaya,East Jaintia Hills,2025-03-18,2025,03,13.3863128982,NRSC VIC MODEL
Meghalaya,East Jaintia Hills,2025-03-19,2025,03,13.2795167275,NRSC VIC MODEL
Meghalaya,East Jaintia Hills,2025-03-22,2025,03,13.4800451392,NRSC VIC MODEL
Meghalaya,East Jaintia Hills,2025-03-24,2025,03,13.3985876538,NRSC VIC MODEL
Meghalaya,East Khasi Hills,2025-03-01,2025,03,14.2097277864,NRSC VIC MODEL
Meghalaya,East Khasi Hills,2025-03-04,2025,03,14.0256612243,NRSC VIC MODEL
Meghalaya,East Khasi Hills,2025-03-10,2025,03,13.8123476524,NRSC VIC MODEL
Meghalaya,East Khasi Hills,2025-03-11,2025,03,13.7821589127,NRSC VIC MODEL
Meghalaya,East Khasi Hills,2025-03-16,2025,03,17.891377776,NRSC VIC MODEL
Meghalaya,East Khasi Hills,2025-03-27,2025,03,16.8531825981,NRSC VIC MODEL
Meghalaya,East Khasi Hills,2025-03-28,2025,03,16.6163063948,NRSC VIC MODEL
Meghalaya,North Garo Hills,2025-03-04,2025,03,15.806363818,NRSC VIC MODEL
Meghalaya,North Garo Hills,2025-03-16,2025,03,14.818712418,NRSC VIC MODEL
Meghalaya,North Garo Hills,2025-03-22,2025,03,14.5220220464,NRSC VIC MODEL
Meghalaya,North Garo Hills,2025-03-25,2025,03,14.7432591397,NRSC VIC MODEL
Meghalaya,North Garo Hills,2025-03-26,2025,03,14.6798140686,NRSC VIC MODEL
Meghalaya,Ri Bhoi,2025-03-02,2025,03,21.3037665682,NRSC VIC MODEL
Meghalaya,Ri Bhoi,2025-03-04,2025,03,20.9024701801,NRSC VIC MODEL
Meghalaya,Ri Bhoi,2025-03-16,2025,03,19.1927738026,NRSC VIC MODEL
Meghalaya,Ri Bhoi,2025-03-20,2025,03,18.7365980107,NRSC VIC MODEL
Meghalaya,Ri Bhoi,2025-03-23,2025,03,19.666673504,NRSC VIC MODEL
Meghalaya,Ri Bhoi,2025-03-25,2025,03,21.7089074132,NRSC VIC MODEL
Meghalaya,Ri Bhoi,2025-03-27,2025,03,21.1338950542,NRSC VIC MODEL
Meghalaya,Ri Bhoi,2025-03-31,2025,03,20.2582387564,NRSC VIC MODEL
Meghalaya,South Garo Hills,2025-03-06,2025,03,15.5708515744,NRSC VIC MODEL
Meghalaya,South Garo Hills,2025-03-11,2025,03,15.2260733848,NRSC VIC MODEL
Meghalaya,South Garo Hills,2025-03-19,2025,03,15.2240761342,NRSC VIC MODEL
Meghalaya,South Garo Hills,2025-03-20,2025,03,15.1724634722,NRSC VIC MODEL
Meghalaya,South Garo Hills,2025-03-26,2025,03,15.1137654898,NRSC VIC MODEL
Meghalaya,South Garo Hills,2025-03-31,2025,03,14.8713528119,NRSC VIC MODEL
Meghalaya,South West Garo Hills,2025-03-03,2025,03,10.2695419441,NRSC VIC MODEL
Meghalaya,South West Garo Hills,2025-03-06,2025,03,9.985403441,NRSC VIC MODEL
Meghalaya,South West Garo Hills,2025-03-07,2025,03,9.8988476229,NRSC VIC MODEL
Meghalaya,South West Garo Hills,2025-03-20,2025,03,9.1715774704,NRSC VIC MODEL
Meghalaya,South West Garo Hills,2025-03-21,2025,03,9.1376344132,NRSC VIC MODEL
Meghalaya,South West Garo Hills,2025-03-23,2025,03,9.6265508218,NRSC VIC MODEL
Meghalaya,South West Garo Hills,2025-03-25,2025,03,9.4853838853,NRSC VIC MODEL
Meghalaya,South West Garo Hills,2025-03-26,2025,03,9.4279902215,NRSC VIC MODEL
Meghalaya,South West Garo Hills,2025-03-31,2025,03,9.1779630796,NRSC VIC MODEL
Meghalaya,South West Khasi Hills,2025-03-01,2025,03,12.8862444945,NRSC VIC MODEL
Meghalaya,South West Khasi Hills,2025-03-05,2025,03,12.5677506825,NRSC VIC MODEL
Meghalaya,South West Khasi Hills,2025-03-09,2025,03,12.3420607913,NRSC VIC MODEL
Meghalaya,South West Khasi Hills,2025-03-31,2025,03,12.8557038345,NRSC VIC MODEL
Meghalaya,West Garo Hills,2025-03-02,2025,03,18.8713658511,NRSC VIC MODEL
Meghalaya,West Garo Hills,2025-03-06,2025,03,18.3739854823,NRSC VIC MODEL
Meghalaya,West Garo Hills,2025-03-09,2025,03,18.0544185777,NRSC VIC MODEL
Meghalaya,West Garo Hills,2025-03-14,2025,03,17.6145939984,NRSC VIC MODEL
Meghalaya,West Garo Hills,2025-03-17,2025,03,17.3997947163,NRSC VIC MODEL
Meghalaya,West Garo Hills,2025-03-21,2025,03,17.1472616305,NRSC VIC MODEL
Meghalaya,West Garo Hills,2025-03-27,2025,03,17.1079031202,NRSC VIC MODEL
Meghalaya,West Garo Hills,2025-03-30,2025,03,16.9536541657,NRSC VIC MODEL
Meghalaya,West Jaintia Hills,2025-03-02,2025,03,16.389676994,NRSC VIC MODEL
Meghalaya,West Jaintia Hills,2025-03-06,2025,03,15.9983790981,NRSC VIC MODEL
Meghalaya,West Jaintia Hills,2025-03-09,2025,03,15.7708894307,NRSC VIC MODEL
Meghalaya,West Jaintia Hills,2025-03-10,2025,03,15.7061250364,NRSC VIC MODEL
Meghalaya,West Jaintia Hills,2025-03-17,2025,03,16.1067095303,NRSC VIC MODEL
Meghalaya,West Jaintia Hills,2025-03-24,2025,03,16.6052399992,NRSC VIC MODEL
Meghalaya,West Jaintia Hills,2025-03-27,2025,03,16.2613236807,NRSC VIC MODEL
Meghalaya,West Khasi Hills,2025-03-05,2025,03,19.8639127952,NRSC VIC MODEL
Meghalaya,West Khasi Hills,2025-03-06,2025,03,19.6786074659,NRSC VIC MODEL
Meghalaya,West Khasi Hills,2025-03-14,2025,03,18.7152321209,NRSC VIC MODEL
Meghalaya,West Khasi Hills,2025-03-16,2025,03,18.9817610335,NRSC VIC MODEL
Meghalaya,West Khasi Hills,2025-03-17,2025,03,18.8156207681,NRSC VIC MODEL
Meghalaya,West Khasi Hills,2025-03-22,2025,03,18.269780327,NRSC VIC MODEL
Meghalaya,West Khasi Hills,2025-03-24,2025,03,19.8282699144,NRSC VIC MODEL
Meghalaya,West Khasi Hills,2025-03-27,2025,03,19.2442760623,NRSC VIC MODEL
Meghalaya,West Khasi Hills,2025-03-29,2025,03,18.9150254325,NRSC VIC MODEL
Meghalaya,West Khasi Hills,2025-03-31,2025,03,18.6154907567,NRSC VIC MODEL
Meghalaya,East Garo Hills,2025-05-04,2025,05,24.2504505083,NRSC VIC MODEL
Meghalaya,East Garo Hills,2025-05-17,2025,05,27.345305747,NRSC VIC MODEL
Meghalaya,East Garo Hills,2025-05-19,2025,05,26.9948130151,NRSC VIC MODEL
Meghalaya,East Garo Hills,2025-05-20,2025,05,28.5712056268,NRSC VIC MODEL
Meghalaya,East Garo Hills,2025-05-24,2025,05,25.5831437134,NRSC VIC MODEL
Meghalaya,East Garo Hills,2025-05-25,2025,05,25.0623280162,NRSC VIC MODEL
Meghalaya,East Jaintia Hills,2025-05-05,2025,05,18.260272154,NRSC VIC MODEL
Meghalaya,East Jaintia Hills,2025-05-06,2025,05,17.8853845973,NRSC VIC MODEL
Meghalaya,East Jaintia Hills,2025-05-15,2025,05,23.2231686075,NRSC VIC MODEL
Meghalaya,East Jaintia Hills,2025-05-21,2025,05,23.03019971,NRSC VIC MODEL
Meghalaya,East Jaintia Hills,2025-05-24,2025,05,20.2799048562,NRSC VIC MODEL
Meghalaya,East Jaintia Hills,2025-05-28,2025,05,20.1464511904,NRSC VIC MODEL
Meghalaya,East Jaintia Hills,2025-05-29,2025,05,21.3382194766,NRSC VIC MODEL
Meghalaya,East Jaintia Hills,2025-05-31,2025,05,22.9911226574,NRSC VIC MODEL
Meghalaya,East Khasi Hills,2025-05-02,2025,05,25.2883316442,NRSC VIC MODEL
Meghalaya,East Khasi Hills,2025-05-03,2025,05,24.4919399761,NRSC VIC MODEL
Meghalaya,East Khasi Hills,2025-05-17,2025,05,29.3255589413,NRSC VIC MODEL
Meghalaya,East Khasi Hills,2025-05-27,2025,05,29.6468176227,NRSC VIC MODEL
Meghalaya,North Garo Hills,2025-05-18,2025,05,25.1458131288,NRSC VIC MODEL
Meghalaya,North Garo Hills,2025-05-23,2025,05,22.2571035252,NRSC VIC MODEL
Meghalaya,Ri Bhoi,2025-05-08,2025,05,27.2721174219,NRSC VIC MODEL
Meghalaya,Ri Bhoi,2025-05-15,2025,05,28.700546383,NRSC VIC MODEL
Meghalaya,Ri Bhoi,2025-05-24,2025,05,27.6532840573,NRSC VIC MODEL
Meghalaya,Ri Bhoi,2025-05-27,2025,05,27.5844957074,NRSC VIC MODEL
Meghalaya,Ri Bhoi,2025-05-28,2025,05,27.1457799572,NRSC VIC MODEL
Meghalaya,South Garo Hills,2025-05-02,2025,05,24.6679515698,NRSC VIC MODEL
Meghalaya,South Garo Hills,2025-05-03,2025,05,23.8630952576,NRSC VIC MODEL
Meghalaya,South Garo Hills,2025-05-27,2025,05,25.9144795404,NRSC VIC MODEL
Meghalaya,South West Garo Hills,2025-05-04,2025,05,14.1389824254,NRSC VIC MODEL
Meghalaya,South West Garo Hills,2025-05-07,2025,05,13.754753924,NRSC VIC MODEL
Meghalaya,South West Garo Hills,2025-05-18,2025,05,18.0825753647,NRSC VIC MODEL
Meghalaya,South West Garo Hills,2025-05-22,2025,05,16.9761252759,NRSC VIC MODEL
Meghalaya,South West Garo Hills,2025-05-29,2025,05,15.6634081832,NRSC VIC MODEL
Meghalaya,South West Khasi Hills,2025-05-08,2025,05,19.6965375429,NRSC VIC MODEL
Meghalaya,South West Khasi Hills,2025-05-09,2025,05,19.5109486389,NRSC VIC MODEL
Meghalaya,South West Khasi Hills,2025-05-16,2025,05,23.9035795197,NRSC VIC MODEL
Meghalaya,South West Khasi Hills,2025-05-26,2025,05,23.7979117712,NRSC VIC MODEL
Meghalaya,South West Khasi Hills,2025-05-27,2025,05,22.6924251207,NRSC VIC MODEL
Meghalaya,West Garo Hills,2025-05-01,2025,05,26.5687786365,NRSC VIC MODEL
Meghalaya,West Garo Hills,2025-05-10,2025,05,24.8266142173,NRSC VIC MODEL
Meghalaya,West Garo Hills,2025-05-19,2025,05,28.820824085,NRSC VIC MODEL
Meghalaya,West Garo Hills,2025-05-25,2025,05,26.3271124692,NRSC VIC MODEL
Meghalaya,West Garo Hills,2025-05-28,2025,05,25.5823690155,NRSC VIC MODEL
Meghalaya,West Jaintia Hills,2025-05-10,2025,05,24.4512465119,NRSC VIC MODEL
Meghalaya,West Jaintia Hills,2025-05-22,2025,05,25.8927372022,NRSC VIC MODEL
Meghalaya,West Jaintia Hills,2025-05-23,2025,05,25.4068905557,NRSC VIC MODEL
Meghalaya,West Jaintia Hills,2025-05-27,2025,05,25.9408001478,NRSC VIC MODEL
Meghalaya,West Jaintia Hills,2025-05-28,2025,05,24.8615416016,NRSC VIC MODEL
Meghalaya,West Khasi Hills,2025-05-03,2025,05,29.3611171421,NRSC VIC MODEL
Meghalaya,West Khasi Hills,2025-05-04,2025,05,28.8895362917,NRSC VIC MODEL
Meghalaya,West Khasi Hills,2025-05-09,2025,05,27.8088600637,NRSC VIC MODEL
Meghalaya,West Khasi Hills,2025-05-20,2025,05,32.3594671767,NRSC VIC MODEL
Meghalaya,West Khasi Hills,2025-05-25,2025,05,30.0385752396,NRSC VIC MODEL
Meghalaya,West Khasi Hills,2025-05-27,2025,05,29.4017647583,NRSC VIC MODEL
Meghalaya,West Khasi Hills,2025-05-29,2025,05,28.7440962743,NRSC VIC MODEL
Meghalaya,East Garo Hills,2025-04-02,2025,04,15.3695484096,NRSC VIC MODEL
Meghalaya,East Garo Hills,2025-04-05,2025,04,15.3040528857,NRSC VIC MODEL
Meghalaya,East Garo Hills,2025-04-06,2025,04,15.2612073191,NRSC VIC MODEL
Meghalaya,East Garo Hills,2025-04-08,2025,04,15.1751646551,NRSC VIC MODEL
Meghalaya,East Garo Hills,2025-04-10,2025,04,16.5805599078,NRSC VIC MODEL
Meghalaya,East Garo Hills,2025-04-13,2025,04,19.1831241352,NRSC VIC MODEL
Meghalaya,East Garo Hills,2025-04-16,2025,04,21.430575445,NRSC VIC MODEL
Meghalaya,East Garo Hills,2025-04-20,2025,04,22.6357849983,NRSC VIC MODEL
Meghalaya,East Jaintia Hills,2025-04-05,2025,04,13.2733353314,NRSC VIC MODEL
Meghalaya,East Jaintia Hills,2025-04-06,2025,04,13.2397406654,NRSC VIC MODEL
Meghalaya,East Jaintia Hills,2025-04-08,2025,04,14.265415326,NRSC VIC MODEL
Meghalaya,East Jaintia Hills,2025-04-18,2025,04,14.3854646551,NRSC VIC MODEL
Meghalaya,East Jaintia Hills,2025-04-27,2025,04,20.9728538348,NRSC VIC MODEL
Meghalaya,East Jaintia Hills,2025-04-28,2025,04,22.7341839385,NRSC VIC MODEL
Meghalaya,East Jaintia Hills,2025-04-29,2025,04,21.9810026712,NRSC VIC MODEL
Meghalaya,East Khasi Hills,2025-04-01,2025,04,19.7584141278,NRSC VIC MODEL
Meghalaya,East Khasi Hills,2025-04-03,2025,04,18.9147776195,NRSC VIC MODEL
Meghalaya,East Khasi Hills,2025-04-04,2025,04,18.4182779423,NRSC VIC MODEL
Meghalaya,East Khasi Hills,2025-04-19,2025,04,22.3012462704,NRSC VIC MODEL
Meghalaya,North Garo Hills,2025-04-06,2025,04,14.3431223219,NRSC VIC MODEL
Meghalaya,North Garo Hills,2025-04-08,2025,04,14.277291604,NRSC VIC MODEL
Meghalaya,North Garo Hills,2025-04-12,2025,04,17.9042258929,NRSC VIC MODEL
Meghalaya,North Garo Hills,2025-04-19,2025,04,20.4583908443,NRSC VIC MODEL
Meghalaya,North Garo Hills,2025-04-22,2025,04,6.4450411528,NRSC VIC MODEL
Meghalaya,North Garo Hills,2025-04-29,2025,04,22.8686830072,NRSC VIC MODEL
Meghalaya,Ri Bhoi,2025-04-13,2025,04,21.7802230723,NRSC VIC MODEL
Meghalaya,Ri Bhoi,2025-04-22,2025,04,11.0264200266,NRSC VIC MODEL
Meghalaya,Ri Bhoi,2025-04-23,2025,04,28.497504909,NRSC VIC MODEL
Meghalaya,Ri Bhoi,2025-04-25,2025,04,28.3324881894,NRSC VIC MODEL
Meghalaya,Ri Bhoi,2025-04-28,2025,04,28.6495939344,NRSC VIC MODEL
Meghalaya,Ri Bhoi,2025-04-29,2025,04,28.4927779913,NRSC VIC MODEL
Meghalaya,Ri Bhoi,2025-04-30,2025,04,27.4095917615,NRSC VIC MODEL
Meghalaya,South Garo Hills,2025-04-01,2025,04,14.837001886,NRSC VIC MODEL
Meghalaya,South Garo Hills,2025-04-14,2025,04,18.622162071,NRSC VIC MODEL
Meghalaya,South Garo Hills,2025-04-17,2025,04,22.915288705,NRSC VIC MODEL
Meghalaya,South Garo Hills,2025-04-29,2025,04,24.8432566209,NRSC VIC MODEL
Meghalaya,South West Garo Hills,2025-04-04,2025,04,9.0388670036,NRSC VIC MODEL
Meghalaya,South West Garo Hills,2025-04-05,2025,04,9.0176382775,NRSC VIC MODEL
Meghalaya,South West Garo Hills,2025-04-06,2025,04,8.9923530793,NRSC VIC MODEL
Meghalaya,South West Garo Hills,2025-04-13,2025,04,11.4245685549,NRSC VIC MODEL
Meghalaya,South West Garo Hills,2025-04-15,2025,04,12.3687189537,NRSC VIC MODEL
Meghalaya,South West Garo Hills,2025-04-18,2025,04,13.8325918937,NRSC VIC MODEL
Meghalaya,South West Garo Hills,2025-04-19,2025,04,14.2236914581,NRSC VIC MODEL
Meghalaya,South West Garo Hills,2025-04-24,2025,04,14.5773035931,NRSC VIC MODEL
Meghalaya,South West Garo Hills,2025-04-25,2025,04,14.1618996705,NRSC VIC MODEL
Meghalaya,South West Garo Hills,2025-04-26,2025,04,13.8168811871,NRSC VIC MODEL
Meghalaya,South West Khasi Hills,2025-04-01,2025,04,12.9503158455,NRSC VIC MODEL
Meghalaya,South West Khasi Hills,2025-04-10,2025,04,17.5851516029,NRSC VIC MODEL
Meghalaya,South West Khasi Hills,2025-04-12,2025,04,19.5981707964,NRSC VIC MODEL
Meghalaya,South West Khasi Hills,2025-04-16,2025,04,17.9932233671,NRSC VIC MODEL
Meghalaya,South West Khasi Hills,2025-04-18,2025,04,18.3790831011,NRSC VIC MODEL
Meghalaya,South West Khasi Hills,2025-04-28,2025,04,23.1234525434,NRSC VIC MODEL
Meghalaya,South West Khasi Hills,2025-04-29,2025,04,22.1169414774,NRSC VIC MODEL
Meghalaya,South West Khasi Hills,2025-04-30,2025,04,21.386208961,NRSC VIC MODEL
Meghalaya,West Garo Hills,2025-04-03,2025,04,16.8082100788,NRSC VIC MODEL
Meghalaya,West Garo Hills,2025-04-04,2025,04,16.7738655037,NRSC VIC MODEL
Meghalaya,West Garo Hills,2025-04-14,2025,04,22.428963272,NRSC VIC MODEL
Meghalaya,West Garo Hills,2025-04-18,2025,04,23.7642737813,NRSC VIC MODEL
Meghalaya,West Garo Hills,2025-04-19,2025,04,24.2019956218,NRSC VIC MODEL
Meghalaya,West Garo Hills,2025-04-24,2025,04,27.0114673863,NRSC VIC MODEL
Meghalaya,West Jaintia Hills,2025-04-09,2025,04,20.6322065303,NRSC VIC MODEL
Meghalaya,West Jaintia Hills,2025-04-17,2025,04,22.9842783862,NRSC VIC MODEL
Meghalaya,West Khasi Hills,2025-04-13,2025,04,23.9611107962,NRSC VIC MODEL
Meghalaya,West Khasi Hills,2025-04-20,2025,04,27.9884787297,NRSC VIC MODEL
Meghalaya,West Khasi Hills,2025-04-22,2025,04,8.3287123014,NRSC VIC MODEL
Meghalaya,East Garo Hills,2025-06-04,2025,06,26.993326979,NRSC VIC MODEL
Meghalaya,East Garo Hills,2025-06-06,2025,06,28.1721221566,NRSC VIC MODEL
Meghalaya,East Garo Hills,2025-06-10,2025,06,24.1964112475,NRSC VIC MODEL
Meghalaya,East Garo Hills,2025-06-13,2025,06,23.5464512495,NRSC VIC MODEL
Meghalaya,East Garo Hills,2025-06-15,2025,06,23.6094148853,NRSC VIC MODEL
Meghalaya,East Garo Hills,2025-06-21,2025,06,26.0305873046,NRSC VIC MODEL
Meghalaya,East Garo Hills,2025-06-24,2025,06,28.0313707375,NRSC VIC MODEL
Meghalaya,East Garo Hills,2025-06-27,2025,06,25.7009528353,NRSC VIC MODEL
Meghalaya,East Jaintia Hills,2025-06-09,2025,06,18.634049047,NRSC VIC MODEL
Meghalaya,East Jaintia Hills,2025-06-15,2025,06,21.1851581384,NRSC VIC MODEL
Meghalaya,East Jaintia Hills,2025-06-16,2025,06,23.2683568923,NRSC VIC MODEL
Meghalaya,East Jaintia Hills,2025-06-17,2025,06,21.80569747,NRSC VIC MODEL
Meghalaya,East Jaintia Hills,2025-06-18,2025,06,22.0070475902,NRSC VIC MODEL
Meghalaya,East Jaintia Hills,2025-06-19,2025,06,21.9990904361,NRSC VIC MODEL
Meghalaya,East Jaintia Hills,2025-06-24,2025,06,21.1427838432,NRSC VIC MODEL
Meghalaya,East Jaintia Hills,2025-06-28,2025,06,20.2496457823,NRSC VIC MODEL
Meghalaya,East Khasi Hills,2025-06-01,2025,06,31.0288611934,NRSC VIC MODEL
Meghalaya,East Khasi Hills,2025-06-02,2025,06,30.7615109716,NRSC VIC MODEL
Meghalaya,East Khasi Hills,2025-06-08,2025,06,26.3167865696,NRSC VIC MODEL
Meghalaya,East Khasi Hills,2025-06-17,2025,06,30.4377713014,NRSC VIC MODEL
Meghalaya,East Khasi Hills,2025-06-24,2025,06,29.8387555905,NRSC VIC MODEL
Meghalaya,East Khasi Hills,2025-06-29,2025,06,28.1203338809,NRSC VIC MODEL
Meghalaya,East Khasi Hills,2025-06-30,2025,06,29.2162447223,NRSC VIC MODEL
Meghalaya,North Garo Hills,2025-06-10,2025,06,21.5954144179,NRSC VIC MODEL
Meghalaya,North Garo Hills,2025-06-13,2025,06,20.5951401159,NRSC VIC MODEL
Meghalaya,North Garo Hills,2025-06-16,2025,06,20.8490747952,NRSC VIC MODEL
Meghalaya,North Garo Hills,2025-06-21,2025,06,21.8001169351,NRSC VIC MODEL
Meghalaya,North Garo Hills,2025-06-22,2025,06,22.7849548151,NRSC VIC MODEL
Meghalaya,Ri Bhoi,2025-06-09,2025,06,28.0946937411,NRSC VIC MODEL
Meghalaya,Ri Bhoi,2025-06-14,2025,06,26.4606881489,NRSC VIC MODEL
Meghalaya,Ri Bhoi,2025-06-16,2025,06,30.9393001238,NRSC VIC MODEL
Meghalaya,Ri Bhoi,2025-06-17,2025,06,30.0071439045,NRSC VIC MODEL
Meghalaya,Ri Bhoi,2025-06-18,2025,06,29.3795417766,NRSC VIC MODEL
Meghalaya,Ri Bhoi,2025-06-22,2025,06,28.8717609256,NRSC VIC MODEL
Meghalaya,Ri Bhoi,2025-06-24,2025,06,30.3354101452,NRSC VIC MODEL
Meghalaya,South Garo Hills,2025-06-16,2025,06,26.4933733511,NRSC VIC MODEL
Meghalaya,South Garo Hills,2025-06-25,2025,06,29.1787404154,NRSC VIC MODEL
Meghalaya,South West Garo Hills,2025-06-04,2025,06,16.7037224759,NRSC VIC MODEL
Meghalaya,South West Garo Hills,2025-06-08,2025,06,14.7909583087,NRSC VIC MODEL
Meghalaya,South West Garo Hills,2025-06-11,2025,06,13.7221910482,NRSC VIC MODEL
Meghalaya,South West Garo Hills,2025-06-13,2025,06,13.7524028376,NRSC VIC MODEL
Meghalaya,South West Garo Hills,2025-06-18,2025,06,13.7609065622,NRSC VIC MODEL
Meghalaya,South West Garo Hills,2025-06-20,2025,06,14.5293101922,NRSC VIC MODEL
Meghalaya,South West Garo Hills,2025-06-23,2025,06,15.780876311,NRSC VIC MODEL
Meghalaya,South West Garo Hills,2025-06-27,2025,06,14.3902943903,NRSC VIC MODEL
Meghalaya,South West Khasi Hills,2025-06-03,2025,06,24.7800361151,NRSC VIC MODEL
Meghalaya,South West Khasi Hills,2025-06-10,2025,06,20.4348951046,NRSC VIC MODEL
Meghalaya,South West Khasi Hills,2025-06-13,2025,06,20.0852600836,NRSC VIC MODEL
Meghalaya,South West Khasi Hills,2025-06-16,2025,06,26.1855187454,NRSC VIC MODEL
Meghalaya,South West Khasi Hills,2025-06-18,2025,06,24.8633038196,NRSC VIC MODEL
Meghalaya,South West Khasi Hills,2025-06-19,2025,06,24.5867143968,NRSC VIC MODEL
Meghalaya,South West Khasi Hills,2025-06-20,2025,06,23.625944051,NRSC VIC MODEL
Meghalaya,West Garo Hills,2025-06-05,2025,06,28.2150993877,NRSC VIC MODEL
Meghalaya,West Garo Hills,2025-06-08,2025,06,26.02454632,NRSC VIC MODEL
Meghalaya,West Garo Hills,2025-06-13,2025,06,24.1711739839,NRSC VIC MODEL
Meghalaya,West Garo Hills,2025-06-22,2025,06,27.5805393689,NRSC VIC MODEL
Meghalaya,West Garo Hills,2025-06-24,2025,06,28.6580904611,NRSC VIC MODEL
Meghalaya,West Garo Hills,2025-06-25,2025,06,27.7175807072,NRSC VIC MODEL
Meghalaya,West Jaintia Hills,2025-06-02,2025,06,28.3712671567,NRSC VIC MODEL
Meghalaya,West Jaintia Hills,2025-06-04,2025,06,26.6693104122,NRSC VIC MODEL
Meghalaya,West Jaintia Hills,2025-06-13,2025,06,24.4543476526,NRSC VIC MODEL
Meghalaya,West Jaintia Hills,2025-06-28,2025,06,26.1937839754,NRSC VIC MODEL
Meghalaya,West Khasi Hills,2025-06-03,2025,06,32.3389463638,NRSC VIC MODEL
Meghalaya,West Khasi Hills,2025-06-08,2025,06,29.2138879226,NRSC VIC MODEL
Meghalaya,West Khasi Hills,2025-06-09,2025,06,29.2141015948,NRSC VIC MODEL
Meghalaya,West Khasi Hills,2025-06-11,2025,06,28.3111203446,NRSC VIC MODEL
Meghalaya,West Khasi Hills,2025-06-15,2025,06,31.8409210982,NRSC VIC MODEL
Meghalaya,East Garo Hills,2025-01-01,2025,01,15.793893098,NRSC VIC MODEL
Meghalaya,East Garo Hills,2025-01-15,2025,01,15.210845165,NRSC VIC MODEL
Meghalaya,East Garo Hills,2025-01-16,2025,01,15.1569829382,NRSC VIC MODEL
Meghalaya,East Garo Hills,2025-01-17,2025,01,15.1177971323,NRSC VIC MODEL
Meghalaya,East Garo Hills,2025-01-18,2025,01,15.075220167,NRSC VIC MODEL
Meghalaya,East Garo Hills,2025-01-22,2025,01,14.9112334379,NRSC VIC MODEL
Meghalaya,East Garo Hills,2025-01-23,2025,01,14.8835395466,NRSC VIC MODEL
Meghalaya,East Garo Hills,2025-01-26,2025,01,14.806262415,NRSC VIC MODEL
Meghalaya,East Garo Hills,2025-01-27,2025,01,14.7672932953,NRSC VIC MODEL
Meghalaya,East Garo Hills,2025-01-28,2025,01,14.7420565147,NRSC VIC MODEL
Meghalaya,East Garo Hills,2025-01-31,2025,01,14.6684100987,NRSC VIC MODEL
Meghalaya,East Jaintia Hills,2025-01-13,2025,01,17.3749455308,NRSC VIC MODEL
Meghalaya,East Jaintia Hills,2025-01-24,2025,01,17.2052470255,NRSC VIC MODEL
Meghalaya,East Jaintia Hills,2025-01-26,2025,01,17.1844025232,NRSC VIC MODEL
Meghalaya,East Jaintia Hills,2025-01-29,2025,01,17.1504249996,NRSC VIC MODEL
Meghalaya,East Jaintia Hills,2025-01-30,2025,01,17.1430933743,NRSC VIC MODEL
Meghalaya,East Khasi Hills,2025-01-04,2025,01,14.8034215849,NRSC VIC MODEL
Meghalaya,East Khasi Hills,2025-01-07,2025,01,14.6181440311,NRSC VIC MODEL
Meghalaya,East Khasi Hills,2025-01-09,2025,01,14.5318021788,NRSC VIC MODEL
Meghalaya,East Khasi Hills,2025-01-12,2025,01,14.3923379554,NRSC VIC MODEL
Meghalaya,East Khasi Hills,2025-01-24,2025,01,13.929184154,NRSC VIC MODEL
Meghalaya,North Garo Hills,2025-01-04,2025,01,14.6438833084,NRSC VIC MODEL
Meghalaya,North Garo Hills,2025-01-18,2025,01,14.3024004305,NRSC VIC MODEL
Meghalaya,North Garo Hills,2025-01-22,2025,01,14.1655744511,NRSC VIC MODEL
Meghalaya,North Garo Hills,2025-01-29,2025,01,13.9850235854,NRSC VIC MODEL
Meghalaya,Ri Bhoi,2025-01-13,2025,01,18.4279159312,NRSC VIC MODEL
Meghalaya,Ri Bhoi,2025-01-17,2025,01,18.1940863938,NRSC VIC MODEL
Meghalaya,Ri Bhoi,2025-01-21,2025,01,17.9770191914,NRSC VIC MODEL
Meghalaya,Ri Bhoi,2025-01-27,2025,01,17.7099202365,NRSC VIC MODEL
Meghalaya,Ri Bhoi,2025-01-28,2025,01,17.6804828452,NRSC VIC MODEL
Meghalaya,South Garo Hills,2025-01-02,2025,01,15.5100007541,NRSC VIC MODEL
Meghalaya,South Garo Hills,2025-01-07,2025,01,15.2499518367,NRSC VIC MODEL
Meghalaya,South Garo Hills,2025-01-15,2025,01,14.9137000868,NRSC VIC MODEL
Meghalaya,South Garo Hills,2025-01-20,2025,01,14.7235391251,NRSC VIC MODEL
Meghalaya,South Garo Hills,2025-01-21,2025,01,14.6950696279,NRSC VIC MODEL
Meghalaya,South West Garo Hills,2025-01-02,2025,01,8.766355959,NRSC VIC MODEL
Meghalaya,South West Garo Hills,2025-01-03,2025,01,8.7426863735,NRSC VIC MODEL
Meghalaya,South West Garo Hills,2025-01-05,2025,01,8.6986920716,NRSC VIC MODEL
Meghalaya,South West Garo Hills,2025-01-15,2025,01,8.5518895195,NRSC VIC MODEL
Meghalaya,South West Garo Hills,2025-01-18,2025,01,8.4942088691,NRSC VIC MODEL
Meghalaya,South West Garo Hills,2025-01-19,2025,01,8.4791722439,NRSC VIC MODEL
Meghalaya,South West Garo Hills,2025-01-24,2025,01,8.417909352,NRSC VIC MODEL
Meghalaya,South West Khasi Hills,2025-01-06,2025,01,13.0722686945,NRSC VIC MODEL
Meghalaya,South West Khasi Hills,2025-01-09,2025,01,13.0939433131,NRSC VIC MODEL
Meghalaya,South West Khasi Hills,2025-01-13,2025,01,13.1349863873,NRSC VIC MODEL
Meghalaya,South West Khasi Hills,2025-01-22,2025,01,12.6067353781,NRSC VIC MODEL
Meghalaya,West Garo Hills,2025-01-01,2025,01,17.1415540862,NRSC VIC MODEL
Meghalaya,West Garo Hills,2025-01-04,2025,01,17.0283945816,NRSC VIC MODEL
Meghalaya,West Garo Hills,2025-01-07,2025,01,16.89033903,NRSC VIC MODEL
Meghalaya,West Garo Hills,2025-01-10,2025,01,16.7948393157,NRSC VIC MODEL
Meghalaya,West Garo Hills,2025-01-11,2025,01,16.755058169,NRSC VIC MODEL
Meghalaya,West Garo Hills,2025-01-12,2025,01,16.7276760473,NRSC VIC MODEL
Meghalaya,West Garo Hills,2025-01-16,2025,01,16.6177853657,NRSC VIC MODEL
Meghalaya,West Garo Hills,2025-01-25,2025,01,16.4005797501,NRSC VIC MODEL
Meghalaya,West Jaintia Hills,2025-01-09,2025,01,15.7942141177,NRSC VIC MODEL
Meghalaya,West Jaintia Hills,2025-01-16,2025,01,15.5502707878,NRSC VIC MODEL
Meghalaya,West Jaintia Hills,2025-01-18,2025,01,15.4914584436,NRSC VIC MODEL
Meghalaya,West Jaintia Hills,2025-01-21,2025,01,15.4084488346,NRSC VIC MODEL
Meghalaya,West Jaintia Hills,2025-01-25,2025,01,15.3252561111,NRSC VIC MODEL
Meghalaya,West Jaintia Hills,2025-01-30,2025,01,15.2419035479,NRSC VIC MODEL
Meghalaya,West Khasi Hills,2025-01-09,2025,01,19.1442506364,NRSC VIC MODEL
Meghalaya,West Khasi Hills,2025-01-20,2025,01,18.2323394949,NRSC VIC MODEL
Meghalaya,West Khasi Hills,2025-01-23,2025,01,18.0235305376,NRSC VIC MODEL
Meghalaya,West Khasi Hills,2025-01-26,2025,01,17.820447304,NRSC VIC MODEL
Meghalaya,West Khasi Hills,2025-01-28,2025,01,17.6949024948,NRSC VIC MODEL
Meghalaya,West Khasi Hills,2025-01-30,2025,01,17.6212828971,NRSC VIC MODEL
Meghalaya,East Garo Hills,2025-02-01,2025,02,14.6481665065,NRSC VIC MODEL
Meghalaya,East Garo Hills,2025-02-13,2025,02,14.4424258177,NRSC VIC MODEL
Meghalaya,East Jaintia Hills,2025-02-08,2025,02,17.069936735,NRSC VIC MODEL
Meghalaya,East Jaintia Hills,2025-02-09,2025,02,12.2453760392,NRSC VIC MODEL
Meghalaya,East Jaintia Hills,2025-02-16,2025,02,12.2381091274,NRSC VIC MODEL
Meghalaya,East Jaintia Hills,2025-02-23,2025,02,12.4883281642,NRSC VIC MODEL
Meghalaya,East Khasi Hills,2025-02-03,2025,02,13.7018583124,NRSC VIC MODEL
Meghalaya,East Khasi Hills,2025-02-09,2025,02,13.5993930605,NRSC VIC MODEL
Meghalaya,East Khasi Hills,2025-02-10,2025,02,13.5813990732,NRSC VIC MODEL
Meghalaya,East Khasi Hills,2025-02-14,2025,02,13.594430121,NRSC VIC MODEL
Meghalaya,East Khasi Hills,2025-02-15,2025,02,13.578508708,NRSC VIC MODEL
Meghalaya,East Khasi Hills,2025-02-24,2025,02,14.5105537183,NRSC VIC MODEL
Meghalaya,East Khasi Hills,2025-02-26,2025,02,14.3550848855,NRSC VIC MODEL
Meghalaya,North Garo Hills,2025-02-01,2025,02,13.917587505,NRSC VIC MODEL
Meghalaya,North Garo Hills,2025-02-03,2025,02,13.8803773477,NRSC VIC MODEL
Meghalaya,North Garo Hills,2025-02-04,2025,02,13.8619185582,NRSC VIC MODEL
Meghalaya,North Garo Hills,2025-02-07,2025,02,13.8057512552,NRSC VIC MODEL
Meghalaya,North Garo Hills,2025-02-16,2025,02,13.6855323751,NRSC VIC MODEL
Meghalaya,North Garo Hills,2025-02-19,2025,02,13.663739012,NRSC VIC MODEL
Meghalaya,North Garo Hills,2025-02-20,2025,02,13.6491653878,NRSC VIC MODEL
Meghalaya,North Garo Hills,2025-02-21,2025,02,13.6428389817,NRSC VIC MODEL
Meghalaya,North Garo Hills,2025-02-23,2025,02,13.6172760364,NRSC VIC MODEL
Meghalaya,Ri Bhoi,2025-02-05,2025,02,13.2851495926,NRSC VIC MODEL
Meghalaya,Ri Bhoi,2025-02-06,2025,02,17.4330031191,NRSC VIC MODEL
Meghalaya,Ri Bhoi,2025-02-08,2025,02,17.3788515902,NRSC VIC MODEL
Meghalaya,Ri Bhoi,2025-02-15,2025,02,17.2397236711,NRSC VIC MODEL
Meghalaya,Ri Bhoi,2025-02-19,2025,02,17.177775965,NRSC VIC MODEL
Meghalaya,Ri Bhoi,2025-02-21,2025,02,17.1438186523,NRSC VIC MODEL
Meghalaya,Ri Bhoi,2025-02-24,2025,02,22.8735583125,NRSC VIC MODEL
Meghalaya,South Garo Hills,2025-02-01,2025,02,14.601362184,NRSC VIC MODEL
Meghalaya,South Garo Hills,2025-02-06,2025,02,14.5505872523,NRSC VIC MODEL
Meghalaya,South Garo Hills,2025-02-07,2025,02,14.5227891915,NRSC VIC MODEL
Meghalaya,South Garo Hills,2025-02-10,2025,02,14.5542762366,NRSC VIC MODEL
Meghalaya,South Garo Hills,2025-02-13,2025,02,14.4867992174,NRSC VIC MODEL
Meghalaya,South Garo Hills,2025-02-24,2025,02,16.0633278055,NRSC VIC MODEL
Meghalaya,South West Garo Hills,2025-02-01,2025,02,8.330319998,NRSC VIC MODEL
Meghalaya,South West Garo Hills,2025-02-13,2025,02,8.24714997,NRSC VIC MODEL
Meghalaya,South West Garo Hills,2025-02-24,2025,02,10.1075518682,NRSC VIC MODEL
Meghalaya,South West Garo Hills,2025-02-25,2025,02,10.0190725894,NRSC VIC MODEL
Meghalaya,South West Garo Hills,2025-02-27,2025,02,10.7183540503,NRSC VIC MODEL
Meghalaya,South West Khasi Hills,2025-02-04,2025,02,12.2110199006,NRSC VIC MODEL
Meghalaya,South West Khasi Hills,2025-02-07,2025,02,12.1028205346,NRSC VIC MODEL
Meghalaya,South West Khasi Hills,2025-02-09,2025,02,12.0527018257,NRSC VIC MODEL
Meghalaya,South West Khasi Hills,2025-02-27,2025,02,13.058212308,NRSC VIC MODEL
Meghalaya,West Garo Hills,2025-02-02,2025,02,16.3288501522,NRSC VIC MODEL
Meghalaya,West Garo Hills,2025-02-06,2025,02,16.299181069,NRSC VIC MODEL
Meghalaya,West Garo Hills,2025-02-15,2025,02,16.2030206919,NRSC VIC MODEL
Meghalaya,West Garo Hills,2025-02-17,2025,02,16.1765903113,NRSC VIC MODEL
Meghalaya,West Garo Hills,2025-02-18,2025,02,16.1896946158,NRSC VIC MODEL
Meghalaya,West Garo Hills,2025-02-21,2025,02,16.1429927311,NRSC VIC MODEL
Meghalaya,West Garo Hills,2025-02-23,2025,02,16.2150769216,NRSC VIC MODEL
Meghalaya,West Garo Hills,2025-02-26,2025,02,18.7315125558,NRSC VIC MODEL
Meghalaya,West Jaintia Hills,2025-02-01,2025,02,15.2086834154,NRSC VIC MODEL
Meghalaya,West Jaintia Hills,2025-02-28,2025,02,16.6028310253,NRSC VIC MODEL
Meghalaya,West Khasi Hills,2025-02-02,2025,02,17.4555930441,NRSC VIC MODEL
Meghalaya,West Khasi Hills,2025-02-06,2025,02,17.2577317947,NRSC VIC MODEL
Meghalaya,West Khasi Hills,2025-02-10,2025,02,17.1024915989,NRSC VIC MODEL
Meghalaya,West Khasi Hills,2025-02-22,2025,02,16.8339135154,NRSC VIC MODEL
Meghalaya,West Khasi Hills,2025-02-24,2025,02,21.6119476966,NRSC VIC MODEL
Meghalaya,West Khasi Hills,2025-02-27,2025,02,21.1802637589,NRSC VIC MODEL
Meghalaya,East Garo Hills,2025-04-07,2025,04,15.2113049666,NRSC VIC MODEL
Meghalaya,East Garo Hills,2025-04-11,2025,04,19.213172826,NRSC VIC MODEL
Meghalaya,East Garo Hills,2025-04-12,2025,04,19.0985139583,NRSC VIC MODEL
Meghalaya,East Garo Hills,2025-04-14,2025,04,22.5241958856,NRSC VIC MODEL
Meghalaya,East Garo Hills,2025-04-23,2025,04,28.6389449389,NRSC VIC MODEL
Meghalaya,East Garo Hills,2025-04-24,2025,04,25.4264024227,NRSC VIC MODEL
Meghalaya,East Garo Hills,2025-04-27,2025,04,27.6299711197,NRSC VIC MODEL
Meghalaya,East Jaintia Hills,2025-04-03,2025,04,13.4639433998,NRSC VIC MODEL
Meghalaya,East Jaintia Hills,2025-04-11,2025,04,15.1246757195,NRSC VIC MODEL
Meghalaya,East Jaintia Hills,2025-04-19,2025,04,14.2283184815,NRSC VIC MODEL
Meghalaya,East Jaintia Hills,2025-04-22,2025,04,2.5147614306,NRSC VIC MODEL
Meghalaya,East Jaintia Hills,2025-04-26,2025,04,22.1741127115,NRSC VIC MODEL
Meghalaya,East Khasi Hills,2025-04-06,2025,04,18.0440260293,NRSC VIC MODEL
Meghalaya,East Khasi Hills,2025-04-10,2025,04,21.098625625,NRSC VIC MODEL
Meghalaya,East Khasi Hills,2025-04-17,2025,04,21.6524883557,NRSC VIC MODEL
Meghalaya,East Khasi Hills,2025-04-21,2025,04,23.5300980348,NRSC VIC MODEL
Meghalaya,East Khasi Hills,2025-04-23,2025,04,28.0742632859,NRSC VIC MODEL
Meghalaya,North Garo Hills,2025-04-03,2025,04,14.3126217688,NRSC VIC MODEL
Meghalaya,North Garo Hills,2025-04-05,2025,04,14.372975945,NRSC VIC MODEL
Meghalaya,North Garo Hills,2025-04-15,2025,04,19.0405569189,NRSC VIC MODEL
Meghalaya,North Garo Hills,2025-04-18,2025,04,20.5606152435,NRSC VIC MODEL
Meghalaya,North Garo Hills,2025-04-21,2025,04,20.1088132195,NRSC VIC MODEL
Meghalaya,North Garo Hills,2025-04-25,2025,04,24.731655329,NRSC VIC MODEL
Meghalaya,North Garo Hills,2025-04-30,2025,04,22.4233536134,NRSC VIC MODEL
Meghalaya,Ri Bhoi,2025-04-01,2025,04,20.1910558477,NRSC VIC MODEL
Meghalaya,Ri Bhoi,2025-04-06,2025,04,19.5068083546,NRSC VIC MODEL
Meghalaya,South Garo Hills,2025-04-06,2025,04,14.8923774661,NRSC VIC MODEL
Meghalaya,South Garo Hills,2025-04-09,2025,04,15.556513624,NRSC VIC MODEL
Meghalaya,South Garo Hills,2025-04-13,2025,04,18.1553014392,NRSC VIC MODEL
Meghalaya,South Garo Hills,2025-04-24,2025,04,24.3001703906,NRSC VIC MODEL
Meghalaya,South Garo Hills,2025-04-26,2025,04,24.0831658758,NRSC VIC MODEL
Meghalaya,South Garo Hills,2025-04-30,2025,04,24.3289539593,NRSC VIC MODEL
Meghalaya,South West Garo Hills,2025-04-07,2025,04,8.9683530895,NRSC VIC MODEL
Meghalaya,South West Garo Hills,2025-04-16,2025,04,12.0459649073,NRSC VIC MODEL
Meghalaya,South West Garo Hills,2025-04-27,2025,04,13.6359018303,NRSC VIC MODEL
Meghalaya,South West Garo Hills,2025-04-29,2025,04,14.8141924239,NRSC VIC MODEL
Meghalaya,South West Khasi Hills,2025-04-03,2025,04,15.0797179289,NRSC VIC MODEL
Meghalaya,South West Khasi Hills,2025-04-04,2025,04,14.8269347594,NRSC VIC MODEL
Meghalaya,South West Khasi Hills,2025-04-05,2025,04,15.0246320977,NRSC VIC MODEL
Meghalaya,South West Khasi Hills,2025-04-11,2025,04,20.073663638,NRSC VIC MODEL
Meghalaya,South West Khasi Hills,2025-04-15,2025,04,18.8768486413,NRSC VIC MODEL
Meghalaya,South West Khasi Hills,2025-04-20,2025,04,19.0571342042,NRSC VIC MODEL
Meghalaya,South West Khasi Hills,2025-04-21,2025,04,18.9741577334,NRSC VIC MODEL
Meghalaya,South West Khasi Hills,2025-04-27,2025,04,25.3560493925,NRSC VIC MODEL
Meghalaya,West Garo Hills,2025-04-02,2025,04,16.8339083614,NRSC VIC MODEL
Meghalaya,West Garo Hills,2025-04-17,2025,04,24.0760343996,NRSC VIC MODEL
Meghalaya,West Garo Hills,2025-04-21,2025,04,23.9533349323,NRSC VIC MODEL
Meghalaya,West Garo Hills,2025-04-22,2025,04,6.9853096635,NRSC VIC MODEL
Meghalaya,West Garo Hills,2025-04-29,2025,04,27.1651772669,NRSC VIC MODEL
Meghalaya,West Jaintia Hills,2025-04-12,2025,04,21.7332490381,NRSC VIC MODEL
Meghalaya,West Jaintia Hills,2025-04-27,2025,04,27.6065589659,NRSC VIC MODEL
Meghalaya,West Jaintia Hills,2025-04-30,2025,04,24.8247578203,NRSC VIC MODEL
Meghalaya,West Khasi Hills,2025-04-01,2025,04,18.5506331607,NRSC VIC MODEL
Meghalaya,West Khasi Hills,2025-04-05,2025,04,19.0463315119,NRSC VIC MODEL
Meghalaya,West Khasi Hills,2025-04-06,2025,04,18.9066507409,NRSC VIC MODEL
Meghalaya,West Khasi Hills,2025-04-12,2025,04,23.8507241055,NRSC VIC MODEL
Meghalaya,West Khasi Hills,2025-04-14,2025,04,25.7162980101,NRSC VIC MODEL
Meghalaya,West Khasi Hills,2025-04-15,2025,04,26.3090825644,NRSC VIC MODEL
Meghalaya,West Khasi Hills,2025-04-18,2025,04,28.4021759583,NRSC VIC MODEL
Meghalaya,West Khasi Hills,2025-04-26,2025,04,29.052006035,NRSC VIC MODEL
Meghalaya,East Garo Hills,2025-03-03,2025,03,16.4692290735,NRSC VIC MODEL
Meghalaya,East Garo Hills,2025-03-15,2025,03,15.4673084985,NRSC VIC MODEL
Meghalaya,East Garo Hills,2025-03-18,2025,03,15.2862902084,NRSC VIC MODEL
Meghalaya,East Garo Hills,2025-03-24,2025,03,15.3745454005,NRSC VIC MODEL
Meghalaya,East Garo Hills,2025-03-27,2025,03,15.1986612498,NRSC VIC MODEL
Meghalaya,East Garo Hills,2025-03-31,2025,03,15.0129871345,NRSC VIC MODEL
Meghalaya,East Jaintia Hills,2025-03-01,2025,03,13.2524768416,NRSC VIC MODEL
Meghalaya,East Jaintia Hills,2025-03-17,2025,03,13.5116596327,NRSC VIC MODEL
Meghalaya,East Jaintia Hills,2025-03-20,2025,03,13.1723379955,NRSC VIC MODEL
Meghalaya,East Khasi Hills,2025-03-02,2025,03,14.1373608121,NRSC VIC MODEL
Meghalaya,East Khasi Hills,2025-03-17,2025,03,17.3267858117,NRSC VIC MODEL
Meghalaya,East Khasi Hills,2025-03-18,2025,03,17.0599577929,NRSC VIC MODEL
Meghalaya,East Khasi Hills,2025-03-21,2025,03,16.389526975,NRSC VIC MODEL
Meghalaya,East Khasi Hills,2025-03-24,2025,03,17.7208606708,NRSC VIC MODEL
Meghalaya,East Khasi Hills,2025-03-25,2025,03,17.3952984509,NRSC VIC MODEL
Meghalaya,East Khasi Hills,2025-03-30,2025,03,16.1854458576,NRSC VIC MODEL
Meghalaya,North Garo Hills,2025-03-09,2025,03,15.3245680332,NRSC VIC MODEL
Meghalaya,North Garo Hills,2025-03-12,2025,03,15.0821379122,NRSC VIC MODEL
Meghalaya,North Garo Hills,2025-03-14,2025,03,14.9543624845,NRSC VIC MODEL
Meghalaya,North Garo Hills,2025-03-17,2025,03,14.7504729571,NRSC VIC MODEL
Meghalaya,North Garo Hills,2025-03-27,2025,03,14.6134651901,NRSC VIC MODEL
Meghalaya,Ri Bhoi,2025-03-03,2025,03,21.0966391264,NRSC VIC MODEL
Meghalaya,Ri Bhoi,2025-03-09,2025,03,20.0668590353,NRSC VIC MODEL
Meghalaya,Ri Bhoi,2025-03-11,2025,03,19.7602872245,NRSC VIC MODEL
Meghalaya,Ri Bhoi,2025-03-21,2025,03,18.6444648011,NRSC VIC MODEL
Meghalaya,Ri Bhoi,2025-03-22,2025,03,18.653006272,NRSC VIC MODEL
Meghalaya,Ri Bhoi,2025-03-26,2025,03,21.4026125703,NRSC VIC MODEL
Meghalaya,Ri Bhoi,2025-03-30,2025,03,20.453528302,NRSC VIC MODEL
Meghalaya,South Garo Hills,2025-03-08,2025,03,15.424045253,NRSC VIC MODEL
Meghalaya,South Garo Hills,2025-03-10,2025,03,15.2857491912,NRSC VIC MODEL
Meghalaya,South Garo Hills,2025-03-13,2025,03,15.1180504903,NRSC VIC MODEL
Meghalaya,South Garo Hills,2025-03-16,2025,03,15.4529187446,NRSC VIC MODEL
Meghalaya,South Garo Hills,2025-03-24,2025,03,15.2342087748,NRSC VIC MODEL
Meghalaya,South West Garo Hills,2025-03-08,2025,03,9.8213364963,NRSC VIC MODEL
Meghalaya,South West Garo Hills,2025-03-10,2025,03,9.6713210719,NRSC VIC MODEL
Meghalaya,South West Khasi Hills,2025-03-08,2025,03,12.3943905666,NRSC VIC MODEL
Meghalaya,South West Khasi Hills,2025-03-10,2025,03,12.2909507549,NRSC VIC MODEL
Meghalaya,South West Khasi Hills,2025-03-11,2025,03,12.2430831844,NRSC VIC MODEL
Meghalaya,South West Khasi Hills,2025-03-14,2025,03,12.4100820905,NRSC VIC MODEL
Meghalaya,South West Khasi Hills,2025-03-16,2025,03,14.1868540065,NRSC VIC MODEL
Meghalaya,South West Khasi Hills,2025-03-22,2025,03,13.406623356,NRSC VIC MODEL
Meghalaya,South West Khasi Hills,2025-03-28,2025,03,13.1109779616,NRSC VIC MODEL
Meghalaya,South West Khasi Hills,2025-03-30,2025,03,12.9283679662,NRSC VIC MODEL
Meghalaya,West Garo Hills,2025-03-16,2025,03,17.4695199369,NRSC VIC MODEL
Meghalaya,West Garo Hills,2025-03-23,2025,03,17.3678377043,NRSC VIC MODEL
Meghalaya,West Garo Hills,2025-03-24,2025,03,17.2904347726,NRSC VIC MODEL
Meghalaya,West Jaintia Hills,2025-03-04,2025,03,16.1785603363,NRSC VIC MODEL
Meghalaya,West Jaintia Hills,2025-03-15,2025,03,16.3099690412,NRSC VIC MODEL
Meghalaya,West Jaintia Hills,2025-03-18,2025,03,16.0077572057,NRSC VIC MODEL
Meghalaya,West Jaintia Hills,2025-03-21,2025,03,15.7557922341,NRSC VIC MODEL
Meghalaya,West Jaintia Hills,2025-03-28,2025,03,16.1620494508,NRSC VIC MODEL
Meghalaya,West Khasi Hills,2025-03-07,2025,03,19.5268802823,NRSC VIC MODEL
Meghalaya,West Khasi Hills,2025-03-09,2025,03,19.1995331478,NRSC VIC MODEL
Meghalaya,West Khasi Hills,2025-03-10,2025,03,19.0479204086,NRSC VIC MODEL
Meghalaya,West Khasi Hills,2025-03-15,2025,03,18.592139728,NRSC VIC MODEL
Meghalaya,West Khasi Hills,2025-03-20,2025,03,18.3989837967,NRSC VIC MODEL
Meghalaya,West Khasi Hills,2025-03-21,2025,03,18.3108802681,NRSC VIC MODEL
Meghalaya,West Khasi Hills,2025-03-25,2025,03,19.6199931972,NRSC VIC MODEL
Meghalaya,East Garo Hills,2025-05-01,2025,05,25.020889306,NRSC VIC MODEL
Meghalaya,East Garo Hills,2025-05-06,2025,05,27.9125386138,NRSC VIC MODEL
Meghalaya,East Garo Hills,2025-05-08,2025,05,24.9849113825,NRSC VIC MODEL
Meghalaya,East Garo Hills,2025-05-10,2025,05,24.0916106194,NRSC VIC MODEL
Meghalaya,East Garo Hills,2025-05-15,2025,05,28.5954338883,NRSC VIC MODEL
Meghalaya,East Garo Hills,2025-05-18,2025,05,28.923684619,NRSC VIC MODEL
Meghalaya,East Garo Hills,2025-05-21,2025,05,27.2274108611,NRSC VIC MODEL
Meghalaya,East Jaintia Hills,2025-05-01,2025,05,19.9297506322,NRSC VIC MODEL
Meghalaya,East Jaintia Hills,2025-05-02,2025,05,19.7631922866,NRSC VIC MODEL
Meghalaya,East Jaintia Hills,2025-05-08,2025,05,17.2940620756,NRSC VIC MODEL
Meghalaya,East Jaintia Hills,2025-05-23,2025,05,21.1023762995,NRSC VIC MODEL
Meghalaya,East Jaintia Hills,2025-05-30,2025,05,23.8189495469,NRSC VIC MODEL
Meghalaya,East Khasi Hills,2025-05-04,2025,05,24.8841990928,NRSC VIC MODEL
Meghalaya,East Khasi Hills,2025-05-15,2025,05,29.1661392643,NRSC VIC MODEL
Meghalaya,East Khasi Hills,2025-05-18,2025,05,30.2361119269,NRSC VIC MODEL
Meghalaya,East Khasi Hills,2025-05-29,2025,05,29.7355001151,NRSC VIC MODEL
Meghalaya,East Khasi Hills,2025-05-31,2025,05,30.9046335265,NRSC VIC MODEL
Meghalaya,North Garo Hills,2025-05-03,2025,05,22.0824918622,NRSC VIC MODEL
Meghalaya,North Garo Hills,2025-05-20,2025,05,24.4779992659,NRSC VIC MODEL
Meghalaya,North Garo Hills,2025-05-21,2025,05,23.1625000642,NRSC VIC MODEL
Meghalaya,North Garo Hills,2025-05-26,2025,05,23.0804016347,NRSC VIC MODEL
Meghalaya,North Garo Hills,2025-05-29,2025,05,21.9992062298,NRSC VIC MODEL
Meghalaya,Ri Bhoi,2025-05-06,2025,05,28.2126417882,NRSC VIC MODEL
Meghalaya,Ri Bhoi,2025-05-07,2025,05,27.044785312,NRSC VIC MODEL
Meghalaya,Ri Bhoi,2025-05-09,2025,05,27.2900098521,NRSC VIC MODEL
Meghalaya,Ri Bhoi,2025-05-16,2025,05,27.2883516556,NRSC VIC MODEL
Meghalaya,Ri Bhoi,2025-05-18,2025,05,29.8035523299,NRSC VIC MODEL
Meghalaya,Ri Bhoi,2025-05-20,2025,05,30.5622269601,NRSC VIC MODEL
Meghalaya,Ri Bhoi,2025-05-26,2025,05,28.7796488242,NRSC VIC MODEL
Meghalaya,Ri Bhoi,2025-05-31,2025,05,30.3114740739,NRSC VIC MODEL
Meghalaya,South Garo Hills,2025-05-04,2025,05,23.3213905888,NRSC VIC MODEL
Meghalaya,South Garo Hills,2025-05-06,2025,05,24.3106868932,NRSC VIC MODEL
Meghalaya,South Garo Hills,2025-05-10,2025,05,22.2540795974,NRSC VIC MODEL
Meghalaya,South Garo Hills,2025-05-15,2025,05,28.832526879,NRSC VIC MODEL
Meghalaya,South Garo Hills,2025-05-17,2025,05,28.1304640381,NRSC VIC MODEL
Meghalaya,South Garo Hills,2025-05-26,2025,05,27.3163057563,NRSC VIC MODEL
Meghalaya,South Garo Hills,2025-05-28,2025,05,25.0474842269,NRSC VIC MODEL
Meghalaya,South West Garo Hills,2025-05-17,2025,05,17.1545434446,NRSC VIC MODEL
Meghalaya,South West Garo Hills,2025-05-19,2025,05,17.5430241154,NRSC VIC MODEL
Meghalaya,South West Khasi Hills,2025-05-03,2025,05,20.6533603361,NRSC VIC MODEL
Meghalaya,South West Khasi Hills,2025-05-04,2025,05,20.2172111184,NRSC VIC MODEL
Meghalaya,South West Khasi Hills,2025-05-07,2025,05,19.5540572478,NRSC VIC MODEL
Meghalaya,South West Khasi Hills,2025-05-21,2025,05,24.1974877278,NRSC VIC MODEL
Meghalaya,South West Khasi Hills,2025-05-25,2025,05,21.2688619848,NRSC VIC MODEL
Meghalaya,South West Khasi Hills,2025-05-29,2025,05,22.5072064007,NRSC VIC MODEL
Meghalaya,South West Khasi Hills,2025-05-30,2025,05,25.8307416092,NRSC VIC MODEL
Meghalaya,West Garo Hills,2025-05-02,2025,05,27.0867711499,NRSC VIC MODEL
Meghalaya,West Garo Hills,2025-05-16,2025,05,28.104329457,NRSC VIC MODEL
Meghalaya,West Jaintia Hills,2025-05-01,2025,05,24.5202784209,NRSC VIC MODEL
Meghalaya,West Jaintia Hills,2025-05-02,2025,05,25.6647696956,NRSC VIC MODEL
Meghalaya,West Jaintia Hills,2025-05-03,2025,05,24.5581451017,NRSC VIC MODEL
Meghalaya,West Jaintia Hills,2025-05-05,2025,05,23.659002438,NRSC VIC MODEL
Meghalaya,West Jaintia Hills,2025-05-15,2025,05,27.9926861977,NRSC VIC MODEL
Meghalaya,West Jaintia Hills,2025-05-19,2025,05,26.2343086295,NRSC VIC MODEL
Meghalaya,West Jaintia Hills,2025-05-26,2025,05,27.6812543083,NRSC VIC MODEL
Meghalaya,West Khasi Hills,2025-05-02,2025,05,30.4670352541,NRSC VIC MODEL
Meghalaya,West Khasi Hills,2025-05-07,2025,05,28.886887155,NRSC VIC MODEL
Meghalaya,West Khasi Hills,2025-05-10,2025,05,28.6317547398,NRSC VIC MODEL
Meghalaya,West Khasi Hills,2025-05-18,2025,05,32.0956775028,NRSC VIC MODEL
Meghalaya,West Khasi Hills,2025-05-19,2025,05,30.1522154554,NRSC VIC MODEL
Meghalaya,West Khasi Hills,2025-05-21,2025,05,30.9824225826,NRSC VIC MODEL
Meghalaya,East Garo Hills,2025-06-07,2025,06,26.5581310282,NRSC VIC MODEL
Meghalaya,East Garo Hills,2025-06-11,2025,06,24.0061742444,NRSC VIC MODEL
Meghalaya,East Garo Hills,2025-06-12,2025,06,24.0981649706,NRSC VIC MODEL
Meghalaya,East Garo Hills,2025-06-20,2025,06,26.5945193195,NRSC VIC MODEL
Meghalaya,East Jaintia Hills,2025-06-03,2025,06,21.3772607648,NRSC VIC MODEL
Meghalaya,East Jaintia Hills,2025-06-05,2025,06,20.6528668742,NRSC VIC MODEL
Meghalaya,East Jaintia Hills,2025-06-06,2025,06,19.9859705188,NRSC VIC MODEL
Meghalaya,East Jaintia Hills,2025-06-20,2025,06,21.1769626184,NRSC VIC MODEL
Meghalaya,East Jaintia Hills,2025-06-29,2025,06,19.6769943979,NRSC VIC MODEL
Meghalaya,East Khasi Hills,2025-06-04,2025,06,29.4397202577,NRSC VIC MODEL
Meghalaya,East Khasi Hills,2025-06-06,2025,06,29.6820283579,NRSC VIC MODEL
Meghalaya,East Khasi Hills,2025-06-07,2025,06,27.8140402238,NRSC VIC MODEL
Meghalaya,East Khasi Hills,2025-06-12,2025,06,24.6704335611,NRSC VIC MODEL
Meghalaya,East Khasi Hills,2025-06-18,2025,06,29.9235078849,NRSC VIC MODEL
Meghalaya,East Khasi Hills,2025-06-19,2025,06,29.6378794374,NRSC VIC MODEL
Meghalaya,East Khasi Hills,2025-06-21,2025,06,29.1775943618,NRSC VIC MODEL
Meghalaya,East Khasi Hills,2025-06-26,2025,06,29.7174493925,NRSC VIC MODEL
Meghalaya,North Garo Hills,2025-06-05,2025,06,23.8762895126,NRSC VIC MODEL
Meghalaya,North Garo Hills,2025-06-09,2025,06,22.0967532838,NRSC VIC MODEL
Meghalaya,North Garo Hills,2025-06-12,2025,06,21.0238457011,NRSC VIC MODEL
Meghalaya,North Garo Hills,2025-06-17,2025,06,20.6489346525,NRSC VIC MODEL
Meghalaya,North Garo Hills,2025-06-20,2025,06,22.4331391566,NRSC VIC MODEL
Meghalaya,North Garo Hills,2025-06-26,2025,06,22.4298628831,NRSC VIC MODEL
Meghalaya,North Garo Hills,2025-06-27,2025,06,21.9240368097,NRSC VIC MODEL
Meghalaya,North Garo Hills,2025-06-29,2025,06,21.5078933718,NRSC VIC MODEL
Meghalaya,Ri Bhoi,2025-06-02,2025,06,29.8042098302,NRSC VIC MODEL
Meghalaya,Ri Bhoi,2025-06-05,2025,06,30.4199217015,NRSC VIC MODEL
Meghalaya,Ri Bhoi,2025-06-19,2025,06,29.2728639533,NRSC VIC MODEL
Meghalaya,Ri Bhoi,2025-06-21,2025,06,28.2427780769,NRSC VIC MODEL
Meghalaya,South Garo Hills,2025-06-03,2025,06,26.7077220369,NRSC VIC MODEL
Meghalaya,South Garo Hills,2025-06-05,2025,06,26.4743011036,NRSC VIC MODEL
Meghalaya,South Garo Hills,2025-06-10,2025,06,22.9336306362,NRSC VIC MODEL
Meghalaya,South Garo Hills,2025-06-12,2025,06,23.2665814424,NRSC VIC MODEL
Meghalaya,South Garo Hills,2025-06-14,2025,06,22.9991443837,NRSC VIC MODEL
Meghalaya,South Garo Hills,2025-06-20,2025,06,25.1159363475,NRSC VIC MODEL
Meghalaya,South Garo Hills,2025-06-21,2025,06,24.702326567,NRSC VIC MODEL
Meghalaya,South Garo Hills,2025-06-22,2025,06,27.6834572304,NRSC VIC MODEL
Meghalaya,South Garo Hills,2025-06-24,2025,06,26.7294069062,NRSC VIC MODEL
Meghalaya,South Garo Hills,2025-06-28,2025,06,24.9689102346,NRSC VIC MODEL
Meghalaya,South Garo Hills,2025-06-29,2025,06,24.2518821125,NRSC VIC MODEL
Meghalaya,South Garo Hills,2025-06-30,2025,06,25.8922268852,NRSC VIC MODEL
Meghalaya,South West Garo Hills,2025-06-07,2025,06,15.2876404023,NRSC VIC MODEL
Meghalaya,South West Garo Hills,2025-06-19,2025,06,13.7569186355,NRSC VIC MODEL
Meghalaya,South West Garo Hills,2025-06-21,2025,06,14.176553137,NRSC VIC MODEL
Meghalaya,South West Garo Hills,2025-06-22,2025,06,14.9659095723,NRSC VIC MODEL
Meghalaya,South West Garo Hills,2025-06-30,2025,06,13.8994397361,NRSC VIC MODEL
Meghalaya,South West Khasi Hills,2025-06-01,2025,06,25.6458132335,NRSC VIC MODEL
Meghalaya,South West Khasi Hills,2025-06-04,2025,06,24.6963714911,NRSC VIC MODEL
Meghalaya,South West Khasi Hills,2025-06-06,2025,06,24.8260665386,NRSC VIC MODEL
Meghalaya,South West Khasi Hills,2025-06-08,2025,06,22.0314054441,NRSC VIC MODEL
Meghalaya,South West Khasi Hills,2025-06-09,2025,06,21.0723044448,NRSC VIC MODEL
Meghalaya,South West Khasi Hills,2025-06-21,2025,06,22.8789395618,NRSC VIC MODEL
Meghalaya,West Garo Hills,2025-06-02,2025,06,29.658001841,NRSC VIC MODEL
Meghalaya,West Garo Hills,2025-06-18,2025,06,25.5897858432,NRSC VIC MODEL
Meghalaya,West Garo Hills,2025-06-26,2025,06,26.9072057811,NRSC VIC MODEL
Meghalaya,West Jaintia Hills,2025-06-03,2025,06,26.4997971517,NRSC VIC MODEL
Meghalaya,West Jaintia Hills,2025-06-10,2025,06,24.0661933685,NRSC VIC MODEL
Meghalaya,West Jaintia Hills,2025-06-15,2025,06,27.3230203381,NRSC VIC MODEL
Meghalaya,West Jaintia Hills,2025-06-18,2025,06,27.5435541934,NRSC VIC MODEL
Meghalaya,West Jaintia Hills,2025-06-19,2025,06,26.594730424,NRSC VIC MODEL
Meghalaya,West Jaintia Hills,2025-06-21,2025,06,25.4778382915,NRSC VIC MODEL
Meghalaya,West Jaintia Hills,2025-06-27,2025,06,25.6327703535,NRSC VIC MODEL
Meghalaya,West Jaintia Hills,2025-06-30,2025,06,26.5724551193,NRSC VIC MODEL
Meghalaya,West Khasi Hills,2025-06-02,2025,06,33.8120702493,NRSC VIC MODEL
Meghalaya,West Khasi Hills,2025-06-20,2025,06,31.8792171085,NRSC VIC MODEL
Meghalaya,East Garo Hills,2025-01-03,2025,01,15.7085367841,NRSC VIC MODEL
Meghalaya,East Garo Hills,2025-01-08,2025,01,15.4952919494,NRSC VIC MODEL
Meghalaya,East Garo Hills,2025-01-12,2025,01,15.2831943382,NRSC VIC MODEL
Meghalaya,East Garo Hills,2025-01-19,2025,01,15.0244511573,NRSC VIC MODEL
Meghalaya,East Garo Hills,2025-01-21,2025,01,14.9517480915,NRSC VIC MODEL
Meghalaya,East Garo Hills,2025-01-29,2025,01,14.7180357492,NRSC VIC MODEL
Meghalaya,East Garo Hills,2025-01-30,2025,01,14.6929191478,NRSC VIC MODEL
Meghalaya,East Jaintia Hills,2025-01-01,2025,01,17.7185946064,NRSC VIC MODEL
Meghalaya,East Jaintia Hills,2025-01-11,2025,01,17.4200434066,NRSC VIC MODEL
Meghalaya,East Jaintia Hills,2025-01-14,2025,01,17.3548073359,NRSC VIC MODEL
Meghalaya,East Jaintia Hills,2025-01-17,2025,01,17.2981350697,NRSC VIC MODEL
Meghalaya,East Jaintia Hills,2025-01-19,2025,01,17.2679832382,NRSC VIC MODEL
Meghalaya,East Jaintia Hills,2025-01-21,2025,01,17.2383033985,NRSC VIC MODEL
Meghalaya,East Jaintia Hills,2025-01-27,2025,01,17.1696104101,NRSC VIC MODEL
Meghalaya,East Khasi Hills,2025-01-02,2025,01,14.9101268988,NRSC VIC MODEL
Meghalaya,East Khasi Hills,2025-01-15,2025,01,14.2643075752,NRSC VIC MODEL
Meghalaya,East Khasi Hills,2025-01-17,2025,01,14.175524981,NRSC VIC MODEL
Meghalaya,East Khasi Hills,2025-01-25,2025,01,13.8951988023,NRSC VIC MODEL
Meghalaya,East Khasi Hills,2025-01-26,2025,01,13.870569552,NRSC VIC MODEL
Meghalaya,East Khasi Hills,2025-01-27,2025,01,13.8392573238,NRSC VIC MODEL
Meghalaya,East Khasi Hills,2025-01-28,2025,01,13.8186872646,NRSC VIC MODEL
Meghalaya,North Garo Hills,2025-01-01,2025,01,14.7505792922,NRSC VIC MODEL
Meghalaya,North Garo Hills,2025-01-05,2025,01,14.5919395163,NRSC VIC MODEL
Meghalaya,North Garo Hills,2025-01-06,2025,01,14.5456625629,NRSC VIC MODEL
Meghalaya,North Garo Hills,2025-01-07,2025,01,14.5028064369,NRSC VIC MODEL
Meghalaya,North Garo Hills,2025-01-08,2025,01,14.6587914362,NRSC VIC MODEL
Meghalaya,North Garo Hills,2025-01-12,2025,01,14.4952443861,NRSC VIC MODEL
Meghalaya,North Garo Hills,2025-01-13,2025,01,14.5086278964,NRSC VIC MODEL
Meghalaya,North Garo Hills,2025-01-25,2025,01,14.089764335,NRSC VIC MODEL
Meghalaya,North Garo Hills,2025-01-26,2025,01,14.0622698166,NRSC VIC MODEL
Meghalaya,North Garo Hills,2025-01-27,2025,01,14.0316511948,NRSC VIC MODEL
Meghalaya,North Garo Hills,2025-01-28,2025,01,14.0054009867,NRSC VIC MODEL
Meghalaya,Ri Bhoi,2025-01-04,2025,01,18.4824646018,NRSC VIC MODEL
Meghalaya,Ri Bhoi,2025-01-08,2025,01,18.7410031053,NRSC VIC MODEL
Meghalaya,Ri Bhoi,2025-01-10,2025,01,18.631070687,NRSC VIC MODEL
Meghalaya,Ri Bhoi,2025-01-11,2025,01,18.5536172175,NRSC VIC MODEL
Meghalaya,Ri Bhoi,2025-01-18,2025,01,18.1370789693,NRSC VIC MODEL
Meghalaya,Ri Bhoi,2025-01-20,2025,01,18.0320348696,NRSC VIC MODEL
Meghalaya,Ri Bhoi,2025-01-26,2025,01,17.7598968541,NRSC VIC MODEL
Meghalaya,South Garo Hills,2025-01-05,2025,01,15.3554361601,NRSC VIC MODEL
Meghalaya,South Garo Hills,2025-01-08,2025,01,15.2231201622,NRSC VIC MODEL
Meghalaya,South Garo Hills,2025-01-09,2025,01,15.1698926662,NRSC VIC MODEL
Meghalaya,South Garo Hills,2025-01-13,2025,01,14.9979233171,NRSC VIC MODEL
Meghalaya,South Garo Hills,2025-01-18,2025,01,14.7880297264,NRSC VIC MODEL
Meghalaya,South Garo Hills,2025-01-19,2025,01,14.7665720336,NRSC VIC MODEL
Meghalaya,South Garo Hills,2025-01-23,2025,01,14.6408813318,NRSC VIC MODEL
Meghalaya,South Garo Hills,2025-01-27,2025,01,14.5418813971,NRSC VIC MODEL
Meghalaya,South West Garo Hills,2025-01-04,2025,01,8.715059939,NRSC VIC MODEL
Meghalaya,South West Garo Hills,2025-01-07,2025,01,8.6480864713,NRSC VIC MODEL
Meghalaya,South West Garo Hills,2025-01-08,2025,01,8.6360035795,NRSC VIC MODEL
Meghalaya,South West Garo Hills,2025-01-13,2025,01,8.5938852608,NRSC VIC MODEL
Meghalaya,South West Garo Hills,2025-01-16,2025,01,8.534142525,NRSC VIC MODEL
Meghalaya,South West Garo Hills,2025-01-21,2025,01,8.4531075365,NRSC VIC MODEL
Meghalaya,South West Garo Hills,2025-01-25,2025,01,8.4110380013,NRSC VIC MODEL
Meghalaya,South West Garo Hills,2025-01-28,2025,01,8.3723895332,NRSC VIC MODEL
Meghalaya,South West Garo Hills,2025-01-29,2025,01,8.3605885453,NRSC VIC MODEL
Meghalaya,South West Khasi Hills,2025-01-11,2025,01,13.2533464669,NRSC VIC MODEL
Meghalaya,South West Khasi Hills,2025-01-28,2025,01,12.3508426606,NRSC VIC MODEL
Meghalaya,West Garo Hills,2025-01-02,2025,01,17.109742875,NRSC VIC MODEL
Meghalaya,West Garo Hills,2025-01-13,2025,01,16.7186611121,NRSC VIC MODEL
Meghalaya,West Garo Hills,2025-01-23,2025,01,16.4355036379,NRSC VIC MODEL
Meghalaya,West Garo Hills,2025-01-28,2025,01,16.3388549931,NRSC VIC MODEL
Meghalaya,West Jaintia Hills,2025-01-02,2025,01,16.1051013983,NRSC VIC MODEL
Meghalaya,West Jaintia Hills,2025-01-04,2025,01,16.013466244,NRSC VIC MODEL
Meghalaya,West Jaintia Hills,2025-01-10,2025,01,15.7566709017,NRSC VIC MODEL
Meghalaya,West Jaintia Hills,2025-01-11,2025,01,15.7225604588,NRSC VIC MODEL
Meghalaya,West Jaintia Hills,2025-01-15,2025,01,15.5809218835,NRSC VIC MODEL
Meghalaya,West Jaintia Hills,2025-01-22,2025,01,15.387264035,NRSC VIC MODEL
Meghalaya,West Khasi Hills,2025-01-11,2025,01,18.9742549837,NRSC VIC MODEL
Meghalaya,West Khasi Hills,2025-01-16,2025,01,18.5516454219,NRSC VIC MODEL
Meghalaya,West Khasi Hills,2025-01-17,2025,01,18.4625704647,NRSC VIC MODEL
Meghalaya,West Khasi Hills,2025-01-21,2025,01,18.1598137771,NRSC VIC MODEL
Meghalaya,West Khasi Hills,2025-01-24,2025,01,17.9515307704,NRSC VIC MODEL
Meghalaya,West Khasi Hills,2025-01-25,2025,01,17.8900309251,NRSC VIC MODEL
Meghalaya,West Khasi Hills,2025-01-29,2025,01,17.6377034847,NRSC VIC MODEL
Meghalaya,South West Garo Hills,2025-02-17,2025,02,8.2283309653,NRSC VIC MODEL
Meghalaya,South West Garo Hills,2025-02-20,2025,02,8.2109536684,NRSC VIC MODEL
Meghalaya,South West Garo Hills,2025-02-28,2025,02,10.5962107728,NRSC VIC MODEL
Meghalaya,South West Khasi Hills,2025-02-01,2025,02,12.3249538655,NRSC VIC MODEL
Meghalaya,South West Khasi Hills,2025-02-05,2025,02,5.7578895417,NRSC VIC MODEL
Meghalaya,South West Khasi Hills,2025-02-15,2025,02,11.9088593627,NRSC VIC MODEL
Meghalaya,South West Khasi Hills,2025-02-17,2025,02,11.8744547067,NRSC VIC MODEL
Meghalaya,South West Khasi Hills,2025-02-24,2025,02,13.0080265578,NRSC VIC MODEL
Meghalaya,West Garo Hills,2025-02-01,2025,02,16.3450040672,NRSC VIC MODEL
Meghalaya,West Garo Hills,2025-02-04,2025,02,16.3392292559,NRSC VIC MODEL
Meghalaya,West Garo Hills,2025-02-07,2025,02,16.2830054746,NRSC VIC MODEL
Meghalaya,West Garo Hills,2025-02-16,2025,02,16.1897530966,NRSC VIC MODEL
Meghalaya,West Garo Hills,2025-02-24,2025,02,18.9822364086,NRSC VIC MODEL
Meghalaya,West Garo Hills,2025-02-27,2025,02,19.3062152283,NRSC VIC MODEL
Meghalaya,West Jaintia Hills,2025-02-02,2025,02,15.2037377038,NRSC VIC MODEL
Meghalaya,West Jaintia Hills,2025-02-09,2025,02,14.9467139076,NRSC VIC MODEL
Meghalaya,West Jaintia Hills,2025-02-13,2025,02,14.9115603983,NRSC VIC MODEL
Meghalaya,West Jaintia Hills,2025-02-17,2025,02,14.8768242217,NRSC VIC MODEL
Meghalaya,West Jaintia Hills,2025-02-18,2025,02,14.9198843336,NRSC VIC MODEL
Meghalaya,West Jaintia Hills,2025-02-19,2025,02,14.9092937861,NRSC VIC MODEL
Meghalaya,West Khasi Hills,2025-02-01,2025,02,17.5070587903,NRSC VIC MODEL
Meghalaya,West Khasi Hills,2025-02-08,2025,02,17.1667850011,NRSC VIC MODEL
Meghalaya,West Khasi Hills,2025-02-13,2025,02,17.0038953827,NRSC VIC MODEL
Meghalaya,West Khasi Hills,2025-02-17,2025,02,16.9046544138,NRSC VIC MODEL
Meghalaya,West Khasi Hills,2025-02-20,2025,02,16.8397721134,NRSC VIC MODEL
Meghalaya,West Khasi Hills,2025-02-28,2025,02,20.9360006831,NRSC VIC MODEL
Meghalaya,East Garo Hills,2025-02-02,2025,02,14.6296553244,NRSC VIC MODEL
Meghalaya,East Garo Hills,2025-02-16,2025,02,14.4116445334,NRSC VIC MODEL
Meghalaya,East Garo Hills,2025-02-19,2025,02,14.3700969669,NRSC VIC MODEL
Meghalaya,East Garo Hills,2025-02-22,2025,02,14.3442104287,NRSC VIC MODEL
Meghalaya,East Garo Hills,2025-02-25,2025,02,16.9992014672,NRSC VIC MODEL
Meghalaya,East Jaintia Hills,2025-02-02,2025,02,17.1216181229,NRSC VIC MODEL
Meghalaya,East Jaintia Hills,2025-02-04,2025,02,17.1020379613,NRSC VIC MODEL
Meghalaya,East Jaintia Hills,2025-02-05,2025,02,1.7846136749,NRSC VIC MODEL
Meghalaya,East Jaintia Hills,2025-02-06,2025,02,17.080082945,NRSC VIC MODEL
Meghalaya,East Jaintia Hills,2025-02-20,2025,02,12.2872527942,NRSC VIC MODEL
Meghalaya,East Jaintia Hills,2025-02-22,2025,02,12.4696697199,NRSC VIC MODEL
Meghalaya,East Jaintia Hills,2025-02-27,2025,02,13.4371998879,NRSC VIC MODEL
Meghalaya,East Khasi Hills,2025-02-02,2025,02,13.722225314,NRSC VIC MODEL
Meghalaya,East Khasi Hills,2025-02-16,2025,02,13.5705606452,NRSC VIC MODEL
Meghalaya,East Khasi Hills,2025-02-18,2025,02,13.5396114875,NRSC VIC MODEL
Meghalaya,North Garo Hills,2025-02-05,2025,02,12.4709363043,NRSC VIC MODEL
Meghalaya,North Garo Hills,2025-02-18,2025,02,13.6702586391,NRSC VIC MODEL
Meghalaya,North Garo Hills,2025-02-25,2025,02,16.6565278394,NRSC VIC MODEL
Meghalaya,North Garo Hills,2025-02-26,2025,02,16.5211023024,NRSC VIC MODEL
Meghalaya,North Garo Hills,2025-02-27,2025,02,16.4142191571,NRSC VIC MODEL
Meghalaya,Ri Bhoi,2025-02-04,2025,02,17.4975131323,NRSC VIC MODEL
Meghalaya,Ri Bhoi,2025-02-09,2025,02,17.3614458529,NRSC VIC MODEL
Meghalaya,Ri Bhoi,2025-02-14,2025,02,17.2550834412,NRSC VIC MODEL
Meghalaya,Ri Bhoi,2025-02-18,2025,02,17.1873966212,NRSC VIC MODEL
Meghalaya,Ri Bhoi,2025-02-25,2025,02,22.4311528589,NRSC VIC MODEL
Meghalaya,Ri Bhoi,2025-02-27,2025,02,22.0209215377,NRSC VIC MODEL
Meghalaya,South Garo Hills,2025-02-04,2025,02,14.6008765713,NRSC VIC MODEL
Meghalaya,South Garo Hills,2025-02-08,2025,02,14.5014400367,NRSC VIC MODEL
Meghalaya,South Garo Hills,2025-02-27,2025,02,16.2572127236,NRSC VIC MODEL
Meghalaya,South Garo Hills,2025-02-28,2025,02,16.1318195479,NRSC VIC MODEL
Meghalaya,South West Garo Hills,2025-02-02,2025,02,8.325148717,NRSC VIC MODEL
Meghalaya,South West Garo Hills,2025-02-08,2025,02,8.274686002,NRSC VIC MODEL
Meghalaya,South West Garo Hills,2025-02-10,2025,02,8.2671435007,NRSC VIC MODEL
Meghalaya,East Garo Hills,2025-03-01,2025,03,16.7043735523,NRSC VIC MODEL
Meghalaya,East Garo Hills,2025-03-02,2025,03,16.582669556,NRSC VIC MODEL
Meghalaya,East Garo Hills,2025-03-08,2025,03,15.964231122,NRSC VIC MODEL
Meghalaya,East Garo Hills,2025-03-09,2025,03,15.8831057427,NRSC VIC MODEL
Meghalaya,East Garo Hills,2025-03-10,2025,03,15.7944631675,NRSC VIC MODEL
Meghalaya,East Garo Hills,2025-03-16,2025,03,15.4070994406,NRSC VIC MODEL
Meghalaya,East Garo Hills,2025-03-20,2025,03,15.1739065302,NRSC VIC MODEL
Meghalaya,East Garo Hills,2025-03-21,2025,03,15.1269877626,NRSC VIC MODEL
Meghalaya,East Garo Hills,2025-03-22,2025,03,15.1256733904,NRSC VIC MODEL
Meghalaya,East Jaintia Hills,2025-03-03,2025,03,13.0748237733,NRSC VIC MODEL
Meghalaya,East Jaintia Hills,2025-03-05,2025,03,12.930168288,NRSC VIC MODEL
Meghalaya,East Jaintia Hills,2025-03-07,2025,03,12.8045988004,NRSC VIC MODEL
Meghalaya,East Jaintia Hills,2025-03-08,2025,03,12.7530387083,NRSC VIC MODEL
Meghalaya,East Jaintia Hills,2025-03-25,2025,03,13.2828852452,NRSC VIC MODEL
Meghalaya,East Jaintia Hills,2025-03-31,2025,03,12.8532609606,NRSC VIC MODEL
Meghalaya,East Khasi Hills,2025-03-03,2025,03,14.079571248,NRSC VIC MODEL
Meghalaya,East Khasi Hills,2025-03-07,2025,03,13.8956515528,NRSC VIC MODEL
Meghalaya,East Khasi Hills,2025-03-13,2025,03,14.2642585226,NRSC VIC MODEL
Meghalaya,East Khasi Hills,2025-03-20,2025,03,16.568968109,NRSC VIC MODEL
Meghalaya,East Khasi Hills,2025-03-23,2025,03,16.5552791984,NRSC VIC MODEL
Meghalaya,North Garo Hills,2025-03-08,2025,03,15.411788693,NRSC VIC MODEL
Meghalaya,North Garo Hills,2025-03-11,2025,03,15.152489697,NRSC VIC MODEL
Meghalaya,North Garo Hills,2025-03-15,2025,03,14.8847067864,NRSC VIC MODEL
Meghalaya,North Garo Hills,2025-03-24,2025,03,14.8026140011,NRSC VIC MODEL
Meghalaya,North Garo Hills,2025-03-28,2025,03,14.5516608336,NRSC VIC MODEL
Meghalaya,North Garo Hills,2025-03-29,2025,03,14.4999280839,NRSC VIC MODEL
Meghalaya,Ri Bhoi,2025-03-06,2025,03,20.5440084239,NRSC VIC MODEL
Meghalaya,Ri Bhoi,2025-03-12,2025,03,19.6302594059,NRSC VIC MODEL
Meghalaya,Ri Bhoi,2025-03-15,2025,03,19.3126851015,NRSC VIC MODEL
Meghalaya,Ri Bhoi,2025-03-19,2025,03,18.8426081609,NRSC VIC MODEL
Meghalaya,Ri Bhoi,2025-03-28,2025,03,20.8915349693,NRSC VIC MODEL
Meghalaya,South Garo Hills,2025-03-02,2025,03,15.919499016,NRSC VIC MODEL
Meghalaya,South Garo Hills,2025-03-04,2025,03,15.7350013571,NRSC VIC MODEL
Meghalaya,South Garo Hills,2025-03-05,2025,03,15.6526505101,NRSC VIC MODEL
Meghalaya,South Garo Hills,2025-03-07,2025,03,15.4924073373,NRSC VIC MODEL
Meghalaya,South Garo Hills,2025-03-09,2025,03,15.3505127282,NRSC VIC MODEL
Meghalaya,South Garo Hills,2025-03-12,2025,03,15.1704237005,NRSC VIC MODEL
Meghalaya,South Garo Hills,2025-03-14,2025,03,15.1353745519,NRSC VIC MODEL
Meghalaya,South Garo Hills,2025-03-23,2025,03,15.2958832838,NRSC VIC MODEL
Meghalaya,South Garo Hills,2025-03-27,2025,03,15.0564524074,NRSC VIC MODEL
Meghalaya,South Garo Hills,2025-03-29,2025,03,14.9595143447,NRSC VIC MODEL
Meghalaya,South Garo Hills,2025-03-30,2025,03,14.9143148844,NRSC VIC MODEL
Meghalaya,South West Garo Hills,2025-03-01,2025,03,10.4840533396,NRSC VIC MODEL
Meghalaya,South West Garo Hills,2025-03-02,2025,03,10.3811628061,NRSC VIC MODEL
Meghalaya,South West Garo Hills,2025-03-09,2025,03,9.7432309109,NRSC VIC MODEL
Meghalaya,South West Garo Hills,2025-03-14,2025,03,9.4390774412,NRSC VIC MODEL
Meghalaya,South West Garo Hills,2025-03-27,2025,03,9.3654214868,NRSC VIC MODEL
Meghalaya,South West Garo Hills,2025-03-30,2025,03,9.2166014071,NRSC VIC MODEL
Meghalaya,South West Khasi Hills,2025-03-03,2025,03,12.7179603091,NRSC VIC MODEL
Meghalaya,South West Khasi Hills,2025-03-04,2025,03,12.6388925774,NRSC VIC MODEL
Meghalaya,South West Khasi Hills,2025-03-19,2025,03,13.6759097747,NRSC VIC MODEL
Meghalaya,South West Khasi Hills,2025-03-23,2025,03,13.6932133882,NRSC VIC MODEL
Meghalaya,South West Khasi Hills,2025-03-25,2025,03,13.4392803357,NRSC VIC MODEL
Meghalaya,West Garo Hills,2025-03-03,2025,03,18.7375872584,NRSC VIC MODEL
Meghalaya,West Garo Hills,2025-03-04,2025,03,18.6069720581,NRSC VIC MODEL
Meghalaya,West Garo Hills,2025-03-08,2025,03,18.1544913535,NRSC VIC MODEL
Meghalaya,West Garo Hills,2025-03-19,2025,03,17.2634699809,NRSC VIC MODEL
Meghalaya,West Garo Hills,2025-03-22,2025,03,17.1606102737,NRSC VIC MODEL
Meghalaya,West Jaintia Hills,2025-03-05,2025,03,16.0868225656,NRSC VIC MODEL
Meghalaya,West Jaintia Hills,2025-03-08,2025,03,15.8382552254,NRSC VIC MODEL
Meghalaya,West Jaintia Hills,2025-03-11,2025,03,15.6501030893,NRSC VIC MODEL
Meghalaya,West Jaintia Hills,2025-03-19,2025,03,15.9087754805,NRSC VIC MODEL
Meghalaya,West Jaintia Hills,2025-03-29,2025,03,16.0725973499,NRSC VIC MODEL
Meghalaya,West Jaintia Hills,2025-03-30,2025,03,15.9839924073,NRSC VIC MODEL
Meghalaya,West Jaintia Hills,2025-03-31,2025,03,15.9082616197,NRSC VIC MODEL
Meghalaya,West Khasi Hills,2025-03-04,2025,03,20.0571862826,NRSC VIC MODEL
Meghalaya,West Khasi Hills,2025-03-12,2025,03,18.768567446,NRSC VIC MODEL
Meghalaya,West Khasi Hills,2025-03-19,2025,03,18.5318845714,NRSC VIC MODEL
Meghalaya,East Garo Hills,2025-04-01,2025,04,14.977465669,NRSC VIC MODEL
Meghalaya,East Garo Hills,2025-04-04,2025,04,15.2684255022,NRSC VIC MODEL
Meghalaya,East Garo Hills,2025-04-15,2025,04,21.8525069371,NRSC VIC MODEL
Meghalaya,East Garo Hills,2025-04-19,2025,04,23.0504531459,NRSC VIC MODEL
Meghalaya,East Garo Hills,2025-04-25,2025,04,26.7701814809,NRSC VIC MODEL
Meghalaya,East Jaintia Hills,2025-04-02,2025,04,13.5931005844,NRSC VIC MODEL
Meghalaya,East Jaintia Hills,2025-04-04,2025,04,13.3503196235,NRSC VIC MODEL
Meghalaya,East Jaintia Hills,2025-04-09,2025,04,14.1786169898,NRSC VIC MODEL
Meghalaya,East Jaintia Hills,2025-04-10,2025,04,14.033569157,NRSC VIC MODEL
Meghalaya,East Jaintia Hills,2025-04-12,2025,04,15.0626520034,NRSC VIC MODEL
Meghalaya,East Jaintia Hills,2025-04-15,2025,04,14.3924653585,NRSC VIC MODEL
Meghalaya,East Jaintia Hills,2025-04-17,2025,04,14.3426493797,NRSC VIC MODEL
Meghalaya,East Jaintia Hills,2025-04-25,2025,04,21.0187016471,NRSC VIC MODEL
Meghalaya,East Khasi Hills,2025-04-07,2025,04,21.7315937052,NRSC VIC MODEL
Meghalaya,East Khasi Hills,2025-04-08,2025,04,20.388649112,NRSC VIC MODEL
Meghalaya,East Khasi Hills,2025-04-14,2025,04,22.1336243659,NRSC VIC MODEL
Meghalaya,East Khasi Hills,2025-04-16,2025,04,21.0567951544,NRSC VIC MODEL
Meghalaya,East Khasi Hills,2025-04-18,2025,04,23.0860293531,NRSC VIC MODEL
Meghalaya,East Khasi Hills,2025-04-20,2025,04,25.0070570489,NRSC VIC MODEL
Meghalaya,East Khasi Hills,2025-04-24,2025,04,26.6692992749,NRSC VIC MODEL
Meghalaya,East Khasi Hills,2025-04-27,2025,04,27.5686227995,NRSC VIC MODEL
Meghalaya,North Garo Hills,2025-04-07,2025,04,14.3164641212,NRSC VIC MODEL
Meghalaya,Ri Bhoi,2025-04-03,2025,04,19.9034645244,NRSC VIC MODEL
Meghalaya,Ri Bhoi,2025-04-05,2025,04,19.6025303993,NRSC VIC MODEL
Meghalaya,Ri Bhoi,2025-04-12,2025,04,21.8063096686,NRSC VIC MODEL
Meghalaya,Ri Bhoi,2025-04-17,2025,04,28.8569884976,NRSC VIC MODEL
Meghalaya,Ri Bhoi,2025-04-18,2025,04,28.9162818736,NRSC VIC MODEL
Meghalaya,Ri Bhoi,2025-04-27,2025,04,30.7173786966,NRSC VIC MODEL
Meghalaya,South Garo Hills,2025-04-10,2025,04,15.4872470185,NRSC VIC MODEL
Meghalaya,South Garo Hills,2025-04-18,2025,04,22.8915974872,NRSC VIC MODEL
Meghalaya,South Garo Hills,2025-04-22,2025,04,3.4702287332,NRSC VIC MODEL
Meghalaya,South Garo Hills,2025-04-23,2025,04,25.4201415671,NRSC VIC MODEL
Meghalaya,South West Garo Hills,2025-04-01,2025,04,9.1420774749,NRSC VIC MODEL
Meghalaya,South West Garo Hills,2025-04-09,2025,04,9.6454572077,NRSC VIC MODEL
Meghalaya,South West Garo Hills,2025-04-10,2025,04,9.6520724876,NRSC VIC MODEL
Meghalaya,South West Garo Hills,2025-04-12,2025,04,11.2763069089,NRSC VIC MODEL
Meghalaya,South West Garo Hills,2025-04-14,2025,04,12.3363772747,NRSC VIC MODEL
Meghalaya,South West Garo Hills,2025-04-21,2025,04,14.1515120265,NRSC VIC MODEL
Meghalaya,South West Garo Hills,2025-04-28,2025,04,15.2836074692,NRSC VIC MODEL
Meghalaya,South West Garo Hills,2025-04-30,2025,04,14.4905444826,NRSC VIC MODEL
Meghalaya,South West Khasi Hills,2025-04-06,2025,04,14.8998055255,NRSC VIC MODEL
Meghalaya,South West Khasi Hills,2025-04-19,2025,04,18.1471004862,NRSC VIC MODEL
Meghalaya,South West Khasi Hills,2025-04-24,2025,04,22.4732171423,NRSC VIC MODEL
Meghalaya,South West Khasi Hills,2025-04-25,2025,04,23.601832373,NRSC VIC MODEL
Meghalaya,West Garo Hills,2025-04-07,2025,04,17.0407908248,NRSC VIC MODEL
Meghalaya,West Garo Hills,2025-04-11,2025,04,21.1681419773,NRSC VIC MODEL
Meghalaya,West Garo Hills,2025-04-12,2025,04,21.1078837106,NRSC VIC MODEL
Meghalaya,West Garo Hills,2025-04-13,2025,04,21.2469862776,NRSC VIC MODEL
Meghalaya,West Garo Hills,2025-04-25,2025,04,26.979177591,NRSC VIC MODEL
Meghalaya,West Jaintia Hills,2025-04-06,2025,04,15.944447578,NRSC VIC MODEL
Meghalaya,West Jaintia Hills,2025-04-11,2025,04,22.1056589758,NRSC VIC MODEL
Meghalaya,West Jaintia Hills,2025-04-15,2025,04,20.9803104521,NRSC VIC MODEL
Meghalaya,West Jaintia Hills,2025-04-21,2025,04,22.2041527031,NRSC VIC MODEL
Meghalaya,West Jaintia Hills,2025-04-23,2025,04,24.6272976308,NRSC VIC MODEL
Meghalaya,West Jaintia Hills,2025-04-25,2025,04,26.5145728115,NRSC VIC MODEL
Meghalaya,West Jaintia Hills,2025-04-26,2025,04,25.1694528807,NRSC VIC MODEL
Meghalaya,West Jaintia Hills,2025-04-29,2025,04,25.9158146236,NRSC VIC MODEL
Meghalaya,West Khasi Hills,2025-04-04,2025,04,19.0220937431,NRSC VIC MODEL
Meghalaya,West Khasi Hills,2025-04-17,2025,04,28.2746546994,NRSC VIC MODEL
Meghalaya,West Khasi Hills,2025-04-24,2025,04,29.018200138,NRSC VIC MODEL
Meghalaya,West Khasi Hills,2025-04-25,2025,04,30.7688449833,NRSC VIC MODEL
Meghalaya,West Khasi Hills,2025-04-28,2025,04,30.0694832457,NRSC VIC MODEL
Meghalaya,West Khasi Hills,2025-04-30,2025,04,28.6198300138,NRSC VIC MODEL
Meghalaya,East Garo Hills,2025-05-03,2025,05,24.5977988044,NRSC VIC MODEL
Meghalaya,East Garo Hills,2025-05-05,2025,05,23.7269101014,NRSC VIC MODEL
Meghalaya,East Garo Hills,2025-05-22,2025,05,26.3416275855,NRSC VIC MODEL
Meghalaya,East Garo Hills,2025-05-26,2025,05,27.464693504,NRSC VIC MODEL
Meghalaya,East Garo Hills,2025-05-28,2025,05,25.6382769005,NRSC VIC MODEL
Meghalaya,East Jaintia Hills,2025-05-17,2025,05,21.8241646938,NRSC VIC MODEL
Meghalaya,East Jaintia Hills,2025-05-18,2025,05,23.1320014728,NRSC VIC MODEL
Meghalaya,East Jaintia Hills,2025-05-25,2025,05,19.7604731822,NRSC VIC MODEL
Meghalaya,East Khasi Hills,2025-05-09,2025,05,24.7619654858,NRSC VIC MODEL
Meghalaya,East Khasi Hills,2025-05-19,2025,05,29.5227591546,NRSC VIC MODEL
Meghalaya,East Khasi Hills,2025-05-20,2025,05,30.645264817,NRSC VIC MODEL
Meghalaya,East Khasi Hills,2025-05-22,2025,05,29.7204600042,NRSC VIC MODEL
Meghalaya,East Khasi Hills,2025-05-23,2025,05,28.2192840414,NRSC VIC MODEL
Meghalaya,East Khasi Hills,2025-05-26,2025,05,29.6849305692,NRSC VIC MODEL
Meghalaya,North Garo Hills,2025-05-01,2025,05,22.4119237807,NRSC VIC MODEL
Meghalaya,North Garo Hills,2025-05-02,2025,05,22.599719944,NRSC VIC MODEL
Meghalaya,North Garo Hills,2025-05-05,2025,05,21.2715872842,NRSC VIC MODEL
Meghalaya,North Garo Hills,2025-05-06,2025,05,23.7714170838,NRSC VIC MODEL
Meghalaya,North Garo Hills,2025-05-07,2025,05,22.5988054523,NRSC VIC MODEL
Meghalaya,North Garo Hills,2025-05-08,2025,05,22.0065346684,NRSC VIC MODEL
Meghalaya,North Garo Hills,2025-05-09,2025,05,22.2038878442,NRSC VIC MODEL
Meghalaya,North Garo Hills,2025-05-10,2025,05,21.6774306213,NRSC VIC MODEL
Meghalaya,North Garo Hills,2025-05-17,2025,05,23.398981079,NRSC VIC MODEL
Meghalaya,North Garo Hills,2025-05-31,2025,05,24.8219538151,NRSC VIC MODEL
Meghalaya,Ri Bhoi,2025-05-01,2025,05,27.1517515583,NRSC VIC MODEL
Meghalaya,Ri Bhoi,2025-05-17,2025,05,29.3279197044,NRSC VIC MODEL
Meghalaya,Ri Bhoi,2025-05-21,2025,05,29.4236069073,NRSC VIC MODEL
Meghalaya,Ri Bhoi,2025-05-23,2025,05,27.7111866374,NRSC VIC MODEL
Meghalaya,Ri Bhoi,2025-05-25,2025,05,28.3957393218,NRSC VIC MODEL
Meghalaya,Ri Bhoi,2025-05-29,2025,05,27.9807825153,NRSC VIC MODEL
Meghalaya,South Garo Hills,2025-05-19,2025,05,26.4641216819,NRSC VIC MODEL
Meghalaya,South Garo Hills,2025-05-21,2025,05,27.5968499966,NRSC VIC MODEL
Meghalaya,South Garo Hills,2025-05-25,2025,05,24.5594582173,NRSC VIC MODEL
Meghalaya,South Garo Hills,2025-05-31,2025,05,29.2503154962,NRSC VIC MODEL
Meghalaya,South West Garo Hills,2025-05-03,2025,05,14.2719372532,NRSC VIC MODEL
Meghalaya,South West Garo Hills,2025-05-05,2025,05,13.8015007479,NRSC VIC MODEL
Meghalaya,South West Garo Hills,2025-05-10,2025,05,12.9207069238,NRSC VIC MODEL
Meghalaya,South West Garo Hills,2025-05-15,2025,05,18.3254168851,NRSC VIC MODEL
Meghalaya,South West Garo Hills,2025-05-20,2025,05,17.718356411,NRSC VIC MODEL
Meghalaya,South West Garo Hills,2025-05-23,2025,05,16.6201711635,NRSC VIC MODEL
Meghalaya,South West Garo Hills,2025-05-27,2025,05,15.989617419,NRSC VIC MODEL
Meghalaya,South West Garo Hills,2025-05-31,2025,05,18.1961601467,NRSC VIC MODEL
Meghalaya,South West Khasi Hills,2025-05-01,2025,05,21.0614371964,NRSC VIC MODEL
Meghalaya,South West Khasi Hills,2025-05-05,2025,05,19.9821052189,NRSC VIC MODEL
Meghalaya,South West Khasi Hills,2025-05-15,2025,05,25.0981885154,NRSC VIC MODEL
Meghalaya,South West Khasi Hills,2025-05-18,2025,05,24.78007931,NRSC VIC MODEL
Meghalaya,South West Khasi Hills,2025-05-23,2025,05,22.2694960934,NRSC VIC MODEL
Meghalaya,South West Khasi Hills,2025-05-31,2025,05,25.2966714667,NRSC VIC MODEL
Meghalaya,West Garo Hills,2025-05-15,2025,05,30.0921691411,NRSC VIC MODEL
Meghalaya,West Garo Hills,2025-05-22,2025,05,27.6551902322,NRSC VIC MODEL
Meghalaya,West Garo Hills,2025-05-24,2025,05,26.7479340027,NRSC VIC MODEL
Meghalaya,West Garo Hills,2025-05-26,2025,05,26.584283631,NRSC VIC MODEL
Meghalaya,West Jaintia Hills,2025-05-09,2025,05,24.8565942881,NRSC VIC MODEL
Meghalaya,West Jaintia Hills,2025-05-16,2025,05,25.7511072133,NRSC VIC MODEL
Meghalaya,West Jaintia Hills,2025-05-25,2025,05,24.2151962611,NRSC VIC MODEL
Meghalaya,West Jaintia Hills,2025-05-31,2025,05,28.2889450712,NRSC VIC MODEL
Meghalaya,West Khasi Hills,2025-05-08,2025,05,27.9857969815,NRSC VIC MODEL
Meghalaya,West Khasi Hills,2025-05-17,2025,05,32.2303403426,NRSC VIC MODEL
Meghalaya,West Khasi Hills,2025-05-26,2025,05,30.858090541,NRSC VIC MODEL
Meghalaya,West Khasi Hills,2025-05-28,2025,05,28.4859754834,NRSC VIC MODEL
Meghalaya,East Garo Hills,2025-06-01,2025,06,29.7106969501,NRSC VIC MODEL
Meghalaya,East Garo Hills,2025-06-03,2025,06,27.794061371,NRSC VIC MODEL
Meghalaya,East Garo Hills,2025-06-09,2025,06,24.8599959386,NRSC VIC MODEL
Meghalaya,East Garo Hills,2025-06-16,2025,06,23.7698075558,NRSC VIC MODEL
Meghalaya,East Garo Hills,2025-06-17,2025,06,23.2777706184,NRSC VIC MODEL
Meghalaya,East Garo Hills,2025-06-22,2025,06,26.6025085278,NRSC VIC MODEL
Meghalaya,East Jaintia Hills,2025-06-04,2025,06,20.7211858952,NRSC VIC MODEL
Meghalaya,East Jaintia Hills,2025-06-10,2025,06,18.2595221425,NRSC VIC MODEL
Meghalaya,East Jaintia Hills,2025-06-11,2025,06,18.0335590973,NRSC VIC MODEL
Meghalaya,East Jaintia Hills,2025-06-14,2025,06,18.0160598392,NRSC VIC MODEL
Meghalaya,East Jaintia Hills,2025-06-22,2025,06,20.7435951858,NRSC VIC MODEL
Meghalaya,East Jaintia Hills,2025-06-27,2025,06,20.8478140766,NRSC VIC MODEL
Meghalaya,East Jaintia Hills,2025-06-30,2025,06,19.565592307,NRSC VIC MODEL
Meghalaya,East Khasi Hills,2025-06-13,2025,06,23.787612624,NRSC VIC MODEL
Meghalaya,East Khasi Hills,2025-06-14,2025,06,23.2466938575,NRSC VIC MODEL
Meghalaya,East Khasi Hills,2025-06-25,2025,06,29.647332671,NRSC VIC MODEL
Meghalaya,North Garo Hills,2025-06-07,2025,06,23.0348775377,NRSC VIC MODEL
Meghalaya,North Garo Hills,2025-06-11,2025,06,21.0494467854,NRSC VIC MODEL
Meghalaya,North Garo Hills,2025-06-19,2025,06,23.3051887187,NRSC VIC MODEL
Meghalaya,North Garo Hills,2025-06-23,2025,06,22.1344217299,NRSC VIC MODEL
Meghalaya,North Garo Hills,2025-06-25,2025,06,23.2429797347,NRSC VIC MODEL
Meghalaya,North Garo Hills,2025-06-28,2025,06,22.0421006927,NRSC VIC MODEL
Meghalaya,Ri Bhoi,2025-06-23,2025,06,29.3845070785,NRSC VIC MODEL
Meghalaya,Ri Bhoi,2025-06-25,2025,06,29.3991116496,NRSC VIC MODEL
Meghalaya,South Garo Hills,2025-06-06,2025,06,25.6639614754,NRSC VIC MODEL
Meghalaya,South Garo Hills,2025-06-13,2025,06,22.7795987312,NRSC VIC MODEL
Meghalaya,South Garo Hills,2025-06-17,2025,06,25.3531851318,NRSC VIC MODEL
Meghalaya,South Garo Hills,2025-06-19,2025,06,25.7119368159,NRSC VIC MODEL
Meghalaya,South Garo Hills,2025-06-23,2025,06,28.6671998983,NRSC VIC MODEL
Meghalaya,South West Garo Hills,2025-06-10,2025,06,14.0358776758,NRSC VIC MODEL
Meghalaya,South West Garo Hills,2025-06-16,2025,06,13.1211750162,NRSC VIC MODEL
Meghalaya,South West Garo Hills,2025-06-25,2025,06,15.1636983987,NRSC VIC MODEL
Meghalaya,South West Khasi Hills,2025-06-07,2025,06,23.3096165929,NRSC VIC MODEL
Meghalaya,South West Khasi Hills,2025-06-12,2025,06,20.593652637,NRSC VIC MODEL
Meghalaya,South West Khasi Hills,2025-06-22,2025,06,24.7643367309,NRSC VIC MODEL
Meghalaya,South West Khasi Hills,2025-06-29,2025,06,21.9602911751,NRSC VIC MODEL
Meghalaya,South West Khasi Hills,2025-06-30,2025,06,21.8782341375,NRSC VIC MODEL
Meghalaya,West Garo Hills,2025-06-04,2025,06,27.7333963824,NRSC VIC MODEL
Meghalaya,West Garo Hills,2025-06-06,2025,06,27.6699602143,NRSC VIC MODEL
Meghalaya,West Garo Hills,2025-06-07,2025,06,26.7272425418,NRSC VIC MODEL
Meghalaya,West Garo Hills,2025-06-11,2025,06,24.5915893583,NRSC VIC MODEL
Meghalaya,West Garo Hills,2025-06-15,2025,06,23.6380018113,NRSC VIC MODEL
Meghalaya,West Garo Hills,2025-06-23,2025,06,27.2032285375,NRSC VIC MODEL
Meghalaya,West Garo Hills,2025-06-28,2025,06,25.8905812703,NRSC VIC MODEL
Meghalaya,West Jaintia Hills,2025-06-08,2025,06,24.5928853124,NRSC VIC MODEL
Meghalaya,West Jaintia Hills,2025-06-11,2025,06,23.6208061184,NRSC VIC MODEL
Meghalaya,West Jaintia Hills,2025-06-14,2025,06,23.8630029097,NRSC VIC MODEL
Meghalaya,West Jaintia Hills,2025-06-17,2025,06,27.6465676439,NRSC VIC MODEL
Meghalaya,West Jaintia Hills,2025-06-20,2025,06,26.9738565108,NRSC VIC MODEL
Meghalaya,West Jaintia Hills,2025-06-26,2025,06,26.8736343632,NRSC VIC MODEL
Meghalaya,West Khasi Hills,2025-06-01,2025,06,33.7125337884,NRSC VIC MODEL
Meghalaya,West Khasi Hills,2025-06-06,2025,06,32.2712087063,NRSC VIC MODEL
Meghalaya,West Khasi Hills,2025-06-12,2025,06,28.6740539969,NRSC VIC MODEL
Meghalaya,West Khasi Hills,2025-06-19,2025,06,32.6997496651,NRSC VIC MODEL
Meghalaya,West Khasi Hills,2025-06-23,2025,06,31.9904540996,NRSC VIC MODEL
Meghalaya,West Khasi Hills,2025-06-29,2025,06,29.2342138629,NRSC VIC MODEL
Meghalaya,East Garo Hills,2025-01-04,2025,01,15.6536776203,NRSC VIC MODEL
Meghalaya,East Garo Hills,2025-01-06,2025,01,15.5266244128,NRSC VIC MODEL
Meghalaya,East Garo Hills,2025-01-25,2025,01,14.8291749969,NRSC VIC MODEL
Meghalaya,East Jaintia Hills,2025-01-05,2025,01,17.5765461887,NRSC VIC MODEL
Meghalaya,East Jaintia Hills,2025-01-12,2025,01,17.393436716,NRSC VIC MODEL
Meghalaya,East Jaintia Hills,2025-01-16,2025,01,17.3166242043,NRSC VIC MODEL
Meghalaya,East Jaintia Hills,2025-01-23,2025,01,17.2110352433,NRSC VIC MODEL
Meghalaya,East Jaintia Hills,2025-01-28,2025,01,17.161318474,NRSC VIC MODEL
Meghalaya,East Jaintia Hills,2025-01-31,2025,01,17.1377305185,NRSC VIC MODEL
Meghalaya,East Khasi Hills,2025-01-03,2025,01,14.8594581021,NRSC VIC MODEL
Meghalaya,East Khasi Hills,2025-01-16,2025,01,14.2165759537,NRSC VIC MODEL
Meghalaya,East Khasi Hills,2025-01-22,2025,01,13.9806866181,NRSC VIC MODEL
Meghalaya,North Garo Hills,2025-01-02,2025,01,14.7144972565,NRSC VIC MODEL
Meghalaya,North Garo Hills,2025-01-10,2025,01,14.5790726643,NRSC VIC MODEL
Meghalaya,North Garo Hills,2025-01-17,2025,01,14.3464960448,NRSC VIC MODEL
Meghalaya,North Garo Hills,2025-01-19,2025,01,14.2753312984,NRSC VIC MODEL
Meghalaya,North Garo Hills,2025-01-21,2025,01,14.2059268743,NRSC VIC MODEL
Meghalaya,North Garo Hills,2025-01-30,2025,01,13.960693119,NRSC VIC MODEL
Meghalaya,Ri Bhoi,2025-01-02,2025,01,18.5824718347,NRSC VIC MODEL
Meghalaya,Ri Bhoi,2025-01-07,2025,01,18.3007448243,NRSC VIC MODEL
Meghalaya,Ri Bhoi,2025-01-09,2025,01,18.6956034715,NRSC VIC MODEL
Meghalaya,Ri Bhoi,2025-01-16,2025,01,18.2529791631,NRSC VIC MODEL
Meghalaya,Ri Bhoi,2025-01-23,2025,01,17.8881389634,NRSC VIC MODEL
Meghalaya,Ri Bhoi,2025-01-24,2025,01,17.8426419924,NRSC VIC MODEL
Meghalaya,South Garo Hills,2025-01-01,2025,01,15.5367643837,NRSC VIC MODEL
Meghalaya,South Garo Hills,2025-01-30,2025,01,14.6606278813,NRSC VIC MODEL
Meghalaya,South West Garo Hills,2025-01-01,2025,01,8.7821576217,NRSC VIC MODEL
Meghalaya,South West Garo Hills,2025-01-11,2025,01,8.5763425758,NRSC VIC MODEL
Meghalaya,South West Garo Hills,2025-01-12,2025,01,8.5571426003,NRSC VIC MODEL
Meghalaya,South West Garo Hills,2025-01-23,2025,01,8.4235228438,NRSC VIC MODEL
Meghalaya,South West Khasi Hills,2025-01-02,2025,01,13.3062393361,NRSC VIC MODEL
Meghalaya,South West Khasi Hills,2025-01-04,2025,01,13.2066719152,NRSC VIC MODEL
Meghalaya,South West Khasi Hills,2025-01-15,2025,01,13.0057093962,NRSC VIC MODEL
Meghalaya,South West Khasi Hills,2025-01-19,2025,01,12.7571149094,NRSC VIC MODEL
Meghalaya,South West Khasi Hills,2025-01-21,2025,01,12.6527412355,NRSC VIC MODEL
Meghalaya,South West Khasi Hills,2025-01-23,2025,01,12.5565142463,NRSC VIC MODEL
Meghalaya,South West Khasi Hills,2025-01-27,2025,01,12.38466917,NRSC VIC MODEL
Meghalaya,South West Khasi Hills,2025-01-30,2025,01,12.4094880903,NRSC VIC MODEL
Meghalaya,South West Khasi Hills,2025-01-31,2025,01,12.3653130555,NRSC VIC MODEL
Meghalaya,West Garo Hills,2025-01-03,2025,01,17.0673605749,NRSC VIC MODEL
Meghalaya,West Garo Hills,2025-01-18,2025,01,16.5598503286,NRSC VIC MODEL
Meghalaya,West Garo Hills,2025-01-24,2025,01,16.4198466952,NRSC VIC MODEL
Meghalaya,West Garo Hills,2025-01-26,2025,01,16.3816137168,NRSC VIC MODEL
Meghalaya,West Garo Hills,2025-01-27,2025,01,16.3609152173,NRSC VIC MODEL
Meghalaya,West Garo Hills,2025-01-29,2025,01,16.3210953713,NRSC VIC MODEL
Meghalaya,West Garo Hills,2025-01-31,2025,01,16.3647714791,NRSC VIC MODEL
Meghalaya,West Jaintia Hills,2025-01-08,2025,01,15.8343555126,NRSC VIC MODEL
Meghalaya,West Jaintia Hills,2025-01-13,2025,01,15.6508376465,NRSC VIC MODEL
Meghalaya,West Jaintia Hills,2025-01-20,2025,01,15.4370062978,NRSC VIC MODEL
Meghalaya,West Jaintia Hills,2025-01-24,2025,01,15.3421645863,NRSC VIC MODEL
Meghalaya,West Jaintia Hills,2025-01-26,2025,01,15.3044281728,NRSC VIC MODEL
Meghalaya,West Jaintia Hills,2025-01-28,2025,01,15.2738096087,NRSC VIC MODEL
Meghalaya,West Khasi Hills,2025-01-02,2025,01,18.6032835724,NRSC VIC MODEL
Meghalaya,West Khasi Hills,2025-01-03,2025,01,18.5429311518,NRSC VIC MODEL
Meghalaya,West Khasi Hills,2025-01-06,2025,01,18.3187393381,NRSC VIC MODEL
Meghalaya,West Khasi Hills,2025-01-08,2025,01,19.2211231278,NRSC VIC MODEL
Meghalaya,West Khasi Hills,2025-01-10,2025,01,19.0800054149,NRSC VIC MODEL
Meghalaya,West Khasi Hills,2025-01-12,2025,01,18.8831903254,NRSC VIC MODEL
Meghalaya,East Garo Hills,2025-02-04,2025,02,14.5853342246,NRSC VIC MODEL
Meghalaya,East Garo Hills,2025-02-08,2025,02,14.5141974663,NRSC VIC MODEL
Meghalaya,East Garo Hills,2025-02-10,2025,02,14.4854820115,NRSC VIC MODEL
Meghalaya,East Garo Hills,2025-02-14,2025,02,14.4324799131,NRSC VIC MODEL
Meghalaya,East Garo Hills,2025-02-15,2025,02,14.4211011681,NRSC VIC MODEL
Meghalaya,East Garo Hills,2025-02-17,2025,02,14.3982585765,NRSC VIC MODEL
Meghalaya,East Jaintia Hills,2025-02-03,2025,02,17.1158393781,NRSC VIC MODEL
Meghalaya,East Jaintia Hills,2025-02-17,2025,02,12.2361802034,NRSC VIC MODEL
Meghalaya,East Jaintia Hills,2025-02-19,2025,02,12.2963491196,NRSC VIC MODEL
Meghalaya,East Jaintia Hills,2025-02-24,2025,02,13.7687010593,NRSC VIC MODEL
Meghalaya,East Jaintia Hills,2025-02-25,2025,02,13.6336641172,NRSC VIC MODEL
Meghalaya,East Jaintia Hills,2025-02-26,2025,02,13.5051407535,NRSC VIC MODEL
Meghalaya,East Garo Hills,2025-04-09,2025,04,16.6411867956,NRSC VIC MODEL
Meghalaya,East Garo Hills,2025-04-18,2025,04,23.8121420329,NRSC VIC MODEL
Meghalaya,East Garo Hills,2025-04-21,2025,04,22.2786428011,NRSC VIC MODEL
Meghalaya,East Garo Hills,2025-04-26,2025,04,26.2864182347,NRSC VIC MODEL
Meghalaya,East Garo Hills,2025-04-28,2025,04,26.8956025719,NRSC VIC MODEL
Meghalaya,East Jaintia Hills,2025-04-01,2025,04,13.7081007688,NRSC VIC MODEL
Meghalaya,East Jaintia Hills,2025-04-07,2025,04,14.5603193197,NRSC VIC MODEL
Meghalaya,East Jaintia Hills,2025-04-13,2025,04,15.0843177799,NRSC VIC MODEL
Meghalaya,East Jaintia Hills,2025-04-16,2025,04,14.3127859053,NRSC VIC MODEL
Meghalaya,East Jaintia Hills,2025-04-21,2025,04,14.0783730186,NRSC VIC MODEL
Meghalaya,East Jaintia Hills,2025-04-23,2025,04,20.1897748024,NRSC VIC MODEL
Meghalaya,East Jaintia Hills,2025-04-30,2025,04,20.5087498714,NRSC VIC MODEL
Meghalaya,East Khasi Hills,2025-04-02,2025,04,19.6820002364,NRSC VIC MODEL
Meghalaya,East Khasi Hills,2025-04-05,2025,04,18.2153318677,NRSC VIC MODEL
Meghalaya,East Khasi Hills,2025-04-09,2025,04,20.9425178116,NRSC VIC MODEL
Meghalaya,East Khasi Hills,2025-04-12,2025,04,22.6521315242,NRSC VIC MODEL
Meghalaya,East Khasi Hills,2025-04-13,2025,04,22.43000346,NRSC VIC MODEL
Meghalaya,East Khasi Hills,2025-04-15,2025,04,21.4758623929,NRSC VIC MODEL
Meghalaya,East Khasi Hills,2025-04-22,2025,04,7.6765321881,NRSC VIC MODEL
Meghalaya,East Khasi Hills,2025-04-26,2025,04,27.4584507871,NRSC VIC MODEL
Meghalaya,East Khasi Hills,2025-04-29,2025,04,27.0012655121,NRSC VIC MODEL
Meghalaya,North Garo Hills,2025-04-02,2025,04,14.34605426,NRSC VIC MODEL
Meghalaya,North Garo Hills,2025-04-11,2025,04,17.9976140501,NRSC VIC MODEL
Meghalaya,North Garo Hills,2025-04-13,2025,04,17.9725835795,NRSC VIC MODEL
Meghalaya,North Garo Hills,2025-04-16,2025,04,18.7244856997,NRSC VIC MODEL
Meghalaya,North Garo Hills,2025-04-17,2025,04,19.5080453988,NRSC VIC MODEL
Meghalaya,North Garo Hills,2025-04-23,2025,04,25.874785923,NRSC VIC MODEL
Meghalaya,North Garo Hills,2025-04-24,2025,04,22.8460404496,NRSC VIC MODEL
Meghalaya,North Garo Hills,2025-04-28,2025,04,24.1066019044,NRSC VIC MODEL
Meghalaya,Ri Bhoi,2025-04-09,2025,04,19.9246219752,NRSC VIC MODEL
Meghalaya,Ri Bhoi,2025-04-10,2025,04,19.79859443,NRSC VIC MODEL
Meghalaya,Ri Bhoi,2025-04-11,2025,04,21.9031454377,NRSC VIC MODEL
Meghalaya,Ri Bhoi,2025-04-14,2025,04,25.8322795466,NRSC VIC MODEL
Meghalaya,Ri Bhoi,2025-04-15,2025,04,26.0481848324,NRSC VIC MODEL
Meghalaya,Ri Bhoi,2025-04-20,2025,04,27.6710264214,NRSC VIC MODEL
Meghalaya,Ri Bhoi,2025-04-24,2025,04,27.1484056678,NRSC VIC MODEL
Meghalaya,South Garo Hills,2025-04-02,2025,04,14.9282297308,NRSC VIC MODEL
Meghalaya,South Garo Hills,2025-04-05,2025,04,14.9230361261,NRSC VIC MODEL
Meghalaya,South Garo Hills,2025-04-12,2025,04,17.9818392125,NRSC VIC MODEL
Meghalaya,South Garo Hills,2025-04-15,2025,04,18.6956884516,NRSC VIC MODEL
Meghalaya,South Garo Hills,2025-04-25,2025,04,24.6368684015,NRSC VIC MODEL
Meghalaya,South Garo Hills,2025-04-27,2025,04,28.2633416472,NRSC VIC MODEL
Meghalaya,South Garo Hills,2025-04-28,2025,04,25.7728456424,NRSC VIC MODEL
Meghalaya,South West Garo Hills,2025-04-02,2025,04,9.1048804739,NRSC VIC MODEL
Meghalaya,South West Garo Hills,2025-04-03,2025,04,9.0689554264,NRSC VIC MODEL
Meghalaya,South West Garo Hills,2025-04-08,2025,04,8.94570726,NRSC VIC MODEL
Meghalaya,South West Garo Hills,2025-04-20,2025,04,14.022837548,NRSC VIC MODEL
Meghalaya,South West Garo Hills,2025-04-22,2025,04,12.7464293289,NRSC VIC MODEL
Meghalaya,South West Khasi Hills,2025-04-07,2025,04,18.1708696095,NRSC VIC MODEL
Meghalaya,South West Khasi Hills,2025-04-08,2025,04,17.3937322757,NRSC VIC MODEL
Meghalaya,South West Khasi Hills,2025-04-13,2025,04,19.4949926341,NRSC VIC MODEL
Meghalaya,South West Khasi Hills,2025-04-14,2025,04,18.8664725565,NRSC VIC MODEL
Meghalaya,West Garo Hills,2025-04-01,2025,04,16.8699858342,NRSC VIC MODEL
Meghalaya,West Garo Hills,2025-04-05,2025,04,16.7828809731,NRSC VIC MODEL
Meghalaya,West Garo Hills,2025-04-06,2025,04,16.7581030012,NRSC VIC MODEL
Meghalaya,West Garo Hills,2025-04-15,2025,04,22.5451958947,NRSC VIC MODEL
Meghalaya,West Garo Hills,2025-04-23,2025,04,29.4797604591,NRSC VIC MODEL
Meghalaya,West Garo Hills,2025-04-28,2025,04,28.2521072054,NRSC VIC MODEL
Meghalaya,West Garo Hills,2025-04-30,2025,04,26.4247617187,NRSC VIC MODEL
Meghalaya,West Jaintia Hills,2025-04-01,2025,04,16.2883976876,NRSC VIC MODEL
Meghalaya,West Jaintia Hills,2025-04-02,2025,04,16.1937031804,NRSC VIC MODEL
Meghalaya,West Jaintia Hills,2025-04-03,2025,04,16.0841382234,NRSC VIC MODEL
Meghalaya,West Jaintia Hills,2025-04-05,2025,04,15.917236157,NRSC VIC MODEL
Meghalaya,West Jaintia Hills,2025-04-10,2025,04,20.2701986481,NRSC VIC MODEL
Meghalaya,West Jaintia Hills,2025-04-13,2025,04,21.6501021923,NRSC VIC MODEL
Meghalaya,West Jaintia Hills,2025-04-14,2025,04,20.7057522229,NRSC VIC MODEL
Meghalaya,West Jaintia Hills,2025-04-18,2025,04,23.438507127,NRSC VIC MODEL
Meghalaya,West Jaintia Hills,2025-04-19,2025,04,22.3036181779,NRSC VIC MODEL
Meghalaya,West Jaintia Hills,2025-04-20,2025,04,22.8940604782,NRSC VIC MODEL
Meghalaya,West Jaintia Hills,2025-04-22,2025,04,9.3038386897,NRSC VIC MODEL
Meghalaya,West Jaintia Hills,2025-04-24,2025,04,24.8524945294,NRSC VIC MODEL
Meghalaya,West Jaintia Hills,2025-04-28,2025,04,27.0463389639,NRSC VIC MODEL
Meghalaya,West Khasi Hills,2025-04-03,2025,04,19.1927354021,NRSC VIC MODEL
Meghalaya,West Khasi Hills,2025-04-08,2025,04,19.510470719,NRSC VIC MODEL
Meghalaya,West Khasi Hills,2025-04-10,2025,04,20.6258795013,NRSC VIC MODEL
Meghalaya,West Khasi Hills,2025-04-19,2025,04,27.1504691832,NRSC VIC MODEL
Meghalaya,West Khasi Hills,2025-04-27,2025,04,32.9142755401,NRSC VIC MODEL
Meghalaya,East Garo Hills,2025-05-07,2025,05,26.0084033904,NRSC VIC MODEL
Meghalaya,East Garo Hills,2025-05-23,2025,05,25.502963317,NRSC VIC MODEL
Meghalaya,East Garo Hills,2025-05-27,2025,05,26.704065873,NRSC VIC MODEL
Meghalaya,East Garo Hills,2025-05-29,2025,05,25.1605105722,NRSC VIC MODEL
Meghalaya,East Garo Hills,2025-05-31,2025,05,29.5163065477,NRSC VIC MODEL
Meghalaya,East Jaintia Hills,2025-05-04,2025,05,18.681159565,NRSC VIC MODEL
Meghalaya,East Jaintia Hills,2025-05-09,2025,05,17.7107474846,NRSC VIC MODEL
Meghalaya,East Jaintia Hills,2025-05-10,2025,05,17.5709503465,NRSC VIC MODEL
Meghalaya,East Jaintia Hills,2025-05-19,2025,05,21.1172829883,NRSC VIC MODEL
Meghalaya,East Jaintia Hills,2025-05-20,2025,05,22.9539615094,NRSC VIC MODEL
Meghalaya,East Jaintia Hills,2025-05-22,2025,05,21.9564994821,NRSC VIC MODEL
Meghalaya,East Jaintia Hills,2025-05-26,2025,05,22.9699903068,NRSC VIC MODEL
Meghalaya,East Jaintia Hills,2025-05-27,2025,05,20.994035086,NRSC VIC MODEL
Meghalaya,East Khasi Hills,2025-05-05,2025,05,24.48897628,NRSC VIC MODEL
Meghalaya,East Khasi Hills,2025-05-06,2025,05,26.0437870479,NRSC VIC MODEL
Meghalaya,East Khasi Hills,2025-05-21,2025,05,30.4687955919,NRSC VIC MODEL
Meghalaya,East Khasi Hills,2025-05-24,2025,05,27.1467065255,NRSC VIC MODEL
Meghalaya,East Khasi Hills,2025-05-25,2025,05,26.4733596835,NRSC VIC MODEL
Meghalaya,East Khasi Hills,2025-05-28,2025,05,27.7894527095,NRSC VIC MODEL
Meghalaya,East Khasi Hills,2025-05-30,2025,05,31.0969765224,NRSC VIC MODEL
Meghalaya,North Garo Hills,2025-05-15,2025,05,24.6007224374,NRSC VIC MODEL
Meghalaya,North Garo Hills,2025-05-16,2025,05,23.2578421594,NRSC VIC MODEL
Meghalaya,North Garo Hills,2025-05-19,2025,05,23.3544696269,NRSC VIC MODEL
Meghalaya,North Garo Hills,2025-05-22,2025,05,22.6477196536,NRSC VIC MODEL
Meghalaya,North Garo Hills,2025-05-24,2025,05,22.3161015544,NRSC VIC MODEL
Meghalaya,North Garo Hills,2025-05-27,2025,05,22.1728968441,NRSC VIC MODEL
Meghalaya,North Garo Hills,2025-05-28,2025,05,21.6170080513,NRSC VIC MODEL
Meghalaya,North Garo Hills,2025-05-30,2025,05,25.5878547251,NRSC VIC MODEL
Meghalaya,Ri Bhoi,2025-05-03,2025,05,27.5884077914,NRSC VIC MODEL
Meghalaya,Ri Bhoi,2025-05-04,2025,05,26.8209109601,NRSC VIC MODEL
Meghalaya,Ri Bhoi,2025-05-05,2025,05,27.2839405275,NRSC VIC MODEL
Meghalaya,Ri Bhoi,2025-05-10,2025,05,26.809521668,NRSC VIC MODEL
Meghalaya,Ri Bhoi,2025-05-22,2025,05,27.9140263597,NRSC VIC MODEL
Meghalaya,Ri Bhoi,2025-05-30,2025,05,31.4293804736,NRSC VIC MODEL
Meghalaya,South Garo Hills,2025-05-01,2025,05,23.8433721857,NRSC VIC MODEL
Meghalaya,South Garo Hills,2025-05-07,2025,05,23.6586415224,NRSC VIC MODEL
Meghalaya,South Garo Hills,2025-05-08,2025,05,23.1137320514,NRSC VIC MODEL
Meghalaya,South Garo Hills,2025-05-20,2025,05,28.2119296871,NRSC VIC MODEL
Meghalaya,South Garo Hills,2025-05-22,2025,05,26.6398073407,NRSC VIC MODEL
Meghalaya,South Garo Hills,2025-05-29,2025,05,24.5922804548,NRSC VIC MODEL
Meghalaya,South West Garo Hills,2025-05-01,2025,05,14.5127308147,NRSC VIC MODEL
Meghalaya,South West Garo Hills,2025-05-02,2025,05,14.6533617919,NRSC VIC MODEL
Meghalaya,South West Garo Hills,2025-05-16,2025,05,16.7314742119,NRSC VIC MODEL
Meghalaya,South West Garo Hills,2025-05-21,2025,05,17.2899216426,NRSC VIC MODEL
Meghalaya,South West Garo Hills,2025-05-25,2025,05,15.8719240832,NRSC VIC MODEL
Meghalaya,South West Garo Hills,2025-05-26,2025,05,16.6473870702,NRSC VIC MODEL
Meghalaya,South West Garo Hills,2025-05-28,2025,05,15.3952570187,NRSC VIC MODEL
Meghalaya,South West Khasi Hills,2025-05-02,2025,05,21.3700561422,NRSC VIC MODEL
Meghalaya,South West Khasi Hills,2025-05-10,2025,05,19.1651175685,NRSC VIC MODEL
Meghalaya,South West Khasi Hills,2025-05-19,2025,05,23.216826087,NRSC VIC MODEL
Meghalaya,South West Khasi Hills,2025-05-22,2025,05,23.1482047879,NRSC VIC MODEL
Meghalaya,South West Khasi Hills,2025-05-28,2025,05,21.7185679998,NRSC VIC MODEL
Meghalaya,West Garo Hills,2025-05-03,2025,05,26.2582616167,NRSC VIC MODEL
Meghalaya,West Garo Hills,2025-05-04,2025,05,25.7300030238,NRSC VIC MODEL
Meghalaya,West Garo Hills,2025-05-09,2025,05,25.350942873,NRSC VIC MODEL
Meghalaya,West Garo Hills,2025-05-29,2025,05,25.36110342,NRSC VIC MODEL
Meghalaya,West Jaintia Hills,2025-05-04,2025,05,24.3385126943,NRSC VIC MODEL
Meghalaya,West Jaintia Hills,2025-05-06,2025,05,23.4860461453,NRSC VIC MODEL
Meghalaya,West Jaintia Hills,2025-05-07,2025,05,23.966669108,NRSC VIC MODEL
Meghalaya,West Jaintia Hills,2025-05-17,2025,05,26.7689999349,NRSC VIC MODEL
Meghalaya,West Jaintia Hills,2025-05-18,2025,05,27.8204200555,NRSC VIC MODEL
Meghalaya,West Jaintia Hills,2025-05-20,2025,05,28.370991617,NRSC VIC MODEL
Meghalaya,West Jaintia Hills,2025-05-29,2025,05,26.7944951412,NRSC VIC MODEL
Meghalaya,West Jaintia Hills,2025-05-30,2025,05,29.3548971992,NRSC VIC MODEL
Meghalaya,West Khasi Hills,2025-05-22,2025,05,29.7715694301,NRSC VIC MODEL
Meghalaya,West Khasi Hills,2025-05-23,2025,05,29.2912713671,NRSC VIC MODEL
Meghalaya,West Khasi Hills,2025-05-24,2025,05,28.4988099975,NRSC VIC MODEL
Meghalaya,West Khasi Hills,2025-05-30,2025,05,33.7227239231,NRSC VIC MODEL
Meghalaya,East Khasi Hills,2025-02-05,2025,02,5.0565148613,NRSC VIC MODEL
Meghalaya,East Khasi Hills,2025-02-17,2025,02,13.5515048232,NRSC VIC MODEL
Meghalaya,East Khasi Hills,2025-02-20,2025,02,13.5138158603,NRSC VIC MODEL
Meghalaya,East Khasi Hills,2025-02-22,2025,02,13.6071978116,NRSC VIC MODEL
Meghalaya,East Khasi Hills,2025-02-23,2025,02,13.6385064036,NRSC VIC MODEL
Meghalaya,East Khasi Hills,2025-02-27,2025,02,14.3248456562,NRSC VIC MODEL
Meghalaya,North Garo Hills,2025-02-08,2025,02,13.7931706746,NRSC VIC MODEL
Meghalaya,North Garo Hills,2025-02-14,2025,02,13.7164989683,NRSC VIC MODEL
Meghalaya,North Garo Hills,2025-02-28,2025,02,16.269664312,NRSC VIC MODEL
Meghalaya,Ri Bhoi,2025-02-10,2025,02,17.3328081483,NRSC VIC MODEL
Meghalaya,Ri Bhoi,2025-02-20,2025,02,17.1615387312,NRSC VIC MODEL
Meghalaya,Ri Bhoi,2025-02-22,2025,02,17.1318469517,NRSC VIC MODEL
Meghalaya,Ri Bhoi,2025-02-23,2025,02,17.4299454127,NRSC VIC MODEL
Meghalaya,South Garo Hills,2025-02-03,2025,02,14.6279863064,NRSC VIC MODEL
Meghalaya,South Garo Hills,2025-02-09,2025,02,14.5817975876,NRSC VIC MODEL
Meghalaya,South Garo Hills,2025-02-15,2025,02,14.4464958066,NRSC VIC MODEL
Meghalaya,South Garo Hills,2025-02-16,2025,02,14.4281810394,NRSC VIC MODEL
Meghalaya,South Garo Hills,2025-02-19,2025,02,14.415523854,NRSC VIC MODEL
Meghalaya,South Garo Hills,2025-02-20,2025,02,14.391931026,NRSC VIC MODEL
Meghalaya,South Garo Hills,2025-02-23,2025,02,14.5322909064,NRSC VIC MODEL
Meghalaya,South West Garo Hills,2025-02-04,2025,02,8.3075345983,NRSC VIC MODEL
Meghalaya,South West Garo Hills,2025-02-14,2025,02,8.2411502879,NRSC VIC MODEL
Meghalaya,South West Garo Hills,2025-02-15,2025,02,8.2364986136,NRSC VIC MODEL
Meghalaya,South West Garo Hills,2025-02-19,2025,02,8.2191676215,NRSC VIC MODEL
Meghalaya,South West Garo Hills,2025-02-26,2025,02,9.9334993437,NRSC VIC MODEL
Meghalaya,South West Khasi Hills,2025-02-19,2025,02,11.8514234147,NRSC VIC MODEL
Meghalaya,South West Khasi Hills,2025-02-20,2025,02,11.8307647589,NRSC VIC MODEL
Meghalaya,South West Khasi Hills,2025-02-22,2025,02,11.8052349049,NRSC VIC MODEL
Meghalaya,South West Khasi Hills,2025-02-28,2025,02,12.9587822434,NRSC VIC MODEL
Meghalaya,West Garo Hills,2025-02-08,2025,02,16.2653266152,NRSC VIC MODEL
Meghalaya,West Garo Hills,2025-02-09,2025,02,16.3037591527,NRSC VIC MODEL
Meghalaya,West Garo Hills,2025-02-10,2025,02,16.2880798461,NRSC VIC MODEL
Meghalaya,West Garo Hills,2025-02-13,2025,02,16.2383996349,NRSC VIC MODEL
Meghalaya,West Garo Hills,2025-02-22,2025,02,16.1276402002,NRSC VIC MODEL
Meghalaya,West Garo Hills,2025-02-28,2025,02,19.1535287806,NRSC VIC MODEL
Meghalaya,West Jaintia Hills,2025-02-08,2025,02,15.1325252237,NRSC VIC MODEL
Meghalaya,West Jaintia Hills,2025-02-15,2025,02,14.8926306883,NRSC VIC MODEL
Meghalaya,West Jaintia Hills,2025-02-21,2025,02,14.8880878834,NRSC VIC MODEL
Meghalaya,West Jaintia Hills,2025-02-22,2025,02,15.4291286287,NRSC VIC MODEL
Meghalaya,West Jaintia Hills,2025-02-25,2025,02,16.9977397057,NRSC VIC MODEL
Meghalaya,West Jaintia Hills,2025-02-27,2025,02,16.7329888819,NRSC VIC MODEL
Meghalaya,West Khasi Hills,2025-02-03,2025,02,17.4046257362,NRSC VIC MODEL
Meghalaya,West Khasi Hills,2025-02-09,2025,02,17.1393008152,NRSC VIC MODEL
Meghalaya,West Khasi Hills,2025-02-16,2025,02,16.9328099242,NRSC VIC MODEL
Meghalaya,West Khasi Hills,2025-02-21,2025,02,16.8186300995,NRSC VIC MODEL
Meghalaya,West Khasi Hills,2025-02-23,2025,02,17.0596336623,NRSC VIC MODEL
Meghalaya,East Garo Hills,2025-03-05,2025,03,16.2546405379,NRSC VIC MODEL
Meghalaya,East Garo Hills,2025-03-11,2025,03,15.7135203466,NRSC VIC MODEL
Meghalaya,East Garo Hills,2025-03-13,2025,03,15.5743142865,NRSC VIC MODEL
Meghalaya,East Garo Hills,2025-03-19,2025,03,15.2301622376,NRSC VIC MODEL
Meghalaya,East Garo Hills,2025-03-23,2025,03,15.4380275431,NRSC VIC MODEL
Meghalaya,East Garo Hills,2025-03-25,2025,03,15.316835501,NRSC VIC MODEL
Meghalaya,East Garo Hills,2025-03-29,2025,03,15.1005781857,NRSC VIC MODEL
Meghalaya,East Garo Hills,2025-03-30,2025,03,15.0525700625,NRSC VIC MODEL
Meghalaya,East Jaintia Hills,2025-03-13,2025,03,13.6380811754,NRSC VIC MODEL
Meghalaya,East Jaintia Hills,2025-03-23,2025,03,13.5025406155,NRSC VIC MODEL
Meghalaya,East Jaintia Hills,2025-03-26,2025,03,13.1871083475,NRSC VIC MODEL
Meghalaya,East Jaintia Hills,2025-03-28,2025,03,13.0309899112,NRSC VIC MODEL
Meghalaya,East Jaintia Hills,2025-03-29,2025,03,12.9631911349,NRSC VIC MODEL
Meghalaya,East Khasi Hills,2025-03-05,2025,03,13.9797406652,NRSC VIC MODEL
Meghalaya,East Khasi Hills,2025-03-09,2025,03,13.8194615591,NRSC VIC MODEL
Meghalaya,East Khasi Hills,2025-03-14,2025,03,14.4254569095,NRSC VIC MODEL
Meghalaya,East Khasi Hills,2025-03-22,2025,03,16.3021036786,NRSC VIC MODEL
Meghalaya,East Khasi Hills,2025-03-26,2025,03,17.1103196352,NRSC VIC MODEL
Meghalaya,East Khasi Hills,2025-03-29,2025,03,16.3934356384,NRSC VIC MODEL
Meghalaya,East Khasi Hills,2025-03-31,2025,03,15.9862030797,NRSC VIC MODEL
Meghalaya,North Garo Hills,2025-03-01,2025,03,16.14827342,NRSC VIC MODEL
Meghalaya,North Garo Hills,2025-03-02,2025,03,16.0309873074,NRSC VIC MODEL
Meghalaya,North Garo Hills,2025-03-03,2025,03,15.9111474954,NRSC VIC MODEL
Meghalaya,North Garo Hills,2025-03-05,2025,03,15.6931898554,NRSC VIC MODEL
Meghalaya,North Garo Hills,2025-03-07,2025,03,15.5038481709,NRSC VIC MODEL
Meghalaya,North Garo Hills,2025-03-10,2025,03,15.2358402307,NRSC VIC MODEL
Meghalaya,North Garo Hills,2025-03-13,2025,03,15.0094752134,NRSC VIC MODEL
Meghalaya,North Garo Hills,2025-03-18,2025,03,14.688141842,NRSC VIC MODEL
Meghalaya,North Garo Hills,2025-03-19,2025,03,14.6299741498,NRSC VIC MODEL
Meghalaya,North Garo Hills,2025-03-21,2025,03,14.5256660052,NRSC VIC MODEL
Meghalaya,North Garo Hills,2025-03-23,2025,03,14.8709064731,NRSC VIC MODEL
Meghalaya,North Garo Hills,2025-03-30,2025,03,14.4552768179,NRSC VIC MODEL
Meghalaya,Ri Bhoi,2025-03-05,2025,03,20.7217691002,NRSC VIC MODEL
Meghalaya,Ri Bhoi,2025-03-13,2025,03,19.5225516406,NRSC VIC MODEL
Meghalaya,Ri Bhoi,2025-03-17,2025,03,19.0741124306,NRSC VIC MODEL
Meghalaya,Ri Bhoi,2025-03-29,2025,03,20.6638282394,NRSC VIC MODEL
Meghalaya,South Garo Hills,2025-03-01,2025,03,16.0243323562,NRSC VIC MODEL
Meghalaya,South Garo Hills,2025-03-17,2025,03,15.3682004962,NRSC VIC MODEL
Meghalaya,South Garo Hills,2025-03-28,2025,03,14.9979678517,NRSC VIC MODEL
Meghalaya,South West Garo Hills,2025-03-05,2025,03,10.073823553,NRSC VIC MODEL
Meghalaya,South West Garo Hills,2025-03-11,2025,03,9.6200607317,NRSC VIC MODEL
Meghalaya,South West Garo Hills,2025-03-12,2025,03,9.5584920196,NRSC VIC MODEL
Meghalaya,South West Garo Hills,2025-03-15,2025,03,9.3726782288,NRSC VIC MODEL
Meghalaya,South West Garo Hills,2025-03-16,2025,03,9.3256710473,NRSC VIC MODEL
Meghalaya,South West Garo Hills,2025-03-18,2025,03,9.2688655665,NRSC VIC MODEL
Meghalaya,South West Garo Hills,2025-03-19,2025,03,9.2117914678,NRSC VIC MODEL
Meghalaya,South West Garo Hills,2025-03-22,2025,03,9.2556164814,NRSC VIC MODEL
Meghalaya,South West Garo Hills,2025-03-24,2025,03,9.5449159328,NRSC VIC MODEL
Meghalaya,South West Khasi Hills,2025-03-06,2025,03,12.5072534221,NRSC VIC MODEL
Meghalaya,South West Khasi Hills,2025-03-07,2025,03,12.4541921173,NRSC VIC MODEL
Meghalaya,South West Khasi Hills,2025-03-12,2025,03,12.1999352965,NRSC VIC MODEL
Meghalaya,South West Khasi Hills,2025-03-18,2025,03,13.819795717,NRSC VIC MODEL
Meghalaya,South West Khasi Hills,2025-03-20,2025,03,13.5454543077,NRSC VIC MODEL
Meghalaya,South West Khasi Hills,2025-03-26,2025,03,13.3242471347,NRSC VIC MODEL
Meghalaya,South West Khasi Hills,2025-03-27,2025,03,13.2179704999,NRSC VIC MODEL
Meghalaya,South West Khasi Hills,2025-03-29,2025,03,13.0228817061,NRSC VIC MODEL
Meghalaya,West Garo Hills,2025-03-01,2025,03,19.0093586846,NRSC VIC MODEL
Meghalaya,West Garo Hills,2025-03-05,2025,03,18.4873681259,NRSC VIC MODEL
Meghalaya,West Garo Hills,2025-03-07,2025,03,18.2618880787,NRSC VIC MODEL
Meghalaya,West Garo Hills,2025-03-12,2025,03,17.7746598307,NRSC VIC MODEL
Meghalaya,West Garo Hills,2025-03-13,2025,03,17.6918523293,NRSC VIC MODEL
Meghalaya,West Garo Hills,2025-03-18,2025,03,17.3287716349,NRSC VIC MODEL
Meghalaya,West Garo Hills,2025-03-20,2025,03,17.2025526065,NRSC VIC MODEL
Meghalaya,West Garo Hills,2025-03-25,2025,03,17.2337521782,NRSC VIC MODEL
Meghalaya,West Garo Hills,2025-03-26,2025,03,17.1663300574,NRSC VIC MODEL
Meghalaya,West Garo Hills,2025-03-28,2025,03,17.0519821985,NRSC VIC MODEL
Meghalaya,West Garo Hills,2025-03-29,2025,03,17.0010340931,NRSC VIC MODEL
Meghalaya,West Garo Hills,2025-03-31,2025,03,16.9114229413,NRSC VIC MODEL
Meghalaya,West Jaintia Hills,2025-03-01,2025,03,16.5031753534,NRSC VIC MODEL
Meghalaya,West Jaintia Hills,2025-03-07,2025,03,15.9144177948,NRSC VIC MODEL
Meghalaya,West Jaintia Hills,2025-03-23,2025,03,16.1816187649,NRSC VIC MODEL
Meghalaya,West Jaintia Hills,2025-03-25,2025,03,16.4858060717,NRSC VIC MODEL
Meghalaya,West Khasi Hills,2025-03-01,2025,03,20.7228747341,NRSC VIC MODEL
Meghalaya,West Khasi Hills,2025-03-02,2025,03,20.4847025787,NRSC VIC MODEL
Meghalaya,West Khasi Hills,2025-03-03,2025,03,20.2616467355,NRSC VIC MODEL
Meghalaya,West Khasi Hills,2025-03-08,2025,03,19.3645381947,NRSC VIC MODEL
Meghalaya,West Khasi Hills,2025-03-13,2025,03,18.7302547853,NRSC VIC MODEL
Meghalaya,West Khasi Hills,2025-03-18,2025,03,18.6705517257,NRSC VIC MODEL
Meghalaya,West Khasi Hills,2025-03-26,2025,03,19.4293494436,NRSC VIC MODEL
Meghalaya,West Khasi Hills,2025-03-28,2025,03,19.07469944,NRSC VIC MODEL
Meghalaya,East Garo Hills,2025-06-14,2025,06,23.1257964544,NRSC VIC MODEL
Meghalaya,East Garo Hills,2025-06-18,2025,06,26.3459962484,NRSC VIC MODEL
Meghalaya,East Garo Hills,2025-06-19,2025,06,27.2662333521,NRSC VIC MODEL
Meghalaya,East Garo Hills,2025-06-23,2025,06,26.512654499,NRSC VIC MODEL
Meghalaya,East Garo Hills,2025-06-30,2025,06,26.7884624469,NRSC VIC MODEL
Meghalaya,East Jaintia Hills,2025-06-08,2025,06,18.9732444655,NRSC VIC MODEL
Meghalaya,East Jaintia Hills,2025-06-12,2025,06,18.8051920333,NRSC VIC MODEL
Meghalaya,East Jaintia Hills,2025-06-13,2025,06,18.3561309966,NRSC VIC MODEL
Meghalaya,East Jaintia Hills,2025-06-21,2025,06,20.3028124587,NRSC VIC MODEL
Meghalaya,East Jaintia Hills,2025-06-26,2025,06,22.1865398536,NRSC VIC MODEL
Meghalaya,East Khasi Hills,2025-06-05,2025,06,30.8004967318,NRSC VIC MODEL
Meghalaya,East Khasi Hills,2025-06-09,2025,06,25.2093833637,NRSC VIC MODEL
Meghalaya,East Khasi Hills,2025-06-11,2025,06,24.5767592733,NRSC VIC MODEL
Meghalaya,East Khasi Hills,2025-06-15,2025,06,25.2396086184,NRSC VIC MODEL
Meghalaya,East Khasi Hills,2025-06-20,2025,06,29.3678169268,NRSC VIC MODEL
Meghalaya,East Khasi Hills,2025-06-22,2025,06,29.3763995353,NRSC VIC MODEL
Meghalaya,North Garo Hills,2025-06-03,2025,06,23.4943425576,NRSC VIC MODEL
Meghalaya,North Garo Hills,2025-06-06,2025,06,23.9125768511,NRSC VIC MODEL
Meghalaya,North Garo Hills,2025-06-08,2025,06,22.3295290286,NRSC VIC MODEL
Meghalaya,North Garo Hills,2025-06-14,2025,06,20.2758057386,NRSC VIC MODEL
Meghalaya,North Garo Hills,2025-06-24,2025,06,24.0620634671,NRSC VIC MODEL
Meghalaya,Ri Bhoi,2025-06-04,2025,06,28.4251301279,NRSC VIC MODEL
Meghalaya,Ri Bhoi,2025-06-10,2025,06,27.1520973114,NRSC VIC MODEL
Meghalaya,Ri Bhoi,2025-06-11,2025,06,26.4941235671,NRSC VIC MODEL
Meghalaya,Ri Bhoi,2025-06-12,2025,06,27.6266113404,NRSC VIC MODEL
Meghalaya,Ri Bhoi,2025-06-13,2025,06,26.6610751818,NRSC VIC MODEL
Meghalaya,Ri Bhoi,2025-06-15,2025,06,29.1391823399,NRSC VIC MODEL
Meghalaya,Ri Bhoi,2025-06-27,2025,06,29.5910315208,NRSC VIC MODEL
Meghalaya,Ri Bhoi,2025-06-28,2025,06,29.6021613408,NRSC VIC MODEL
Meghalaya,Ri Bhoi,2025-06-29,2025,06,28.8993044221,NRSC VIC MODEL
Meghalaya,Ri Bhoi,2025-06-30,2025,06,29.0767303511,NRSC VIC MODEL
Meghalaya,South Garo Hills,2025-06-02,2025,06,28.6375988868,NRSC VIC MODEL
Meghalaya,South Garo Hills,2025-06-07,2025,06,24.7355167016,NRSC VIC MODEL
Meghalaya,South Garo Hills,2025-06-18,2025,06,25.9124165532,NRSC VIC MODEL
Meghalaya,South Garo Hills,2025-06-26,2025,06,27.0233431679,NRSC VIC MODEL
Meghalaya,South Garo Hills,2025-06-27,2025,06,25.83217037,NRSC VIC MODEL
Meghalaya,South West Garo Hills,2025-06-01,2025,06,17.1341787623,NRSC VIC MODEL
Meghalaya,South West Garo Hills,2025-06-02,2025,06,18.0478361047,NRSC VIC MODEL
Meghalaya,South West Garo Hills,2025-06-05,2025,06,16.2285304756,NRSC VIC MODEL
Meghalaya,South West Garo Hills,2025-06-09,2025,06,14.4113167357,NRSC VIC MODEL
Meghalaya,South West Garo Hills,2025-06-12,2025,06,14.0464993293,NRSC VIC MODEL
Meghalaya,South West Garo Hills,2025-06-24,2025,06,15.5513599601,NRSC VIC MODEL
Meghalaya,South West Garo Hills,2025-06-29,2025,06,13.8845788651,NRSC VIC MODEL
Meghalaya,South West Khasi Hills,2025-06-05,2025,06,25.7627908038,NRSC VIC MODEL
Meghalaya,South West Khasi Hills,2025-06-15,2025,06,24.4587251445,NRSC VIC MODEL
Meghalaya,South West Khasi Hills,2025-06-23,2025,06,26.5286029382,NRSC VIC MODEL
Meghalaya,South West Khasi Hills,2025-06-25,2025,06,25.7498201449,NRSC VIC MODEL
Meghalaya,South West Khasi Hills,2025-06-28,2025,06,22.5071938052,NRSC VIC MODEL
Meghalaya,West Garo Hills,2025-06-03,2025,06,27.6861488984,NRSC VIC MODEL
Meghalaya,West Garo Hills,2025-06-10,2025,06,25.0305188385,NRSC VIC MODEL
Meghalaya,West Garo Hills,2025-06-14,2025,06,23.9076888811,NRSC VIC MODEL
Meghalaya,West Garo Hills,2025-06-17,2025,06,24.3719763177,NRSC VIC MODEL
Meghalaya,West Garo Hills,2025-06-20,2025,06,26.5836818125,NRSC VIC MODEL
Meghalaya,West Garo Hills,2025-06-21,2025,06,26.0312224778,NRSC VIC MODEL
Meghalaya,West Garo Hills,2025-06-29,2025,06,25.3536057899,NRSC VIC MODEL
Meghalaya,West Garo Hills,2025-06-30,2025,06,25.2212306433,NRSC VIC MODEL
Meghalaya,West Jaintia Hills,2025-06-01,2025,06,28.859710621,NRSC VIC MODEL
Meghalaya,West Jaintia Hills,2025-06-09,2025,06,25.1367605211,NRSC VIC MODEL
Meghalaya,West Jaintia Hills,2025-06-16,2025,06,28.1750465719,NRSC VIC MODEL
Meghalaya,West Jaintia Hills,2025-06-22,2025,06,26.771573361,NRSC VIC MODEL
Meghalaya,West Jaintia Hills,2025-06-23,2025,06,26.8275291994,NRSC VIC MODEL
Meghalaya,West Jaintia Hills,2025-06-24,2025,06,28.2177069493,NRSC VIC MODEL
Meghalaya,West Jaintia Hills,2025-06-29,2025,06,25.5765589482,NRSC VIC MODEL
Meghalaya,West Khasi Hills,2025-06-04,2025,06,32.2874599742,NRSC VIC MODEL
Meghalaya,West Khasi Hills,2025-06-05,2025,06,33.2616037014,NRSC VIC MODEL
Meghalaya,West Khasi Hills,2025-06-14,2025,06,27.1311015349,NRSC VIC MODEL
Meghalaya,West Khasi Hills,2025-06-16,2025,06,31.9790539579,NRSC VIC MODEL
Meghalaya,West Khasi Hills,2025-06-18,2025,06,32.6857243949,NRSC VIC MODEL
Meghalaya,West Khasi Hills,2025-06-21,2025,06,30.6740891278,NRSC VIC MODEL
Meghalaya,West Khasi Hills,2025-06-24,2025,06,31.3943994198,NRSC VIC MODEL
Meghalaya,West Khasi Hills,2025-06-28,2025,06,30.0127899163,NRSC VIC MODEL
Meghalaya,West Khasi Hills,2025-06-30,2025,06,29.117854125,NRSC VIC MODEL
