Date,T2M,RH2M,PRECTOT,Year,Month
1997-01-01,12.08,53.41,,1997,1
1997-01-02,11.61,59.81,,1997,1
1997-01-03,11.43,64.8,,1997,1
1997-01-04,11.83,65.02,,1997,1
1997-01-05,11.29,66.01,,1997,1
1997-01-06,10.97,68.49,,1997,1
1997-01-07,9.6,73.83,,1997,1
1997-01-08,10.45,62.89,,1997,1
1997-01-09,10.71,64.78,,1997,1
1997-01-10,10.49,65.57,,1997,1
1997-01-11,11.32,56.73,,1997,1
1997-01-12,10.13,52.24,,1997,1
1997-01-13,8.6,53.24,,1997,1
1997-01-14,8.47,48.11,,1997,1
1997-01-15,9.25,52.13,,1997,1
1997-01-16,9.45,61.78,,1997,1
1997-01-17,9.06,67.83,,1997,1
1997-01-18,9.2,63.49,,1997,1
1997-01-19,9.56,63.36,,1997,1
1997-01-20,10.44,57.2,,1997,1
1997-01-21,7.6,69.56,,1997,1
1997-01-22,7.01,79.68,,1997,1
1997-01-23,7.21,75.45,,1997,1
1997-01-24,6.57,64.66,,1997,1
1997-01-25,7.08,56.19,,1997,1
1997-01-26,6.87,64.12,,1997,1
1997-01-27,8.95,64.27,,1997,1
1997-01-28,10.42,54.19,,1997,1
1997-01-29,9.58,55.15,,1997,1
1997-01-30,9.5,55.5,,1997,1
1997-01-31,8.86,50.55,,1997,1
1997-02-01,10.29,47.99,,1997,2
1997-02-02,9.28,44.97,,1997,2
1997-02-03,10.02,46.86,,1997,2
1997-02-04,9.6,75.94,,1997,2
1997-02-05,9.32,76.36,,1997,2
1997-02-06,8.67,56.38,,1997,2
1997-02-07,8.52,50.17,,1997,2
1997-02-08,7.46,48.07,,1997,2
1997-02-09,8.83,36.3,,1997,2
1997-02-10,9.12,51.15,,1997,2
1997-02-11,10.54,74.53,,1997,2
1997-02-12,10.64,61.1,,1997,2
1997-02-13,10.19,48.79,,1997,2
1997-02-14,9.89,44.06,,1997,2
1997-02-15,10.3,56.04,,1997,2
1997-02-16,11.34,62.75,,1997,2
1997-02-17,12.27,56.18,,1997,2
1997-02-18,12.47,42.74,,1997,2
1997-02-19,12.46,43.9,,1997,2
1997-02-20,12.64,59.22,,1997,2
1997-02-21,11.78,49.94,,1997,2
1997-02-22,10.96,38.87,,1997,2
1997-02-23,10.91,37.4,,1997,2
1997-02-24,10.86,47.67,,1997,2
1997-02-25,12.38,50.45,,1997,2
1997-02-26,13.77,48.69,,1997,2
1997-02-27,12.55,76.95,,1997,2
1997-02-28,13.68,66.19,,1997,2
1997-03-01,14.13,47.74,,1997,3
1997-03-02,15.73,38.1,,1997,3
1997-03-03,15.47,38.22,,1997,3
1997-03-04,14.91,43.69,,1997,3
1997-03-05,15.7,32.79,,1997,3
1997-03-06,15.31,34.93,,1997,3
1997-03-07,16.98,33.54,,1997,3
1997-03-08,17.59,33.99,,1997,3
1997-03-09,17.55,34.75,,1997,3
1997-03-10,17.21,36.92,,1997,3
1997-03-11,16.96,42.32,,1997,3
1997-03-12,17.3,46.35,,1997,3
1997-03-13,17.42,49.12,,1997,3
1997-03-14,17.18,68.43,,1997,3
1997-03-15,16.81,64.68,,1997,3
1997-03-16,16.65,63.37,,1997,3
1997-03-17,16.83,63.77,,1997,3
1997-03-18,15.99,58.85,,1997,3
1997-03-19,17.06,57.13,,1997,3
1997-03-20,17.87,54.89,,1997,3
1997-03-21,16.95,56.91,,1997,3
1997-03-22,16.74,55.68,,1997,3
1997-03-23,16.1,66.83,,1997,3
1997-03-24,16.2,77.98,,1997,3
1997-03-25,15.09,78.53,,1997,3
1997-03-26,16.53,66.36,,1997,3
1997-03-27,18.07,57.88,,1997,3
1997-03-28,17.49,61.57,,1997,3
1997-03-29,18.05,61.81,,1997,3
1997-03-30,15.61,81.41,,1997,3
1997-03-31,15.46,75.15,,1997,3
1997-04-01,15.21,75.78,,1997,4
1997-04-02,15.83,80.8,,1997,4
1997-04-03,16.35,84.35,,1997,4
1997-04-04,16.6,79.03,,1997,4
1997-04-05,17.14,71.26,,1997,4
1997-04-06,15.83,58.77,,1997,4
1997-04-07,15.94,54.16,,1997,4
1997-04-08,14.97,69.09,,1997,4
1997-04-09,16.43,65.82,,1997,4
1997-04-10,16.69,69.73,,1997,4
1997-04-11,16.49,68.95,,1997,4
1997-04-12,16.3,72.55,,1997,4
1997-04-13,16.88,73.84,,1997,4
1997-04-14,18.66,67.44,,1997,4
1997-04-15,17.44,77.47,,1997,4
1997-04-16,17.71,78.58,,1997,4
1997-04-17,18.25,79.89,,1997,4
1997-04-18,18.35,74.71,,1997,4
1997-04-19,20.22,49.86,,1997,4
1997-04-20,18.98,57.29,,1997,4
1997-04-21,18.98,66.04,,1997,4
1997-04-22,20.0,62.45,,1997,4
1997-04-23,18.18,71.31,,1997,4
1997-04-24,19.24,63.55,,1997,4
1997-04-25,19.89,63.45,,1997,4
1997-04-26,18.17,69.45,,1997,4
1997-04-27,17.91,71.85,,1997,4
1997-04-28,18.15,82.59,,1997,4
1997-04-29,19.68,78.9,,1997,4
1997-04-30,20.82,75.88,,1997,4
1997-05-01,21.0,74.06,,1997,5
1997-05-02,20.93,71.39,,1997,5
1997-05-03,20.5,74.52,,1997,5
1997-05-04,20.11,73.34,,1997,5
1997-05-05,20.99,64.54,,1997,5
1997-05-06,20.1,82.13,,1997,5
1997-05-07,18.07,84.36,,1997,5
1997-05-08,19.98,67.94,,1997,5
1997-05-09,19.8,71.59,,1997,5
1997-05-10,19.62,78.8,,1997,5
1997-05-11,20.14,70.75,,1997,5
1997-05-12,19.92,67.62,,1997,5
1997-05-13,20.77,78.31,,1997,5
1997-05-14,21.68,78.41,,1997,5
1997-05-15,22.51,72.4,,1997,5
1997-05-16,22.56,69.08,,1997,5
1997-05-17,22.18,71.86,,1997,5
1997-05-18,21.4,76.94,,1997,5
1997-05-19,18.34,87.95,,1997,5
1997-05-20,20.55,78.44,,1997,5
1997-05-21,21.02,83.03,,1997,5
1997-05-22,20.9,82.13,,1997,5
1997-05-23,20.01,89.03,,1997,5
1997-05-24,20.42,84.56,,1997,5
1997-05-25,19.43,88.5,,1997,5
1997-05-26,19.32,73.44,,1997,5
1997-05-27,19.61,85.74,,1997,5
1997-05-28,21.38,78.82,,1997,5
1997-05-29,20.7,82.85,,1997,5
1997-05-30,20.68,84.81,,1997,5
1997-05-31,20.69,84.74,,1997,5
1997-06-01,21.15,85.1,,1997,6
1997-06-02,21.16,87.98,,1997,6
1997-06-03,20.77,89.33,,1997,6
1997-06-04,21.34,85.07,,1997,6
1997-06-05,21.72,84.77,,1997,6
1997-06-06,21.84,86.9,,1997,6
1997-06-07,22.57,86.35,,1997,6
1997-06-08,21.38,90.12,,1997,6
1997-06-09,21.48,90.7,,1997,6
1997-06-10,20.72,90.93,,1997,6
1997-06-11,20.59,86.86,,1997,6
1997-06-12,20.99,87.95,,1997,6
1997-06-13,20.97,87.79,,1997,6
1997-06-14,21.61,87.22,,1997,6
1997-06-15,21.75,89.96,,1997,6
1997-06-16,22.53,88.61,,1997,6
1997-06-17,21.79,92.19,,1997,6
1997-06-18,21.45,87.97,,1997,6
1997-06-19,22.04,82.95,,1997,6
1997-06-20,22.49,85.78,,1997,6
1997-06-21,22.05,90.13,,1997,6
1997-06-22,21.79,87.77,,1997,6
1997-06-23,23.33,82.64,,1997,6
1997-06-24,23.68,82.81,,1997,6
1997-06-25,23.56,85.81,,1997,6
1997-06-26,23.18,86.16,,1997,6
1997-06-27,22.06,94.87,,1997,6
1997-06-28,21.65,91.84,,1997,6
1997-06-29,22.13,92.11,,1997,6
1997-06-30,23.11,91.4,,1997,6
1997-07-01,22.74,93.91,,1997,7
1997-07-02,22.67,90.71,,1997,7
1997-07-03,21.99,90.2,,1997,7
1997-07-04,22.78,90.81,,1997,7
1997-07-05,22.66,92.4,,1997,7
1997-07-06,22.85,93.1,,1997,7
1997-07-07,22.1,94.48,,1997,7
1997-07-08,22.57,94.38,,1997,7
1997-07-09,22.27,94.33,,1997,7
1997-07-10,20.59,95.21,,1997,7
1997-07-11,21.32,93.99,,1997,7
1997-07-12,22.23,94.33,,1997,7
1997-07-13,21.84,93.58,,1997,7
1997-07-14,22.69,91.71,,1997,7
1997-07-15,22.35,93.64,,1997,7
1997-07-16,23.52,87.84,,1997,7
1997-07-17,23.32,88.69,,1997,7
1997-07-18,22.65,89.46,,1997,7
1997-07-19,22.06,89.07,,1997,7
1997-07-20,21.68,90.88,,1997,7
1997-07-21,21.47,91.46,,1997,7
1997-07-22,22.42,87.4,,1997,7
1997-07-23,22.99,83.31,,1997,7
1997-07-24,23.28,84.23,,1997,7
1997-07-25,22.32,94.65,,1997,7
1997-07-26,22.35,93.32,,1997,7
1997-07-27,23.28,89.67,,1997,7
1997-07-28,24.14,87.0,,1997,7
1997-07-29,23.14,90.79,,1997,7
1997-07-30,23.24,90.43,,1997,7
1997-07-31,22.76,91.93,,1997,7
1997-08-01,23.03,90.27,,1997,8
1997-08-02,22.84,93.43,,1997,8
1997-08-03,23.23,89.77,,1997,8
1997-08-04,23.84,88.41,,1997,8
1997-08-05,22.27,90.65,,1997,8
1997-08-06,21.56,92.17,,1997,8
1997-08-07,22.47,90.81,,1997,8
1997-08-08,22.74,91.88,,1997,8
1997-08-09,22.15,93.29,,1997,8
1997-08-10,21.6,92.39,,1997,8
1997-08-11,21.56,95.83,,1997,8
1997-08-12,21.67,91.84,,1997,8
1997-08-13,20.92,94.73,,1997,8
1997-08-14,21.05,92.11,,1997,8
1997-08-15,22.08,93.08,,1997,8
1997-08-16,22.3,91.91,,1997,8
1997-08-17,22.41,91.18,,1997,8
1997-08-18,22.79,89.87,,1997,8
1997-08-19,22.18,88.67,,1997,8
1997-08-20,20.86,90.81,,1997,8
1997-08-21,21.1,92.48,,1997,8
1997-08-22,20.84,92.59,,1997,8
1997-08-23,21.91,88.75,,1997,8
1997-08-24,22.85,84.72,,1997,8
1997-08-25,22.38,87.98,,1997,8
1997-08-26,21.4,91.52,,1997,8
1997-08-27,23.24,86.22,,1997,8
1997-08-28,23.05,89.03,,1997,8
1997-08-29,21.11,96.06,,1997,8
1997-08-30,20.87,93.89,,1997,8
1997-08-31,20.44,95.98,,1997,8
1997-09-01,20.66,92.6,,1997,9
1997-09-02,21.97,91.88,,1997,9
1997-09-03,22.06,94.79,,1997,9
1997-09-04,21.78,94.08,,1997,9
1997-09-05,21.35,97.84,,1997,9
1997-09-06,20.68,94.95,,1997,9
1997-09-07,22.14,89.42,,1997,9
1997-09-08,21.73,88.5,,1997,9
1997-09-09,21.31,88.82,,1997,9
1997-09-10,20.98,89.22,,1997,9
1997-09-11,20.2,93.78,,1997,9
1997-09-12,20.38,96.54,,1997,9
1997-09-13,20.82,92.77,,1997,9
1997-09-14,20.93,93.63,,1997,9
1997-09-15,20.72,94.38,,1997,9
1997-09-16,20.64,96.92,,1997,9
1997-09-17,19.95,92.36,,1997,9
1997-09-18,20.37,91.81,,1997,9
1997-09-19,21.03,94.61,,1997,9
1997-09-20,20.56,90.58,,1997,9
1997-09-21,21.27,82.54,,1997,9
1997-09-22,20.57,91.62,,1997,9
1997-09-23,20.46,95.57,,1997,9
1997-09-24,20.46,90.6,,1997,9
1997-09-25,20.34,90.99,,1997,9
1997-09-26,19.5,93.99,,1997,9
1997-09-27,15.85,95.59,,1997,9
1997-09-28,17.94,88.28,,1997,9
1997-09-29,18.81,91.54,,1997,9
1997-09-30,18.68,93.08,,1997,9
1997-10-01,18.11,82.72,,1997,10
1997-10-02,18.3,82.05,,1997,10
1997-10-03,18.33,83.92,,1997,10
1997-10-04,18.99,80.9,,1997,10
1997-10-05,19.79,73.85,,1997,10
1997-10-06,19.33,82.6,,1997,10
1997-10-07,19.48,86.02,,1997,10
1997-10-08,19.28,90.11,,1997,10
1997-10-09,19.53,88.97,,1997,10
1997-10-10,18.1,88.51,,1997,10
1997-10-11,18.02,78.67,,1997,10
1997-10-12,17.27,83.02,,1997,10
1997-10-13,17.66,83.87,,1997,10
1997-10-14,17.42,84.72,,1997,10
1997-10-15,17.02,84.66,,1997,10
1997-10-16,18.06,81.05,,1997,10
1997-10-17,18.1,80.85,,1997,10
1997-10-18,18.06,76.32,,1997,10
1997-10-19,17.13,76.25,,1997,10
1997-10-20,17.8,77.19,,1997,10
1997-10-21,17.09,83.4,,1997,10
1997-10-22,17.3,84.47,,1997,10
1997-10-23,17.55,83.46,,1997,10
1997-10-24,17.28,85.04,,1997,10
1997-10-25,17.07,79.72,,1997,10
1997-10-26,15.92,74.91,,1997,10
1997-10-27,16.29,69.44,,1997,10
1997-10-28,15.56,76.26,,1997,10
1997-10-29,16.16,78.89,,1997,10
1997-10-30,16.13,84.73,,1997,10
1997-10-31,16.42,85.64,,1997,10
1997-11-01,16.56,86.26,,1997,11
1997-11-02,16.09,81.7,,1997,11
1997-11-03,14.83,87.56,,1997,11
1997-11-04,15.88,87.78,,1997,11
1997-11-05,17.98,82.1,,1997,11
1997-11-06,17.44,86.36,,1997,11
1997-11-07,17.66,79.64,,1997,11
1997-11-08,17.02,83.64,,1997,11
1997-11-09,15.58,83.8,,1997,11
1997-11-10,15.05,88.26,,1997,11
1997-11-11,15.17,90.95,,1997,11
1997-11-12,15.41,85.17,,1997,11
1997-11-13,14.85,84.84,,1997,11
1997-11-14,14.57,82.63,,1997,11
1997-11-15,13.78,84.55,,1997,11
1997-11-16,13.59,84.17,,1997,11
1997-11-17,13.83,83.56,,1997,11
1997-11-18,14.31,79.25,,1997,11
1997-11-19,14.61,81.67,,1997,11
1997-11-20,14.34,86.61,,1997,11
1997-11-21,14.71,84.36,,1997,11
1997-11-22,13.68,79.79,,1997,11
1997-11-23,13.13,81.49,,1997,11
1997-11-24,12.88,88.55,,1997,11
1997-11-25,14.03,87.75,,1997,11
1997-11-26,14.13,87.78,,1997,11
1997-11-27,13.84,88.22,,1997,11
1997-11-28,12.69,85.17,,1997,11
1997-11-29,12.84,82.2,,1997,11
1997-11-30,13.38,79.74,,1997,11
1997-12-01,14.58,75.92,,1997,12
1997-12-02,13.89,78.04,,1997,12
1997-12-03,12.11,81.0,,1997,12
1997-12-04,13.16,74.79,,1997,12
1997-12-05,12.73,83.69,,1997,12
1997-12-06,11.57,81.19,,1997,12
1997-12-07,12.37,76.79,,1997,12
1997-12-08,12.58,79.87,,1997,12
1997-12-09,12.03,82.0,,1997,12
1997-12-10,11.5,91.8,,1997,12
1997-12-11,11.67,87.18,,1997,12
1997-12-12,11.59,86.38,,1997,12
1997-12-13,11.44,82.56,,1997,12
1997-12-14,10.93,92.47,,1997,12
1997-12-15,11.83,84.35,,1997,12
1997-12-16,10.99,83.5,,1997,12
1997-12-17,10.83,79.35,,1997,12
1997-12-18,10.53,81.9,,1997,12
1997-12-19,10.76,74.74,,1997,12
1997-12-20,10.39,79.66,,1997,12
1997-12-21,9.31,84.15,,1997,12
1997-12-22,8.58,76.66,,1997,12
1997-12-23,10.14,68.24,,1997,12
1997-12-24,9.27,80.1,,1997,12
1997-12-25,8.28,81.42,,1997,12
1997-12-26,8.84,70.94,,1997,12
1997-12-27,9.78,69.09,,1997,12
1997-12-28,10.08,70.83,,1997,12
1997-12-29,9.91,70.86,,1997,12
1997-12-30,10.12,71.12,,1997,12
1997-12-31,10.78,75.22,,1997,12
1998-01-01,8.71,79.72,,1998,1
1998-01-02,8.43,78.92,,1998,1
1998-01-03,7.9,75.14,,1998,1
1998-01-04,9.69,59.33,,1998,1
1998-01-05,10.84,57.66,,1998,1
1998-01-06,8.93,73.96,,1998,1
1998-01-07,9.04,72.46,,1998,1
1998-01-08,8.85,74.61,,1998,1
1998-01-09,9.39,75.28,,1998,1
1998-01-10,8.38,76.01,,1998,1
1998-01-11,8.25,78.59,,1998,1
1998-01-12,7.82,75.41,,1998,1
1998-01-13,7.76,73.26,,1998,1
1998-01-14,9.57,79.2,,1998,1
1998-01-15,8.22,76.68,,1998,1
1998-01-16,7.72,70.95,,1998,1
1998-01-17,8.03,76.66,,1998,1
1998-01-18,8.86,75.57,,1998,1
1998-01-19,8.3,68.19,,1998,1
1998-01-20,7.85,50.7,,1998,1
1998-01-21,7.56,71.75,,1998,1
1998-01-22,6.43,76.07,,1998,1
1998-01-23,7.05,77.72,,1998,1
1998-01-24,7.83,74.31,,1998,1
1998-01-25,8.55,67.54,,1998,1
1998-01-26,9.87,59.06,,1998,1
1998-01-27,10.13,64.67,,1998,1
1998-01-28,11.84,65.3,,1998,1
1998-01-29,12.38,67.9,,1998,1
1998-01-30,11.14,77.39,,1998,1
1998-01-31,10.6,80.44,,1998,1
1998-02-01,10.48,81.24,,1998,2
1998-02-02,11.41,78.38,,1998,2
1998-02-03,11.27,72.14,,1998,2
1998-02-04,11.29,76.52,,1998,2
1998-02-05,10.05,60.54,,1998,2
1998-02-06,9.49,52.78,,1998,2
1998-02-07,9.8,61.58,,1998,2
1998-02-08,9.62,63.98,,1998,2
1998-02-09,9.72,62.33,,1998,2
1998-02-10,10.57,62.01,,1998,2
1998-02-11,12.34,55.99,,1998,2
1998-02-12,12.51,54.49,,1998,2
1998-02-13,12.85,54.4,,1998,2
1998-02-14,12.51,59.64,,1998,2
1998-02-15,12.74,59.78,,1998,2
1998-02-16,12.85,58.78,,1998,2
1998-02-17,13.23,71.07,,1998,2
1998-02-18,13.35,77.32,,1998,2
1998-02-19,12.96,75.57,,1998,2
1998-02-20,12.71,55.27,,1998,2
1998-02-21,11.72,50.63,,1998,2
1998-02-22,11.54,51.23,,1998,2
1998-02-23,11.98,67.62,,1998,2
1998-02-24,12.62,64.32,,1998,2
1998-02-25,14.57,67.0,,1998,2
1998-02-26,14.03,86.23,,1998,2
1998-02-27,14.17,79.55,,1998,2
1998-02-28,13.1,51.14,,1998,2
1998-03-01,12.81,52.65,,1998,3
1998-03-02,11.94,48.6,,1998,3
1998-03-03,12.92,51.03,,1998,3
1998-03-04,14.07,53.03,,1998,3
1998-03-05,14.45,53.03,,1998,3
1998-03-06,14.26,64.59,,1998,3
1998-03-07,13.95,82.13,,1998,3
1998-03-08,12.04,54.97,,1998,3
1998-03-09,10.71,43.05,,1998,3
1998-03-10,12.17,39.54,,1998,3
1998-03-11,13.7,42.05,,1998,3
1998-03-12,14.55,44.08,,1998,3
1998-03-13,13.06,71.41,,1998,3
1998-03-14,14.18,82.24,,1998,3
1998-03-15,14.69,62.83,,1998,3
1998-03-16,14.65,44.22,,1998,3
1998-03-17,15.73,43.17,,1998,3
1998-03-18,15.57,49.67,,1998,3
1998-03-19,14.51,68.25,,1998,3
1998-03-20,15.34,55.8,,1998,3
1998-03-21,16.29,51.81,,1998,3
1998-03-22,16.95,63.64,,1998,3
1998-03-23,16.05,88.57,,1998,3
1998-03-24,15.07,91.54,,1998,3
1998-03-25,14.73,82.13,,1998,3
1998-03-26,15.52,71.13,,1998,3
1998-03-27,15.48,68.12,,1998,3
1998-03-28,16.37,64.36,,1998,3
1998-03-29,17.83,60.6,,1998,3
1998-03-30,13.61,79.3,,1998,3
1998-03-31,14.58,77.09,,1998,3
1998-04-01,16.49,65.95,,1998,4
1998-04-02,18.03,53.14,,1998,4
1998-04-03,18.59,49.07,,1998,4
1998-04-04,19.11,47.47,,1998,4
1998-04-05,19.25,56.28,,1998,4
1998-04-06,17.88,81.64,,1998,4
1998-04-07,18.97,75.63,,1998,4
1998-04-08,18.31,78.0,,1998,4
1998-04-09,17.91,88.85,,1998,4
1998-04-10,18.92,88.18,,1998,4
1998-04-11,19.45,83.39,,1998,4
1998-04-12,17.63,74.79,,1998,4
1998-04-13,17.89,57.91,,1998,4
1998-04-14,18.27,64.65,,1998,4
1998-04-15,20.46,56.99,,1998,4
1998-04-16,20.24,58.93,,1998,4
1998-04-17,19.66,65.69,,1998,4
1998-04-18,19.49,65.34,,1998,4
1998-04-19,19.29,69.63,,1998,4
1998-04-20,18.71,74.55,,1998,4
1998-04-21,19.5,86.26,,1998,4
1998-04-22,20.34,92.94,,1998,4
1998-04-23,19.61,83.32,,1998,4
1998-04-24,18.74,79.58,,1998,4
1998-04-25,19.31,73.66,,1998,4
1998-04-26,20.22,76.01,,1998,4
1998-04-27,20.8,77.55,,1998,4
1998-04-28,20.0,85.97,,1998,4
1998-04-29,19.37,85.45,,1998,4
1998-04-30,19.63,86.15,,1998,4
1998-05-01,20.12,82.89,,1998,5
1998-05-02,20.16,79.36,,1998,5
1998-05-03,21.29,71.9,,1998,5
1998-05-04,21.45,78.12,,1998,5
1998-05-05,19.89,85.15,,1998,5
1998-05-06,20.1,78.94,,1998,5
1998-05-07,21.0,77.77,,1998,5
1998-05-08,20.42,87.94,,1998,5
1998-05-09,20.62,86.81,,1998,5
1998-05-10,20.74,80.68,,1998,5
1998-05-11,20.51,76.16,,1998,5
1998-05-12,19.67,71.88,,1998,5
1998-05-13,20.92,64.57,,1998,5
1998-05-14,21.59,65.71,,1998,5
1998-05-15,20.99,73.52,,1998,5
1998-05-16,21.9,70.27,,1998,5
1998-05-17,21.48,75.2,,1998,5
1998-05-18,23.45,68.06,,1998,5
1998-05-19,21.26,79.86,,1998,5
1998-05-20,22.11,79.94,,1998,5
1998-05-21,23.53,84.94,,1998,5
1998-05-22,23.24,87.84,,1998,5
1998-05-23,22.76,87.69,,1998,5
1998-05-24,22.85,87.54,,1998,5
1998-05-25,22.62,84.4,,1998,5
1998-05-26,21.97,84.43,,1998,5
1998-05-27,21.93,85.5,,1998,5
1998-05-28,22.43,88.38,,1998,5
1998-05-29,22.43,88.08,,1998,5
1998-05-30,22.95,88.33,,1998,5
1998-05-31,22.63,90.14,,1998,5
1998-06-01,22.36,89.78,,1998,6
1998-06-02,22.35,88.44,,1998,6
1998-06-03,22.54,88.57,,1998,6
1998-06-04,22.14,89.88,,1998,6
1998-06-05,21.84,90.07,,1998,6
1998-06-06,22.43,89.66,,1998,6
1998-06-07,22.78,89.3,,1998,6
1998-06-08,22.49,91.06,,1998,6
1998-06-09,23.22,90.31,,1998,6
1998-06-10,23.22,88.51,,1998,6
1998-06-11,22.54,88.76,,1998,6
1998-06-12,22.22,92.94,,1998,6
1998-06-13,23.0,86.4,,1998,6
1998-06-14,22.41,88.42,,1998,6
1998-06-15,22.66,89.47,,1998,6
1998-06-16,22.59,91.77,,1998,6
1998-06-17,22.51,90.72,,1998,6
1998-06-18,22.46,92.53,,1998,6
1998-06-19,22.81,91.02,,1998,6
1998-06-20,23.43,89.78,,1998,6
1998-06-21,22.6,94.24,,1998,6
1998-06-22,22.68,92.23,,1998,6
1998-06-23,22.54,93.98,,1998,6
1998-06-24,22.72,91.99,,1998,6
1998-06-25,22.34,94.65,,1998,6
1998-06-26,22.9,91.38,,1998,6
1998-06-27,22.42,95.59,,1998,6
1998-06-28,21.92,95.86,,1998,6
1998-06-29,22.28,93.07,,1998,6
1998-06-30,23.05,87.65,,1998,6
1998-07-01,23.75,86.16,,1998,7
1998-07-02,22.7,92.77,,1998,7
1998-07-03,22.47,95.08,,1998,7
1998-07-04,22.86,93.93,,1998,7
1998-07-05,23.06,92.39,,1998,7
1998-07-06,22.92,92.56,,1998,7
1998-07-07,22.95,92.88,,1998,7
1998-07-08,22.41,93.13,,1998,7
1998-07-09,22.78,90.01,,1998,7
1998-07-10,22.56,93.13,,1998,7
1998-07-11,22.68,94.37,,1998,7
1998-07-12,22.09,96.7,,1998,7
1998-07-13,21.76,95.94,,1998,7
1998-07-14,22.71,91.42,,1998,7
1998-07-15,22.54,92.51,,1998,7
1998-07-16,21.8,94.85,,1998,7
1998-07-17,22.69,92.18,,1998,7
1998-07-18,22.37,94.15,,1998,7
1998-07-19,21.84,92.67,,1998,7
1998-07-20,21.6,95.82,,1998,7
1998-07-21,22.67,94.22,,1998,7
1998-07-22,22.8,93.3,,1998,7
1998-07-23,23.05,94.53,,1998,7
1998-07-24,22.94,93.93,,1998,7
1998-07-25,21.58,94.68,,1998,7
1998-07-26,22.5,93.0,,1998,7
1998-07-27,22.59,90.72,,1998,7
1998-07-28,23.1,91.56,,1998,7
1998-07-29,22.34,93.38,,1998,7
1998-07-30,22.41,92.52,,1998,7
1998-07-31,22.38,92.79,,1998,7
1998-08-01,22.6,94.28,,1998,8
1998-08-02,21.97,95.95,,1998,8
1998-08-03,22.07,96.34,,1998,8
1998-08-04,22.65,92.76,,1998,8
1998-08-05,22.48,92.44,,1998,8
1998-08-06,23.16,89.95,,1998,8
1998-08-07,22.6,92.06,,1998,8
1998-08-08,22.22,95.34,,1998,8
1998-08-09,23.53,87.87,,1998,8
1998-08-10,23.23,91.54,,1998,8
1998-08-11,22.27,94.41,,1998,8
1998-08-12,21.7,94.85,,1998,8
1998-08-13,22.69,93.27,,1998,8
1998-08-14,22.57,93.99,,1998,8
1998-08-15,22.11,94.47,,1998,8
1998-08-16,21.95,96.78,,1998,8
1998-08-17,21.66,96.46,,1998,8
1998-08-18,22.44,93.2,,1998,8
1998-08-19,22.34,93.92,,1998,8
1998-08-20,21.88,94.55,,1998,8
1998-08-21,23.13,88.73,,1998,8
1998-08-22,22.28,92.29,,1998,8
1998-08-23,22.52,93.01,,1998,8
1998-08-24,22.4,94.75,,1998,8
1998-08-25,22.45,93.56,,1998,8
1998-08-26,22.27,92.48,,1998,8
1998-08-27,21.88,94.73,,1998,8
1998-08-28,21.56,95.27,,1998,8
1998-08-29,22.28,94.51,,1998,8
1998-08-30,22.2,95.26,,1998,8
1998-08-31,22.47,96.66,,1998,8
1998-09-01,22.28,95.36,,1998,9
1998-09-02,22.16,96.21,,1998,9
1998-09-03,21.45,96.06,,1998,9
1998-09-04,21.21,96.87,,1998,9
1998-09-05,21.18,97.22,,1998,9
1998-09-06,20.48,92.55,,1998,9
1998-09-07,20.17,84.5,,1998,9
1998-09-08,20.5,82.22,,1998,9
1998-09-09,19.72,91.1,,1998,9
1998-09-10,20.95,88.93,,1998,9
1998-09-11,21.54,88.68,,1998,9
1998-09-12,21.95,86.07,,1998,9
1998-09-13,22.13,87.32,,1998,9
1998-09-14,22.35,87.57,,1998,9
1998-09-15,22.63,85.62,,1998,9
1998-09-16,22.41,85.89,,1998,9
1998-09-17,21.78,89.74,,1998,9
1998-09-18,22.99,82.81,,1998,9
1998-09-19,21.87,91.74,,1998,9
1998-09-20,21.61,89.35,,1998,9
1998-09-21,21.1,89.07,,1998,9
1998-09-22,21.02,89.59,,1998,9
1998-09-23,22.12,86.6,,1998,9
1998-09-24,22.78,88.48,,1998,9
1998-09-25,22.76,89.31,,1998,9
1998-09-26,22.82,87.84,,1998,9
1998-09-27,23.14,84.39,,1998,9
1998-09-28,21.3,89.47,,1998,9
1998-09-29,21.12,86.67,,1998,9
1998-09-30,21.15,83.77,,1998,9
1998-10-01,20.94,81.5,,1998,10
1998-10-02,20.34,82.51,,1998,10
1998-10-03,20.54,80.77,,1998,10
1998-10-04,19.85,87.71,,1998,10
1998-10-05,20.24,81.36,,1998,10
1998-10-06,21.61,75.09,,1998,10
1998-10-07,21.94,74.18,,1998,10
1998-10-08,21.66,75.47,,1998,10
1998-10-09,21.99,76.04,,1998,10
1998-10-10,21.38,83.07,,1998,10
1998-10-11,21.32,87.01,,1998,10
1998-10-12,21.07,85.92,,1998,10
1998-10-13,20.73,86.99,,1998,10
1998-10-14,20.82,87.15,,1998,10
1998-10-15,20.06,89.7,,1998,10
1998-10-16,19.82,91.14,,1998,10
1998-10-17,20.51,88.01,,1998,10
1998-10-18,21.21,94.09,,1998,10
1998-10-19,21.21,94.34,,1998,10
1998-10-20,20.21,95.72,,1998,10
1998-10-21,19.48,95.84,,1998,10
1998-10-22,19.4,88.93,,1998,10
1998-10-23,19.29,86.47,,1998,10
1998-10-24,18.97,81.78,,1998,10
1998-10-25,18.78,79.62,,1998,10
1998-10-26,18.67,85.21,,1998,10
1998-10-27,18.92,85.23,,1998,10
1998-10-28,17.48,86.17,,1998,10
1998-10-29,17.74,83.18,,1998,10
1998-10-30,16.63,89.04,,1998,10
1998-10-31,17.31,81.53,,1998,10
1998-11-01,17.7,80.26,,1998,11
1998-11-02,16.0,83.55,,1998,11
1998-11-03,16.03,75.67,,1998,11
1998-11-04,16.1,77.08,,1998,11
1998-11-05,15.71,74.93,,1998,11
1998-11-06,16.19,71.6,,1998,11
1998-11-07,17.28,66.01,,1998,11
1998-11-08,16.53,75.58,,1998,11
1998-11-09,16.05,77.93,,1998,11
1998-11-10,16.67,79.59,,1998,11
1998-11-11,16.27,82.67,,1998,11
1998-11-12,14.75,79.1,,1998,11
1998-11-13,14.11,69.69,,1998,11
1998-11-14,14.56,73.53,,1998,11
1998-11-15,16.58,74.91,,1998,11
1998-11-16,18.17,76.07,,1998,11
1998-11-17,17.28,82.8,,1998,11
1998-11-18,17.44,86.14,,1998,11
1998-11-19,18.15,81.14,,1998,11
1998-11-20,18.69,79.1,,1998,11
1998-11-21,17.85,87.32,,1998,11
1998-11-22,18.09,89.47,,1998,11
1998-11-23,16.98,93.81,,1998,11
1998-11-24,18.16,92.85,,1998,11
1998-11-25,17.17,87.79,,1998,11
1998-11-26,15.3,83.65,,1998,11
1998-11-27,14.86,82.3,,1998,11
1998-11-28,15.52,81.15,,1998,11
1998-11-29,15.65,82.77,,1998,11
1998-11-30,14.44,85.4,,1998,11
1998-12-01,13.68,88.09,,1998,12
1998-12-02,12.84,82.54,,1998,12
1998-12-03,12.25,75.42,,1998,12
1998-12-04,14.01,63.45,,1998,12
1998-12-05,13.95,73.91,,1998,12
1998-12-06,12.73,79.49,,1998,12
1998-12-07,14.48,66.86,,1998,12
1998-12-08,14.13,75.69,,1998,12
1998-12-09,12.54,80.17,,1998,12
1998-12-10,12.96,83.05,,1998,12
1998-12-11,11.72,83.86,,1998,12
1998-12-12,12.4,84.74,,1998,12
1998-12-13,11.71,87.4,,1998,12
1998-12-14,11.67,77.66,,1998,12
1998-12-15,11.68,76.48,,1998,12
1998-12-16,12.7,67.17,,1998,12
1998-12-17,13.35,66.2,,1998,12
1998-12-18,11.82,72.09,,1998,12
1998-12-19,11.04,73.04,,1998,12
1998-12-20,11.08,58.89,,1998,12
1998-12-21,12.61,52.03,,1998,12
1998-12-22,12.04,56.13,,1998,12
1998-12-23,10.95,59.27,,1998,12
1998-12-24,10.79,67.86,,1998,12
1998-12-25,11.16,69.61,,1998,12
1998-12-26,10.4,67.83,,1998,12
1998-12-27,11.81,59.81,,1998,12
1998-12-28,11.33,64.5,,1998,12
1998-12-29,11.61,66.12,,1998,12
1998-12-30,10.8,81.0,,1998,12
1998-12-31,10.82,74.31,,1998,12
1999-01-01,9.93,77.43,,1999,1
1999-01-02,8.91,69.13,,1999,1
1999-01-03,9.52,55.03,,1999,1
1999-01-04,12.43,50.53,,1999,1
1999-01-05,11.76,62.96,,1999,1
1999-01-06,12.67,52.37,,1999,1
1999-01-07,12.35,55.0,,1999,1
1999-01-08,10.29,64.74,,1999,1
1999-01-09,10.12,73.14,,1999,1
1999-01-10,9.63,76.66,,1999,1
1999-01-11,7.79,69.67,,1999,1
1999-01-12,7.97,72.12,,1999,1
1999-01-13,9.97,58.8,,1999,1
1999-01-14,9.59,65.1,,1999,1
1999-01-15,10.18,60.5,,1999,1
1999-01-16,10.85,61.08,,1999,1
1999-01-17,11.32,57.63,,1999,1
1999-01-18,10.62,61.29,,1999,1
1999-01-19,11.19,61.06,,1999,1
1999-01-20,10.31,63.68,,1999,1
1999-01-21,11.7,57.58,,1999,1
1999-01-22,12.0,62.52,,1999,1
1999-01-23,11.82,59.9,,1999,1
1999-01-24,11.2,69.49,,1999,1
1999-01-25,11.6,70.3,,1999,1
1999-01-26,11.19,70.13,,1999,1
1999-01-27,10.12,78.66,,1999,1
1999-01-28,11.54,67.22,,1999,1
1999-01-29,11.99,64.22,,1999,1
1999-01-30,11.01,61.29,,1999,1
1999-01-31,10.56,55.97,,1999,1
1999-02-01,10.36,64.7,,1999,2
1999-02-02,12.33,56.11,,1999,2
1999-02-03,13.78,54.58,,1999,2
1999-02-04,15.28,50.24,,1999,2
1999-02-05,13.69,53.74,,1999,2
1999-02-06,12.72,71.29,,1999,2
1999-02-07,12.67,75.65,,1999,2
1999-02-08,15.04,56.4,,1999,2
1999-02-09,16.46,52.82,,1999,2
1999-02-10,16.69,52.48,,1999,2
1999-02-11,16.82,52.51,,1999,2
1999-02-12,17.31,52.74,,1999,2
1999-02-13,16.47,53.66,,1999,2
1999-02-14,15.56,57.6,,1999,2
1999-02-15,16.22,53.95,,1999,2
1999-02-16,15.37,61.91,,1999,2
1999-02-17,14.99,57.24,,1999,2
1999-02-18,14.55,49.14,,1999,2
1999-02-19,14.22,52.73,,1999,2
1999-02-20,14.28,56.49,,1999,2
1999-02-21,14.39,51.49,,1999,2
1999-02-22,12.95,47.62,,1999,2
1999-02-23,13.75,46.48,,1999,2
1999-02-24,15.1,47.26,,1999,2
1999-02-25,15.42,51.88,,1999,2
1999-02-26,16.29,54.13,,1999,2
1999-02-27,15.8,59.86,,1999,2
1999-02-28,14.58,49.87,,1999,2
1999-03-01,13.93,50.72,,1999,3
1999-03-02,13.98,45.64,,1999,3
1999-03-03,15.77,44.8,,1999,3
1999-03-04,15.45,50.49,,1999,3
1999-03-05,15.44,46.63,,1999,3
1999-03-06,15.65,51.01,,1999,3
1999-03-07,16.88,49.28,,1999,3
1999-03-08,16.82,51.67,,1999,3
1999-03-09,16.59,54.53,,1999,3
1999-03-10,17.0,52.4,,1999,3
1999-03-11,16.24,46.29,,1999,3
1999-03-12,15.94,51.21,,1999,3
1999-03-13,15.71,62.93,,1999,3
1999-03-14,15.3,39.78,,1999,3
1999-03-15,15.95,33.5,,1999,3
1999-03-16,15.18,35.24,,1999,3
1999-03-17,15.31,34.47,,1999,3
1999-03-18,16.36,42.62,,1999,3
1999-03-19,15.65,42.96,,1999,3
1999-03-20,15.89,33.32,,1999,3
1999-03-21,15.9,31.27,,1999,3
1999-03-22,15.89,34.05,,1999,3
1999-03-23,16.57,37.27,,1999,3
1999-03-24,16.62,36.94,,1999,3
1999-03-25,17.09,45.73,,1999,3
1999-03-26,17.15,79.99,,1999,3
1999-03-27,16.68,70.76,,1999,3
1999-03-28,17.37,43.36,,1999,3
1999-03-29,19.51,45.54,,1999,3
1999-03-30,19.55,54.71,,1999,3
1999-03-31,19.07,64.81,,1999,3
1999-04-01,19.89,74.32,,1999,4
1999-04-02,20.73,68.42,,1999,4
1999-04-03,20.79,55.05,,1999,4
1999-04-04,20.64,52.67,,1999,4
1999-04-05,21.27,52.1,,1999,4
1999-04-06,20.7,54.29,,1999,4
1999-04-07,19.44,72.09,,1999,4
1999-04-08,20.32,61.95,,1999,4
1999-04-09,19.84,65.23,,1999,4
1999-04-10,20.13,67.83,,1999,4
1999-04-11,21.56,62.43,,1999,4
1999-04-12,22.28,62.58,,1999,4
1999-04-13,22.59,57.25,,1999,4
1999-04-14,23.09,58.47,,1999,4
1999-04-15,22.46,61.7,,1999,4
1999-04-16,19.95,40.39,,1999,4
1999-04-17,19.83,38.84,,1999,4
1999-04-18,21.05,30.76,,1999,4
1999-04-19,21.33,36.36,,1999,4
1999-04-20,22.53,40.86,,1999,4
1999-04-21,23.5,55.72,,1999,4
1999-04-22,23.08,56.47,,1999,4
1999-04-23,22.12,65.49,,1999,4
1999-04-24,22.85,70.58,,1999,4
1999-04-25,23.08,66.15,,1999,4
1999-04-26,22.71,71.12,,1999,4
1999-04-27,23.69,64.42,,1999,4
1999-04-28,23.47,70.05,,1999,4
1999-04-29,23.69,72.75,,1999,4
1999-04-30,23.18,74.6,,1999,4
1999-05-01,23.56,72.53,,1999,5
1999-05-02,22.14,81.21,,1999,5
1999-05-03,22.32,81.95,,1999,5
1999-05-04,22.16,82.1,,1999,5
1999-05-05,21.32,86.68,,1999,5
1999-05-06,21.3,85.3,,1999,5
1999-05-07,21.6,90.26,,1999,5
1999-05-08,21.78,85.26,,1999,5
1999-05-09,21.3,84.04,,1999,5
1999-05-10,21.06,76.75,,1999,5
1999-05-11,21.33,72.92,,1999,5
1999-05-12,20.11,81.52,,1999,5
1999-05-13,20.96,82.67,,1999,5
1999-05-14,20.79,85.96,,1999,5
1999-05-15,20.3,86.88,,1999,5
1999-05-16,20.44,80.99,,1999,5
1999-05-17,21.2,82.54,,1999,5
1999-05-18,22.27,76.05,,1999,5
1999-05-19,22.01,74.89,,1999,5
1999-05-20,20.09,85.85,,1999,5
1999-05-21,21.73,79.21,,1999,5
1999-05-22,21.26,84.99,,1999,5
1999-05-23,22.24,85.89,,1999,5
1999-05-24,22.02,88.06,,1999,5
1999-05-25,20.94,89.22,,1999,5
1999-05-26,21.41,88.96,,1999,5
1999-05-27,21.83,90.6,,1999,5
1999-05-28,21.95,92.51,,1999,5
1999-05-29,21.56,90.27,,1999,5
1999-05-30,21.34,93.37,,1999,5
1999-05-31,21.82,92.05,,1999,5
1999-06-01,21.09,88.8,,1999,6
1999-06-02,21.16,88.88,,1999,6
1999-06-03,21.38,81.91,,1999,6
1999-06-04,21.64,76.76,,1999,6
1999-06-05,23.06,72.28,,1999,6
1999-06-06,23.6,75.46,,1999,6
1999-06-07,23.73,80.72,,1999,6
1999-06-08,23.38,81.89,,1999,6
1999-06-09,24.46,80.0,,1999,6
1999-06-10,23.21,86.47,,1999,6
1999-06-11,22.36,89.82,,1999,6
1999-06-12,22.18,89.62,,1999,6
1999-06-13,22.47,88.56,,1999,6
1999-06-14,23.28,87.6,,1999,6
1999-06-15,22.1,90.74,,1999,6
1999-06-16,23.15,84.31,,1999,6
1999-06-17,23.23,83.99,,1999,6
1999-06-18,22.47,85.98,,1999,6
1999-06-19,22.67,87.11,,1999,6
1999-06-20,22.17,91.5,,1999,6
1999-06-21,22.18,92.09,,1999,6
1999-06-22,22.62,92.03,,1999,6
1999-06-23,22.39,92.48,,1999,6
1999-06-24,22.47,95.1,,1999,6
1999-06-25,22.87,90.36,,1999,6
1999-06-26,22.66,88.65,,1999,6
1999-06-27,21.99,93.94,,1999,6
1999-06-28,22.15,90.0,,1999,6
1999-06-29,22.23,91.55,,1999,6
1999-06-30,22.64,94.35,,1999,6
1999-07-01,22.98,93.07,,1999,7
1999-07-02,22.8,89.9,,1999,7
1999-07-03,21.77,90.79,,1999,7
1999-07-04,22.03,88.88,,1999,7
1999-07-05,22.13,92.57,,1999,7
1999-07-06,22.76,89.77,,1999,7
1999-07-07,22.5,91.0,,1999,7
1999-07-08,21.7,92.39,,1999,7
1999-07-09,21.91,96.07,,1999,7
1999-07-10,21.68,94.47,,1999,7
1999-07-11,21.62,95.75,,1999,7
1999-07-12,21.67,96.48,,1999,7
1999-07-13,23.09,87.63,,1999,7
1999-07-14,23.04,88.03,,1999,7
1999-07-15,22.5,92.79,,1999,7
1999-07-16,22.71,89.62,,1999,7
1999-07-17,23.02,89.78,,1999,7
1999-07-18,21.98,95.13,,1999,7
1999-07-19,21.07,95.52,,1999,7
1999-07-20,20.97,96.56,,1999,7
1999-07-21,21.41,93.1,,1999,7
1999-07-22,21.9,92.58,,1999,7
1999-07-23,22.38,90.93,,1999,7
1999-07-24,22.95,88.52,,1999,7
1999-07-25,23.77,88.55,,1999,7
1999-07-26,23.48,90.34,,1999,7
1999-07-27,22.19,94.39,,1999,7
1999-07-28,21.36,95.06,,1999,7
1999-07-29,22.54,88.65,,1999,7
1999-07-30,22.73,89.55,,1999,7
1999-07-31,24.02,84.04,,1999,7
1999-08-01,23.25,92.3,,1999,8
1999-08-02,22.27,95.13,,1999,8
1999-08-03,22.39,90.79,,1999,8
1999-08-04,21.68,93.81,,1999,8
1999-08-05,23.26,84.32,,1999,8
1999-08-06,22.95,90.6,,1999,8
1999-08-07,23.09,89.83,,1999,8
1999-08-08,22.42,92.36,,1999,8
1999-08-09,22.43,93.35,,1999,8
1999-08-10,21.82,94.44,,1999,8
1999-08-11,21.81,95.74,,1999,8
1999-08-12,21.81,94.92,,1999,8
1999-08-13,21.98,94.47,,1999,8
1999-08-14,22.07,90.97,,1999,8
1999-08-15,22.48,89.28,,1999,8
1999-08-16,21.24,97.07,,1999,8
1999-08-17,22.04,91.57,,1999,8
1999-08-18,21.38,93.85,,1999,8
1999-08-19,22.34,89.4,,1999,8
1999-08-20,22.18,91.27,,1999,8
1999-08-21,21.81,93.3,,1999,8
1999-08-22,22.31,92.19,,1999,8
1999-08-23,22.34,91.34,,1999,8
1999-08-24,21.85,92.84,,1999,8
1999-08-25,20.73,94.99,,1999,8
1999-08-26,20.97,89.28,,1999,8
1999-08-27,21.06,90.81,,1999,8
1999-08-28,20.51,94.99,,1999,8
1999-08-29,21.04,92.42,,1999,8
1999-08-30,21.33,92.84,,1999,8
1999-08-31,21.34,92.87,,1999,8
1999-09-01,21.42,92.22,,1999,9
1999-09-02,21.49,90.97,,1999,9
1999-09-03,21.63,91.33,,1999,9
1999-09-04,21.84,90.71,,1999,9
1999-09-05,22.91,85.29,,1999,9
1999-09-06,22.09,91.05,,1999,9
1999-09-07,22.77,87.98,,1999,9
1999-09-08,22.01,95.28,,1999,9
1999-09-09,21.51,94.21,,1999,9
1999-09-10,20.88,93.52,,1999,9
1999-09-11,20.72,94.57,,1999,9
1999-09-12,21.19,92.34,,1999,9
1999-09-13,21.21,91.18,,1999,9
1999-09-14,21.33,89.48,,1999,9
1999-09-15,21.69,90.69,,1999,9
1999-09-16,21.42,93.43,,1999,9
1999-09-17,20.9,94.53,,1999,9
1999-09-18,21.46,89.75,,1999,9
1999-09-19,21.93,90.49,,1999,9
1999-09-20,21.72,89.88,,1999,9
1999-09-21,20.43,95.58,,1999,9
1999-09-22,19.96,93.7,,1999,9
1999-09-23,20.39,91.84,,1999,9
1999-09-24,21.07,84.93,,1999,9
1999-09-25,21.9,77.76,,1999,9
1999-09-26,20.98,87.26,,1999,9
1999-09-27,21.81,86.01,,1999,9
1999-09-28,21.06,90.12,,1999,9
1999-09-29,21.56,87.34,,1999,9
1999-09-30,21.44,88.06,,1999,9
1999-10-01,21.32,84.77,,1999,10
1999-10-02,20.81,85.35,,1999,10
1999-10-03,20.78,87.32,,1999,10
1999-10-04,21.43,86.15,,1999,10
1999-10-05,20.15,91.53,,1999,10
1999-10-06,19.71,93.51,,1999,10
1999-10-07,20.16,94.88,,1999,10
1999-10-08,20.15,95.15,,1999,10
1999-10-09,19.75,91.36,,1999,10
1999-10-10,19.44,81.94,,1999,10
1999-10-11,18.97,82.08,,1999,10
1999-10-12,18.99,80.42,,1999,10
1999-10-13,18.73,83.32,,1999,10
1999-10-14,18.66,89.63,,1999,10
1999-10-15,20.45,81.47,,1999,10
1999-10-16,20.34,84.2,,1999,10
1999-10-17,18.5,91.97,,1999,10
1999-10-18,18.17,95.52,,1999,10
1999-10-19,18.46,94.1,,1999,10
1999-10-20,18.88,93.58,,1999,10
1999-10-21,19.08,90.94,,1999,10
1999-10-22,19.01,88.48,,1999,10
1999-10-23,19.09,84.4,,1999,10
1999-10-24,19.83,83.62,,1999,10
1999-10-25,17.89,81.72,,1999,10
1999-10-26,17.35,88.3,,1999,10
1999-10-27,18.27,86.87,,1999,10
1999-10-28,19.7,89.1,,1999,10
1999-10-29,19.72,94.04,,1999,10
1999-10-30,18.92,92.34,,1999,10
1999-10-31,18.85,86.1,,1999,10
1999-11-01,17.91,87.74,,1999,11
1999-11-02,18.96,84.26,,1999,11
1999-11-03,18.95,86.14,,1999,11
1999-11-04,18.78,84.05,,1999,11
1999-11-05,18.1,82.42,,1999,11
1999-11-06,17.85,81.52,,1999,11
1999-11-07,17.39,79.59,,1999,11
1999-11-08,17.29,77.58,,1999,11
1999-11-09,16.33,79.8,,1999,11
1999-11-10,15.61,82.95,,1999,11
1999-11-11,14.88,81.73,,1999,11
1999-11-12,14.32,78.62,,1999,11
1999-11-13,13.65,74.09,,1999,11
1999-11-14,14.59,66.98,,1999,11
1999-11-15,15.83,65.61,,1999,11
1999-11-16,15.07,71.84,,1999,11
1999-11-17,14.53,73.83,,1999,11
1999-11-18,13.38,73.43,,1999,11
1999-11-19,13.63,82.8,,1999,11
1999-11-20,13.3,83.39,,1999,11
1999-11-21,12.6,81.12,,1999,11
1999-11-22,12.77,75.07,,1999,11
1999-11-23,14.99,64.7,,1999,11
1999-11-24,15.11,64.87,,1999,11
1999-11-25,14.22,74.72,,1999,11
1999-11-26,13.63,81.54,,1999,11
1999-11-27,13.7,84.77,,1999,11
1999-11-28,13.82,77.85,,1999,11
1999-11-29,13.88,68.82,,1999,11
1999-11-30,13.69,73.59,,1999,11
1999-12-01,14.64,68.26,,1999,12
1999-12-02,13.91,78.8,,1999,12
1999-12-03,14.02,82.72,,1999,12
1999-12-04,13.91,85.29,,1999,12
1999-12-05,13.18,83.55,,1999,12
1999-12-06,12.15,80.6,,1999,12
1999-12-07,13.07,73.24,,1999,12
1999-12-08,13.52,75.64,,1999,12
1999-12-09,14.78,69.77,,1999,12
1999-12-10,13.88,81.07,,1999,12
1999-12-11,14.15,85.62,,1999,12
1999-12-12,13.8,79.41,,1999,12
1999-12-13,13.62,85.99,,1999,12
1999-12-14,13.47,81.65,,1999,12
1999-12-15,12.46,85.31,,1999,12
1999-12-16,11.35,82.53,,1999,12
1999-12-17,11.05,73.28,,1999,12
1999-12-18,14.93,43.3,,1999,12
1999-12-19,13.75,54.39,,1999,12
1999-12-20,12.02,62.42,,1999,12
1999-12-21,11.93,64.35,,1999,12
1999-12-22,11.94,69.04,,1999,12
1999-12-23,11.8,76.7,,1999,12
1999-12-24,8.97,77.41,,1999,12
1999-12-25,9.27,69.02,,1999,12
1999-12-26,10.72,60.21,,1999,12
1999-12-27,10.75,71.29,,1999,12
1999-12-28,9.87,77.73,,1999,12
1999-12-29,10.75,74.3,,1999,12
1999-12-30,10.13,81.03,,1999,12
1999-12-31,10.39,77.32,,1999,12
2000-01-01,9.85,71.6,,2000,1
2000-01-02,10.82,56.46,,2000,1
2000-01-03,12.24,52.66,,2000,1
2000-01-04,11.23,61.98,,2000,1
2000-01-05,10.86,67.68,,2000,1
2000-01-06,12.47,58.04,,2000,1
2000-01-07,11.12,63.15,,2000,1
2000-01-08,9.74,67.77,,2000,1
2000-01-09,9.88,67.66,,2000,1
2000-01-10,9.82,64.26,,2000,1
2000-01-11,11.46,64.23,,2000,1
2000-01-12,11.0,66.79,,2000,1
2000-01-13,11.19,70.26,,2000,1
2000-01-14,10.56,79.71,,2000,1
2000-01-15,9.65,74.73,,2000,1
2000-01-16,10.51,73.09,,2000,1
2000-01-17,9.79,60.53,,2000,1
2000-01-18,9.22,71.99,,2000,1
2000-01-19,10.36,70.21,,2000,1
2000-01-20,8.89,68.72,,2000,1
2000-01-21,9.44,68.1,,2000,1
2000-01-22,10.7,71.67,,2000,1
2000-01-23,10.15,80.27,,2000,1
2000-01-24,10.71,75.64,,2000,1
2000-01-25,10.32,77.1,,2000,1
2000-01-26,10.44,71.43,,2000,1
2000-01-27,10.3,68.88,,2000,1
2000-01-28,9.93,65.22,,2000,1
2000-01-29,9.34,77.1,,2000,1
2000-01-30,9.37,72.19,,2000,1
2000-01-31,10.89,62.5,,2000,1
2000-02-01,10.57,61.59,,2000,2
2000-02-02,10.43,71.12,,2000,2
2000-02-03,11.37,85.21,,2000,2
2000-02-04,11.05,74.81,,2000,2
2000-02-05,11.32,67.55,,2000,2
2000-02-06,12.13,85.17,,2000,2
2000-02-07,11.23,83.77,,2000,2
2000-02-08,9.76,75.47,,2000,2
2000-02-09,8.8,62.65,,2000,2
2000-02-10,9.18,59.94,,2000,2
2000-02-11,9.74,50.52,,2000,2
2000-02-12,11.73,60.89,,2000,2
2000-02-13,12.01,80.75,,2000,2
2000-02-14,11.86,70.17,,2000,2
2000-02-15,10.25,57.02,,2000,2
2000-02-16,11.39,53.68,,2000,2
2000-02-17,11.49,52.38,,2000,2
2000-02-18,10.05,58.8,,2000,2
2000-02-19,8.28,48.54,,2000,2
2000-02-20,8.31,48.87,,2000,2
2000-02-21,9.54,48.67,,2000,2
2000-02-22,10.51,47.7,,2000,2
2000-02-23,10.22,48.08,,2000,2
2000-02-24,9.91,50.72,,2000,2
2000-02-25,9.95,43.74,,2000,2
2000-02-26,9.04,46.99,,2000,2
2000-02-27,9.19,43.73,,2000,2
2000-02-28,10.78,41.23,,2000,2
2000-02-29,12.31,46.61,,2000,2
2000-03-01,12.85,51.71,,2000,3
2000-03-02,11.13,75.92,,2000,3
2000-03-03,12.5,73.08,,2000,3
2000-03-04,13.6,71.6,,2000,3
2000-03-05,14.69,65.98,,2000,3
2000-03-06,15.01,73.06,,2000,3
2000-03-07,14.75,64.3,,2000,3
2000-03-08,13.78,63.67,,2000,3
2000-03-09,13.16,72.58,,2000,3
2000-03-10,12.0,48.04,,2000,3
2000-03-11,13.39,42.36,,2000,3
2000-03-12,14.27,71.23,,2000,3
2000-03-13,16.14,89.03,,2000,3
2000-03-14,16.59,88.09,,2000,3
2000-03-15,15.03,75.04,,2000,3
2000-03-16,13.58,47.38,,2000,3
2000-03-17,13.26,45.44,,2000,3
2000-03-18,14.33,48.14,,2000,3
2000-03-19,15.79,57.85,,2000,3
2000-03-20,15.58,65.42,,2000,3
2000-03-21,15.47,40.07,,2000,3
2000-03-22,15.8,40.74,,2000,3
2000-03-23,16.64,47.2,,2000,3
2000-03-24,17.0,66.78,,2000,3
2000-03-25,16.38,48.71,,2000,3
2000-03-26,15.77,47.16,,2000,3
2000-03-27,18.78,39.53,,2000,3
2000-03-28,20.2,42.0,,2000,3
2000-03-29,19.4,57.04,,2000,3
2000-03-30,18.2,67.13,,2000,3
2000-03-31,17.61,75.41,,2000,3
2000-04-01,18.24,64.23,,2000,4
2000-04-02,17.43,72.72,,2000,4
2000-04-03,18.17,77.16,,2000,4
2000-04-04,17.45,68.19,,2000,4
2000-04-05,16.66,68.65,,2000,4
2000-04-06,17.66,75.04,,2000,4
2000-04-07,17.83,77.89,,2000,4
2000-04-08,18.24,74.3,,2000,4
2000-04-09,18.97,71.31,,2000,4
2000-04-10,18.96,82.15,,2000,4
2000-04-11,20.54,67.68,,2000,4
2000-04-12,19.1,73.86,,2000,4
2000-04-13,18.95,74.93,,2000,4
2000-04-14,19.34,73.12,,2000,4
2000-04-15,19.45,69.94,,2000,4
2000-04-16,20.17,66.47,,2000,4
2000-04-17,18.52,78.37,,2000,4
2000-04-18,19.27,78.54,,2000,4
2000-04-19,20.2,77.23,,2000,4
2000-04-20,19.9,83.18,,2000,4
2000-04-21,19.59,82.55,,2000,4
2000-04-22,19.79,83.91,,2000,4
2000-04-23,21.01,84.27,,2000,4
2000-04-24,18.91,93.09,,2000,4
2000-04-25,18.7,86.76,,2000,4
2000-04-26,18.53,80.59,,2000,4
2000-04-27,19.05,79.95,,2000,4
2000-04-28,20.37,91.1,,2000,4
2000-04-29,20.51,89.9,,2000,4
2000-04-30,20.67,91.61,,2000,4
2000-05-01,20.59,89.14,,2000,5
2000-05-02,20.2,86.37,,2000,5
2000-05-03,19.63,78.92,,2000,5
2000-05-04,19.48,78.75,,2000,5
2000-05-05,20.46,77.52,,2000,5
2000-05-06,21.28,76.71,,2000,5
2000-05-07,20.41,82.5,,2000,5
2000-05-08,19.89,85.1,,2000,5
2000-05-09,21.74,73.95,,2000,5
2000-05-10,21.49,80.08,,2000,5
2000-05-11,22.58,74.95,,2000,5
2000-05-12,23.47,69.56,,2000,5
2000-05-13,23.53,72.8,,2000,5
2000-05-14,23.44,74.37,,2000,5
2000-05-15,22.82,80.67,,2000,5
2000-05-16,22.55,83.69,,2000,5
2000-05-17,21.68,86.87,,2000,5
2000-05-18,21.24,95.13,,2000,5
2000-05-19,21.62,88.29,,2000,5
2000-05-20,19.17,87.73,,2000,5
2000-05-21,20.23,93.57,,2000,5
2000-05-22,19.37,94.97,,2000,5
2000-05-23,20.5,84.65,,2000,5
2000-05-24,20.94,92.93,,2000,5
2000-05-25,22.39,83.23,,2000,5
2000-05-26,21.79,94.96,,2000,5
2000-05-27,21.24,92.12,,2000,5
2000-05-28,20.73,93.62,,2000,5
2000-05-29,20.75,85.94,,2000,5
2000-05-30,21.34,84.52,,2000,5
2000-05-31,21.68,85.05,,2000,5
2000-06-01,21.34,90.05,,2000,6
2000-06-02,23.26,76.83,,2000,6
2000-06-03,23.72,76.01,,2000,6
2000-06-04,23.38,80.66,,2000,6
2000-06-05,22.49,86.68,,2000,6
2000-06-06,21.79,91.7,,2000,6
2000-06-07,21.56,93.76,,2000,6
2000-06-08,22.02,92.94,,2000,6
2000-06-09,22.71,90.89,,2000,6
2000-06-10,22.87,93.37,,2000,6
2000-06-11,22.61,94.65,,2000,6
2000-06-12,21.51,94.31,,2000,6
2000-06-13,21.87,91.06,,2000,6
2000-06-14,22.02,84.43,,2000,6
2000-06-15,22.64,83.71,,2000,6
2000-06-16,23.13,84.93,,2000,6
2000-06-17,24.1,84.57,,2000,6
2000-06-18,23.89,88.02,,2000,6
2000-06-19,21.77,91.06,,2000,6
2000-06-20,21.99,92.65,,2000,6
2000-06-21,21.21,95.12,,2000,6
2000-06-22,21.21,95.48,,2000,6
2000-06-23,21.85,96.44,,2000,6
2000-06-24,22.23,93.56,,2000,6
2000-06-25,22.38,92.82,,2000,6
2000-06-26,22.1,91.41,,2000,6
2000-06-27,22.13,90.35,,2000,6
2000-06-28,22.84,86.31,,2000,6
2000-06-29,21.65,95.35,,2000,6
2000-06-30,22.04,91.53,,2000,6
2000-07-01,21.95,90.89,,2000,7
2000-07-02,22.2,89.34,,2000,7
2000-07-03,22.65,89.6,,2000,7
2000-07-04,22.65,90.79,,2000,7
2000-07-05,22.44,90.05,,2000,7
2000-07-06,22.41,90.39,,2000,7
2000-07-07,22.16,91.59,,2000,7
2000-07-08,22.57,90.84,,2000,7
2000-07-09,22.39,92.56,,2000,7
2000-07-10,22.52,91.01,,2000,7
2000-07-11,23.32,89.86,,2000,7
2000-07-12,23.04,92.43,,2000,7
2000-07-13,21.89,94.1,,2000,7
2000-07-14,21.99,93.9,,2000,7
2000-07-15,22.36,92.91,,2000,7
2000-07-16,23.29,88.36,,2000,7
2000-07-17,23.57,89.08,,2000,7
2000-07-18,22.34,93.13,,2000,7
2000-07-19,22.11,91.26,,2000,7
2000-07-20,21.59,96.12,,2000,7
2000-07-21,22.06,91.1,,2000,7
2000-07-22,22.58,88.87,,2000,7
2000-07-23,22.35,90.17,,2000,7
2000-07-24,22.25,89.87,,2000,7
2000-07-25,22.41,91.47,,2000,7
2000-07-26,22.09,92.38,,2000,7
2000-07-27,22.31,90.36,,2000,7
2000-07-28,21.39,93.2,,2000,7
2000-07-29,22.22,89.67,,2000,7
2000-07-30,22.05,91.0,,2000,7
2000-07-31,22.1,92.62,,2000,7
2000-08-01,21.16,96.67,,2000,8
2000-08-02,21.18,94.56,,2000,8
2000-08-03,21.13,96.05,,2000,8
2000-08-04,22.36,92.39,,2000,8
2000-08-05,22.73,92.02,,2000,8
2000-08-06,23.48,86.2,,2000,8
2000-08-07,23.82,85.94,,2000,8
2000-08-08,22.58,90.93,,2000,8
2000-08-09,22.83,89.45,,2000,8
2000-08-10,21.17,95.96,,2000,8
2000-08-11,21.18,95.3,,2000,8
2000-08-12,21.7,94.61,,2000,8
2000-08-13,22.02,93.95,,2000,8
2000-08-14,22.14,92.58,,2000,8
2000-08-15,22.25,93.24,,2000,8
2000-08-16,22.62,92.43,,2000,8
2000-08-17,22.73,91.11,,2000,8
2000-08-18,23.31,83.99,,2000,8
2000-08-19,22.26,91.58,,2000,8
2000-08-20,21.91,92.95,,2000,8
2000-08-21,22.44,91.75,,2000,8
2000-08-22,22.95,91.48,,2000,8
2000-08-23,22.05,94.71,,2000,8
2000-08-24,22.83,86.71,,2000,8
2000-08-25,23.99,83.75,,2000,8
2000-08-26,23.66,88.14,,2000,8
2000-08-27,22.45,92.46,,2000,8
2000-08-28,21.63,93.31,,2000,8
2000-08-29,21.96,93.48,,2000,8
2000-08-30,21.9,93.32,,2000,8
2000-08-31,22.55,90.28,,2000,8
2000-09-01,21.82,92.96,,2000,9
2000-09-02,22.45,91.25,,2000,9
2000-09-03,21.94,94.36,,2000,9
2000-09-04,21.38,96.63,,2000,9
2000-09-05,22.47,88.01,,2000,9
2000-09-06,22.35,90.42,,2000,9
2000-09-07,21.56,93.46,,2000,9
2000-09-08,21.15,94.75,,2000,9
2000-09-09,21.87,94.28,,2000,9
2000-09-10,21.31,96.08,,2000,9
2000-09-11,22.41,91.3,,2000,9
2000-09-12,22.25,91.72,,2000,9
2000-09-13,23.05,87.45,,2000,9
2000-09-14,22.85,86.18,,2000,9
2000-09-15,20.93,94.71,,2000,9
2000-09-16,20.6,96.31,,2000,9
2000-09-17,20.38,94.26,,2000,9
2000-09-18,19.39,95.99,,2000,9
2000-09-19,19.19,92.53,,2000,9
2000-09-20,19.47,88.2,,2000,9
2000-09-21,19.6,80.28,,2000,9
2000-09-22,19.5,89.89,,2000,9
2000-09-23,20.05,88.07,,2000,9
2000-09-24,19.67,94.28,,2000,9
2000-09-25,20.44,92.92,,2000,9
2000-09-26,20.26,92.15,,2000,9
2000-09-27,20.88,87.12,,2000,9
2000-09-28,20.8,82.17,,2000,9
2000-09-29,20.37,81.49,,2000,9
2000-09-30,20.59,89.28,,2000,9
2000-10-01,19.24,92.04,,2000,10
2000-10-02,19.34,92.84,,2000,10
2000-10-03,19.13,92.79,,2000,10
2000-10-04,20.32,90.72,,2000,10
2000-10-05,20.98,85.22,,2000,10
2000-10-06,20.9,87.57,,2000,10
2000-10-07,20.82,87.44,,2000,10
2000-10-08,20.82,85.09,,2000,10
2000-10-09,19.94,89.96,,2000,10
2000-10-10,20.71,83.48,,2000,10
2000-10-11,20.43,86.13,,2000,10
2000-10-12,20.54,84.37,,2000,10
2000-10-13,19.74,84.69,,2000,10
2000-10-14,20.28,82.42,,2000,10
2000-10-15,20.54,83.35,,2000,10
2000-10-16,20.66,83.76,,2000,10
2000-10-17,21.24,83.56,,2000,10
2000-10-18,20.82,85.35,,2000,10
2000-10-19,20.26,84.7,,2000,10
2000-10-20,18.8,80.3,,2000,10
2000-10-21,18.74,82.33,,2000,10
2000-10-22,18.9,86.55,,2000,10
2000-10-23,18.12,82.93,,2000,10
2000-10-24,17.94,68.78,,2000,10
2000-10-25,17.46,81.19,,2000,10
2000-10-26,18.48,74.12,,2000,10
2000-10-27,16.0,91.22,,2000,10
2000-10-28,15.04,95.23,,2000,10
2000-10-29,15.89,85.29,,2000,10
2000-10-30,16.86,81.63,,2000,10
2000-10-31,17.2,77.51,,2000,10
2000-11-01,18.12,63.13,,2000,11
2000-11-02,17.63,69.06,,2000,11
2000-11-03,17.26,75.63,,2000,11
2000-11-04,16.69,81.85,,2000,11
2000-11-05,16.57,80.12,,2000,11
2000-11-06,15.64,83.31,,2000,11
2000-11-07,15.28,84.77,,2000,11
2000-11-08,15.37,78.38,,2000,11
2000-11-09,15.73,80.17,,2000,11
2000-11-10,15.54,83.97,,2000,11
2000-11-11,15.5,85.0,,2000,11
2000-11-12,15.02,77.89,,2000,11
2000-11-13,14.55,72.08,,2000,11
2000-11-14,13.93,84.71,,2000,11
2000-11-15,13.58,86.68,,2000,11
2000-11-16,14.51,77.99,,2000,11
2000-11-17,14.99,68.54,,2000,11
2000-11-18,15.23,78.35,,2000,11
2000-11-19,14.09,91.36,,2000,11
2000-11-20,15.14,85.05,,2000,11
2000-11-21,14.0,80.66,,2000,11
2000-11-22,14.32,77.1,,2000,11
2000-11-23,14.5,80.51,,2000,11
2000-11-24,14.43,80.73,,2000,11
2000-11-25,13.41,85.6,,2000,11
2000-11-26,13.73,78.02,,2000,11
2000-11-27,14.27,67.02,,2000,11
2000-11-28,14.2,66.82,,2000,11
2000-11-29,12.51,79.82,,2000,11
2000-11-30,12.09,78.99,,2000,11
2000-12-01,11.17,79.51,,2000,12
2000-12-02,11.0,72.06,,2000,12
2000-12-03,9.79,73.78,,2000,12
2000-12-04,12.29,50.49,,2000,12
2000-12-05,11.54,67.25,,2000,12
2000-12-06,10.99,70.28,,2000,12
2000-12-07,10.62,77.27,,2000,12
2000-12-08,10.71,80.01,,2000,12
2000-12-09,10.61,82.41,,2000,12
2000-12-10,11.08,79.86,,2000,12
2000-12-11,10.75,80.74,,2000,12
2000-12-12,9.78,83.04,,2000,12
2000-12-13,11.2,70.88,,2000,12
2000-12-14,10.81,72.72,,2000,12
2000-12-15,10.88,72.21,,2000,12
2000-12-16,10.76,72.79,,2000,12
2000-12-17,11.54,67.63,,2000,12
2000-12-18,11.45,77.81,,2000,12
2000-12-19,10.65,80.57,,2000,12
2000-12-20,11.06,76.84,,2000,12
2000-12-21,12.14,70.87,,2000,12
2000-12-22,12.49,69.5,,2000,12
2000-12-23,13.15,58.59,,2000,12
2000-12-24,13.63,57.11,,2000,12
2000-12-25,12.94,59.25,,2000,12
2000-12-26,12.95,61.26,,2000,12
2000-12-27,11.85,67.7,,2000,12
2000-12-28,12.67,61.6,,2000,12
2000-12-29,11.09,75.95,,2000,12
2000-12-30,10.53,81.76,,2000,12
2000-12-31,11.73,72.05,,2000,12
2001-01-01,11.75,76.45,,2001,1
2001-01-02,12.5,77.31,,2001,1
2001-01-03,11.45,85.46,,2001,1
2001-01-04,9.52,78.46,,2001,1
2001-01-05,7.95,76.08,,2001,1
2001-01-06,7.58,75.08,,2001,1
2001-01-07,8.13,77.75,,2001,1
2001-01-08,7.87,71.58,,2001,1
2001-01-09,7.92,71.9,,2001,1
2001-01-10,7.78,70.46,,2001,1
2001-01-11,6.95,68.81,,2001,1
2001-01-12,7.75,69.01,,2001,1
2001-01-13,9.37,65.64,,2001,1
2001-01-14,9.46,62.64,,2001,1
2001-01-15,9.7,68.93,,2001,1
2001-01-16,10.22,68.01,,2001,1
2001-01-17,10.33,68.24,,2001,1
2001-01-18,10.28,68.85,,2001,1
2001-01-19,11.39,62.97,,2001,1
2001-01-20,11.64,65.9,,2001,1
2001-01-21,10.75,64.5,,2001,1
2001-01-22,9.52,61.76,,2001,1
2001-01-23,8.65,72.76,,2001,1
2001-01-24,7.75,66.53,,2001,1
2001-01-25,7.26,54.35,,2001,1
2001-01-26,7.08,59.71,,2001,1
2001-01-27,7.87,60.66,,2001,1
2001-01-28,9.57,64.25,,2001,1
2001-01-29,10.79,70.67,,2001,1
2001-01-30,11.63,62.47,,2001,1
2001-01-31,12.54,56.72,,2001,1
2001-02-01,11.6,61.42,,2001,2
2001-02-02,11.11,66.58,,2001,2
2001-02-03,9.97,54.56,,2001,2
2001-02-04,9.66,46.73,,2001,2
2001-02-05,10.49,44.3,,2001,2
2001-02-06,11.25,54.0,,2001,2
2001-02-07,11.57,50.51,,2001,2
2001-02-08,11.27,48.32,,2001,2
2001-02-09,11.62,51.96,,2001,2
2001-02-10,11.5,61.42,,2001,2
2001-02-11,10.83,64.49,,2001,2
2001-02-12,11.23,67.36,,2001,2
2001-02-13,12.49,58.53,,2001,2
2001-02-14,14.62,48.37,,2001,2
2001-02-15,15.4,50.86,,2001,2
2001-02-16,15.56,49.45,,2001,2
2001-02-17,15.23,55.66,,2001,2
2001-02-18,14.71,56.47,,2001,2
2001-02-19,14.11,65.46,,2001,2
2001-02-20,13.97,56.29,,2001,2
2001-02-21,12.82,57.38,,2001,2
2001-02-22,13.13,51.27,,2001,2
2001-02-23,13.17,55.08,,2001,2
2001-02-24,13.66,57.54,,2001,2
2001-02-25,14.13,69.68,,2001,2
2001-02-26,15.7,94.66,,2001,2
2001-02-27,14.92,81.68,,2001,2
2001-02-28,14.63,62.38,,2001,2
2001-03-01,14.8,61.74,,2001,3
2001-03-02,14.74,66.93,,2001,3
2001-03-03,14.99,42.8,,2001,3
2001-03-04,14.72,38.55,,2001,3
2001-03-05,13.68,51.79,,2001,3
2001-03-06,13.57,60.87,,2001,3
2001-03-07,13.55,59.54,,2001,3
2001-03-08,14.17,59.63,,2001,3
2001-03-09,15.63,46.6,,2001,3
2001-03-10,15.02,43.54,,2001,3
2001-03-11,15.57,41.09,,2001,3
2001-03-12,16.56,40.11,,2001,3
2001-03-13,16.49,45.56,,2001,3
2001-03-14,17.02,45.72,,2001,3
2001-03-15,16.43,52.66,,2001,3
2001-03-16,15.38,53.24,,2001,3
2001-03-17,15.28,52.52,,2001,3
2001-03-18,16.07,48.14,,2001,3
2001-03-19,16.46,39.52,,2001,3
2001-03-20,18.47,39.96,,2001,3
2001-03-21,18.69,43.05,,2001,3
2001-03-22,19.24,47.63,,2001,3
2001-03-23,17.22,69.45,,2001,3
2001-03-24,16.21,71.25,,2001,3
2001-03-25,16.73,37.44,,2001,3
2001-03-26,17.86,39.9,,2001,3
2001-03-27,18.1,41.79,,2001,3
2001-03-28,18.45,53.21,,2001,3
2001-03-29,18.88,70.97,,2001,3
2001-03-30,17.61,87.74,,2001,3
2001-03-31,16.86,87.06,,2001,3
2001-04-01,16.62,85.59,,2001,4
2001-04-02,17.26,79.59,,2001,4
2001-04-03,17.46,71.8,,2001,4
2001-04-04,17.7,54.47,,2001,4
2001-04-05,19.52,43.49,,2001,4
2001-04-06,20.92,39.97,,2001,4
2001-04-07,19.68,49.43,,2001,4
2001-04-08,19.72,63.4,,2001,4
2001-04-09,18.15,78.02,,2001,4
2001-04-10,19.74,78.38,,2001,4
2001-04-11,20.03,75.64,,2001,4
2001-04-12,20.27,72.06,,2001,4
2001-04-13,18.12,87.0,,2001,4
2001-04-14,18.64,79.99,,2001,4
2001-04-15,19.31,76.11,,2001,4
2001-04-16,18.62,80.06,,2001,4
2001-04-17,18.8,78.95,,2001,4
2001-04-18,18.92,72.12,,2001,4
2001-04-19,18.28,72.03,,2001,4
2001-04-20,19.19,68.74,,2001,4
2001-04-21,18.72,59.38,,2001,4
2001-04-22,18.94,52.02,,2001,4
2001-04-23,20.4,44.73,,2001,4
2001-04-24,21.45,48.94,,2001,4
2001-04-25,22.0,53.62,,2001,4
2001-04-26,21.0,72.13,,2001,4
2001-04-27,20.42,80.28,,2001,4
2001-04-28,20.16,89.83,,2001,4
2001-04-29,19.63,91.33,,2001,4
2001-04-30,20.3,90.64,,2001,4
2001-05-01,20.42,75.75,,2001,5
2001-05-02,20.94,75.93,,2001,5
2001-05-03,20.21,80.64,,2001,5
2001-05-04,20.0,83.75,,2001,5
2001-05-05,18.65,91.6,,2001,5
2001-05-06,17.69,90.8,,2001,5
2001-05-07,19.34,88.36,,2001,5
2001-05-08,20.57,87.67,,2001,5
2001-05-09,20.34,94.59,,2001,5
2001-05-10,20.57,95.01,,2001,5
2001-05-11,19.61,84.98,,2001,5
2001-05-12,19.77,83.98,,2001,5
2001-05-13,21.83,72.68,,2001,5
2001-05-14,22.69,75.26,,2001,5
2001-05-15,22.82,76.97,,2001,5
2001-05-16,22.17,80.54,,2001,5
2001-05-17,21.69,81.84,,2001,5
2001-05-18,21.05,88.12,,2001,5
2001-05-19,21.17,84.9,,2001,5
2001-05-20,21.1,84.18,,2001,5
2001-05-21,20.91,86.96,,2001,5
2001-05-22,20.75,88.98,,2001,5
2001-05-23,22.3,86.29,,2001,5
2001-05-24,21.82,87.33,,2001,5
2001-05-25,21.97,83.16,,2001,5
2001-05-26,21.87,80.76,,2001,5
2001-05-27,22.47,73.97,,2001,5
2001-05-28,20.69,86.65,,2001,5
2001-05-29,21.92,87.33,,2001,5
2001-05-30,22.78,84.81,,2001,5
2001-05-31,21.81,90.37,,2001,5
2001-06-01,22.27,87.61,,2001,6
2001-06-02,22.64,89.19,,2001,6
2001-06-03,22.3,89.16,,2001,6
2001-06-04,20.73,94.66,,2001,6
2001-06-05,20.81,95.55,,2001,6
2001-06-06,21.13,92.37,,2001,6
2001-06-07,21.17,92.45,,2001,6
2001-06-08,21.66,91.28,,2001,6
2001-06-09,21.65,92.06,,2001,6
2001-06-10,21.82,86.97,,2001,6
2001-06-11,22.37,87.3,,2001,6
2001-06-12,22.13,92.89,,2001,6
2001-06-13,21.96,91.24,,2001,6
2001-06-14,21.48,91.83,,2001,6
2001-06-15,20.69,91.95,,2001,6
2001-06-16,21.73,89.69,,2001,6
2001-06-17,22.0,92.49,,2001,6
2001-06-18,21.65,92.92,,2001,6
2001-06-19,21.89,93.61,,2001,6
2001-06-20,22.48,92.89,,2001,6
2001-06-21,23.02,90.64,,2001,6
2001-06-22,22.3,90.71,,2001,6
2001-06-23,22.23,90.74,,2001,6
2001-06-24,22.73,90.86,,2001,6
2001-06-25,22.42,92.07,,2001,6
2001-06-26,22.36,91.83,,2001,6
2001-06-27,22.19,93.27,,2001,6
2001-06-28,21.22,92.27,,2001,6
2001-06-29,21.77,94.57,,2001,6
2001-06-30,21.78,93.81,,2001,6
2001-07-01,21.96,92.86,,2001,7
2001-07-02,22.24,91.0,,2001,7
2001-07-03,23.66,85.42,,2001,7
2001-07-04,22.9,90.0,,2001,7
2001-07-05,23.37,84.73,,2001,7
2001-07-06,23.24,87.91,,2001,7
2001-07-07,23.31,90.32,,2001,7
2001-07-08,24.22,87.03,,2001,7
2001-07-09,23.45,90.1,,2001,7
2001-07-10,21.7,93.09,,2001,7
2001-07-11,22.11,91.96,,2001,7
2001-07-12,22.75,90.94,,2001,7
2001-07-13,22.04,92.35,,2001,7
2001-07-14,22.4,91.73,,2001,7
2001-07-15,22.46,90.15,,2001,7
2001-07-16,21.8,94.5,,2001,7
2001-07-17,22.81,89.9,,2001,7
2001-07-18,23.02,90.69,,2001,7
2001-07-19,22.15,93.04,,2001,7
2001-07-20,22.29,92.01,,2001,7
2001-07-21,21.88,92.67,,2001,7
2001-07-22,22.82,88.22,,2001,7
2001-07-23,22.98,87.34,,2001,7
2001-07-24,22.59,92.57,,2001,7
2001-07-25,22.18,93.39,,2001,7
2001-07-26,22.19,91.09,,2001,7
2001-07-27,22.74,92.45,,2001,7
2001-07-28,22.42,93.77,,2001,7
2001-07-29,21.73,95.65,,2001,7
2001-07-30,22.35,94.56,,2001,7
2001-07-31,22.48,94.9,,2001,7
2001-08-01,22.2,94.68,,2001,8
2001-08-02,23.09,88.58,,2001,8
2001-08-03,23.27,88.38,,2001,8
2001-08-04,23.6,83.96,,2001,8
2001-08-05,22.46,88.71,,2001,8
2001-08-06,21.96,89.4,,2001,8
2001-08-07,22.83,86.44,,2001,8
2001-08-08,23.08,89.69,,2001,8
2001-08-09,23.49,87.67,,2001,8
2001-08-10,23.17,89.77,,2001,8
2001-08-11,22.67,91.28,,2001,8
2001-08-12,22.99,90.28,,2001,8
2001-08-13,23.16,89.88,,2001,8
2001-08-14,22.73,90.74,,2001,8
2001-08-15,22.62,90.45,,2001,8
2001-08-16,22.47,89.99,,2001,8
2001-08-17,23.09,89.62,,2001,8
2001-08-18,22.87,91.33,,2001,8
2001-08-19,23.26,89.32,,2001,8
2001-08-20,23.96,88.83,,2001,8
2001-08-21,22.54,96.43,,2001,8
2001-08-22,21.89,93.35,,2001,8
2001-08-23,22.11,90.91,,2001,8
2001-08-24,22.3,90.97,,2001,8
2001-08-25,22.71,92.57,,2001,8
2001-08-26,22.82,91.55,,2001,8
2001-08-27,22.09,96.34,,2001,8
2001-08-28,21.29,93.45,,2001,8
2001-08-29,22.41,90.11,,2001,8
2001-08-30,22.52,91.19,,2001,8
2001-08-31,22.45,88.59,,2001,8
2001-09-01,21.54,94.19,,2001,9
2001-09-02,21.79,92.19,,2001,9
2001-09-03,21.91,91.17,,2001,9
2001-09-04,21.76,88.47,,2001,9
2001-09-05,21.78,88.73,,2001,9
2001-09-06,22.18,89.94,,2001,9
2001-09-07,21.93,91.44,,2001,9
2001-09-08,21.28,95.15,,2001,9
2001-09-09,22.29,92.63,,2001,9
2001-09-10,21.9,91.71,,2001,9
2001-09-11,21.75,89.91,,2001,9
2001-09-12,20.3,93.19,,2001,9
2001-09-13,20.75,93.95,,2001,9
2001-09-14,21.22,92.11,,2001,9
2001-09-15,22.29,87.62,,2001,9
2001-09-16,21.61,92.46,,2001,9
2001-09-17,21.41,88.02,,2001,9
2001-09-18,20.16,93.19,,2001,9
2001-09-19,20.24,94.68,,2001,9
2001-09-20,21.0,93.83,,2001,9
2001-09-21,21.53,87.16,,2001,9
2001-09-22,22.33,82.98,,2001,9
2001-09-23,21.58,90.33,,2001,9
2001-09-24,20.81,92.82,,2001,9
2001-09-25,21.5,88.56,,2001,9
2001-09-26,21.89,87.61,,2001,9
2001-09-27,21.97,89.55,,2001,9
2001-09-28,21.87,87.35,,2001,9
2001-09-29,21.87,86.35,,2001,9
2001-09-30,21.45,90.61,,2001,9
2001-10-01,20.99,88.29,,2001,10
2001-10-02,19.67,90.89,,2001,10
2001-10-03,19.46,93.31,,2001,10
2001-10-04,19.67,92.44,,2001,10
2001-10-05,19.41,97.62,,2001,10
2001-10-06,20.11,95.88,,2001,10
2001-10-07,20.04,93.59,,2001,10
2001-10-08,21.34,89.52,,2001,10
2001-10-09,21.49,88.0,,2001,10
2001-10-10,19.64,89.87,,2001,10
2001-10-11,19.37,89.56,,2001,10
2001-10-12,19.92,93.2,,2001,10
2001-10-13,20.59,88.35,,2001,10
2001-10-14,19.91,89.72,,2001,10
2001-10-15,20.61,85.57,,2001,10
2001-10-16,19.75,87.27,,2001,10
2001-10-17,19.21,87.9,,2001,10
2001-10-18,18.19,90.99,,2001,10
2001-10-19,18.41,88.91,,2001,10
2001-10-20,19.21,81.75,,2001,10
2001-10-21,18.11,86.13,,2001,10
2001-10-22,18.07,81.02,,2001,10
2001-10-23,18.35,78.86,,2001,10
2001-10-24,19.68,72.69,,2001,10
2001-10-25,19.09,72.94,,2001,10
2001-10-26,17.26,85.05,,2001,10
2001-10-27,18.72,80.7,,2001,10
2001-10-28,18.7,79.44,,2001,10
2001-10-29,18.94,85.53,,2001,10
2001-10-30,17.6,91.97,,2001,10
2001-10-31,18.07,88.41,,2001,10
2001-11-01,18.89,84.71,,2001,11
2001-11-02,17.19,84.62,,2001,11
2001-11-03,16.36,81.64,,2001,11
2001-11-04,16.28,88.02,,2001,11
2001-11-05,17.07,81.31,,2001,11
2001-11-06,16.58,80.29,,2001,11
2001-11-07,17.2,81.5,,2001,11
2001-11-08,16.19,88.96,,2001,11
2001-11-09,16.1,80.43,,2001,11
2001-11-10,16.3,77.22,,2001,11
2001-11-11,15.85,82.94,,2001,11
2001-11-12,15.11,90.8,,2001,11
2001-11-13,16.98,86.46,,2001,11
2001-11-14,17.47,84.83,,2001,11
2001-11-15,16.92,85.94,,2001,11
2001-11-16,16.89,79.76,,2001,11
2001-11-17,15.45,83.48,,2001,11
2001-11-18,15.3,73.71,,2001,11
2001-11-19,15.05,80.48,,2001,11
2001-11-20,14.6,81.05,,2001,11
2001-11-21,13.99,84.43,,2001,11
2001-11-22,14.11,80.98,,2001,11
2001-11-23,13.12,85.76,,2001,11
2001-11-24,14.32,82.31,,2001,11
2001-11-25,14.8,77.14,,2001,11
2001-11-26,14.7,70.46,,2001,11
2001-11-27,13.69,68.94,,2001,11
2001-11-28,12.18,71.46,,2001,11
2001-11-29,11.73,73.55,,2001,11
2001-11-30,11.41,71.29,,2001,11
2001-12-01,11.17,75.24,,2001,12
2001-12-02,10.75,79.32,,2001,12
2001-12-03,10.77,80.68,,2001,12
2001-12-04,11.04,84.07,,2001,12
2001-12-05,11.53,82.13,,2001,12
2001-12-06,11.68,79.2,,2001,12
2001-12-07,12.1,71.22,,2001,12
2001-12-08,10.61,81.41,,2001,12
2001-12-09,10.93,79.57,,2001,12
2001-12-10,10.34,78.25,,2001,12
2001-12-11,10.39,79.57,,2001,12
2001-12-12,10.33,77.86,,2001,12
2001-12-13,10.14,71.64,,2001,12
2001-12-14,11.44,60.36,,2001,12
2001-12-15,12.53,55.35,,2001,12
2001-12-16,11.2,66.37,,2001,12
2001-12-17,10.05,70.54,,2001,12
2001-12-18,11.04,63.74,,2001,12
2001-12-19,11.92,59.4,,2001,12
2001-12-20,12.96,56.48,,2001,12
2001-12-21,11.64,64.97,,2001,12
2001-12-22,12.09,64.39,,2001,12
2001-12-23,12.32,66.7,,2001,12
2001-12-24,13.57,55.28,,2001,12
2001-12-25,13.34,62.5,,2001,12
2001-12-26,12.78,61.93,,2001,12
2001-12-27,12.18,70.6,,2001,12
2001-12-28,11.92,71.62,,2001,12
2001-12-29,11.31,71.65,,2001,12
2001-12-30,11.18,69.7,,2001,12
2001-12-31,10.73,71.34,,2001,12
2002-01-01,10.14,68.58,,2002,1
2002-01-02,11.75,55.53,,2002,1
2002-01-03,11.27,58.65,,2002,1
2002-01-04,11.9,53.77,,2002,1
2002-01-05,13.37,48.71,,2002,1
2002-01-06,11.84,57.8,,2002,1
2002-01-07,12.82,57.24,,2002,1
2002-01-08,11.0,72.96,,2002,1
2002-01-09,11.15,75.44,,2002,1
2002-01-10,11.5,72.65,,2002,1
2002-01-11,10.72,76.73,,2002,1
2002-01-12,10.43,76.53,,2002,1
2002-01-13,10.54,70.09,,2002,1
2002-01-14,10.56,70.85,,2002,1
2002-01-15,10.69,73.11,,2002,1
2002-01-16,12.08,72.15,,2002,1
2002-01-17,11.68,83.92,,2002,1
2002-01-18,12.08,85.81,,2002,1
2002-01-19,11.92,86.9,,2002,1
2002-01-20,11.64,86.58,,2002,1
2002-01-21,11.9,87.09,,2002,1
2002-01-22,11.5,83.46,,2002,1
2002-01-23,11.75,88.73,,2002,1
2002-01-24,10.11,81.03,,2002,1
2002-01-25,7.62,57.68,,2002,1
2002-01-26,7.71,61.4,,2002,1
2002-01-27,8.37,63.75,,2002,1
2002-01-28,9.49,69.8,,2002,1
2002-01-29,10.75,76.23,,2002,1
2002-01-30,10.25,72.66,,2002,1
2002-01-31,8.98,70.14,,2002,1
2002-02-01,9.54,73.99,,2002,2
2002-02-02,9.76,77.68,,2002,2
2002-02-03,8.75,70.28,,2002,2
2002-02-04,9.39,55.46,,2002,2
2002-02-05,10.25,61.67,,2002,2
2002-02-06,11.01,58.6,,2002,2
2002-02-07,12.92,66.88,,2002,2
2002-02-08,14.21,71.2,,2002,2
2002-02-09,14.88,74.86,,2002,2
2002-02-10,14.0,75.44,,2002,2
2002-02-11,15.78,56.75,,2002,2
2002-02-12,15.08,59.49,,2002,2
2002-02-13,13.23,67.4,,2002,2
2002-02-14,13.05,58.31,,2002,2
2002-02-15,14.3,53.44,,2002,2
2002-02-16,15.0,49.65,,2002,2
2002-02-17,15.43,47.94,,2002,2
2002-02-18,15.46,53.57,,2002,2
2002-02-19,14.44,55.53,,2002,2
2002-02-20,13.57,55.71,,2002,2
2002-02-21,12.88,53.97,,2002,2
2002-02-22,13.29,53.35,,2002,2
2002-02-23,13.88,61.15,,2002,2
2002-02-24,15.01,58.61,,2002,2
2002-02-25,14.72,57.87,,2002,2
2002-02-26,13.16,66.79,,2002,2
2002-02-27,12.86,54.21,,2002,2
2002-02-28,13.01,50.41,,2002,2
2002-03-01,14.16,52.1,,2002,3
2002-03-02,15.12,54.75,,2002,3
2002-03-03,14.77,61.46,,2002,3
2002-03-04,14.35,71.23,,2002,3
2002-03-05,14.37,54.94,,2002,3
2002-03-06,14.82,50.45,,2002,3
2002-03-07,15.55,46.76,,2002,3
2002-03-08,16.14,46.05,,2002,3
2002-03-09,15.77,49.64,,2002,3
2002-03-10,16.28,65.8,,2002,3
2002-03-11,16.9,73.56,,2002,3
2002-03-12,17.29,55.29,,2002,3
2002-03-13,16.55,45.24,,2002,3
2002-03-14,16.07,51.06,,2002,3
2002-03-15,15.7,55.88,,2002,3
2002-03-16,14.8,56.29,,2002,3
2002-03-17,16.35,47.68,,2002,3
2002-03-18,16.8,55.18,,2002,3
2002-03-19,18.47,48.1,,2002,3
2002-03-20,18.99,50.53,,2002,3
2002-03-21,17.52,55.08,,2002,3
2002-03-22,17.75,59.55,,2002,3
2002-03-23,17.44,69.59,,2002,3
2002-03-24,17.12,81.49,,2002,3
2002-03-25,17.36,86.8,,2002,3
2002-03-26,17.72,89.14,,2002,3
2002-03-27,17.7,84.65,,2002,3
2002-03-28,17.28,83.38,,2002,3
2002-03-29,18.14,72.32,,2002,3
2002-03-30,17.9,61.34,,2002,3
2002-03-31,17.82,64.67,,2002,3
2002-04-01,17.13,77.3,,2002,4
2002-04-02,17.09,82.23,,2002,4
2002-04-03,15.61,74.98,,2002,4
2002-04-04,16.64,77.48,,2002,4
2002-04-05,17.54,73.07,,2002,4
2002-04-06,18.21,73.98,,2002,4
2002-04-07,19.33,74.49,,2002,4
2002-04-08,20.15,74.87,,2002,4
2002-04-09,18.89,71.63,,2002,4
2002-04-10,18.07,69.26,,2002,4
2002-04-11,18.65,75.74,,2002,4
2002-04-12,17.18,68.74,,2002,4
2002-04-13,18.59,58.1,,2002,4
2002-04-14,18.36,67.17,,2002,4
2002-04-15,18.59,78.58,,2002,4
2002-04-16,19.35,86.8,,2002,4
2002-04-17,19.98,87.93,,2002,4
2002-04-18,20.95,86.56,,2002,4
2002-04-19,20.51,87.71,,2002,4
2002-04-20,20.7,78.62,,2002,4
2002-04-21,20.38,73.97,,2002,4
2002-04-22,19.79,77.35,,2002,4
2002-04-23,19.6,68.17,,2002,4
2002-04-24,19.64,73.54,,2002,4
2002-04-25,19.84,79.67,,2002,4
2002-04-26,19.32,89.19,,2002,4
2002-04-27,18.55,86.63,,2002,4
2002-04-28,18.72,80.96,,2002,4
2002-04-29,18.66,85.16,,2002,4
2002-04-30,18.94,81.74,,2002,4
2002-05-01,19.31,80.46,,2002,5
2002-05-02,19.55,82.15,,2002,5
2002-05-03,18.98,85.73,,2002,5
2002-05-04,19.22,83.93,,2002,5
2002-05-05,19.49,81.1,,2002,5
2002-05-06,19.75,78.5,,2002,5
2002-05-07,20.11,73.93,,2002,5
2002-05-08,21.59,75.41,,2002,5
2002-05-09,21.64,82.44,,2002,5
2002-05-10,21.21,85.38,,2002,5
2002-05-11,20.84,90.66,,2002,5
2002-05-12,22.01,83.12,,2002,5
2002-05-13,23.07,75.52,,2002,5
2002-05-14,22.9,82.17,,2002,5
2002-05-15,21.78,88.33,,2002,5
2002-05-16,22.54,80.25,,2002,5
2002-05-17,23.1,80.3,,2002,5
2002-05-18,23.3,80.54,,2002,5
2002-05-19,22.42,85.69,,2002,5
2002-05-20,22.91,89.12,,2002,5
2002-05-21,22.29,85.49,,2002,5
2002-05-22,21.97,89.42,,2002,5
2002-05-23,20.79,84.46,,2002,5
2002-05-24,20.46,81.23,,2002,5
2002-05-25,19.41,84.78,,2002,5
2002-05-26,19.75,93.22,,2002,5
2002-05-27,19.17,88.06,,2002,5
2002-05-28,18.21,86.7,,2002,5
2002-05-29,20.53,77.35,,2002,5
2002-05-30,20.92,82.51,,2002,5
2002-05-31,21.06,85.88,,2002,5
2002-06-01,20.82,86.98,,2002,6
2002-06-02,20.97,82.72,,2002,6
2002-06-03,21.59,84.47,,2002,6
2002-06-04,21.79,83.46,,2002,6
2002-06-05,21.4,88.88,,2002,6
2002-06-06,20.54,90.8,,2002,6
2002-06-07,20.95,88.34,,2002,6
2002-06-08,20.55,91.85,,2002,6
2002-06-09,21.93,85.59,,2002,6
2002-06-10,21.31,90.81,,2002,6
2002-06-11,21.49,90.13,,2002,6
2002-06-12,20.93,91.99,,2002,6
2002-06-13,20.99,94.37,,2002,6
2002-06-14,21.68,93.36,,2002,6
2002-06-15,21.56,90.71,,2002,6
2002-06-16,22.5,88.18,,2002,6
2002-06-17,22.36,91.94,,2002,6
2002-06-18,21.39,93.92,,2002,6
2002-06-19,22.02,91.48,,2002,6
2002-06-20,22.43,88.28,,2002,6
2002-06-21,22.46,88.25,,2002,6
2002-06-22,22.83,91.12,,2002,6
2002-06-23,22.68,91.96,,2002,6
2002-06-24,23.67,87.51,,2002,6
2002-06-25,22.95,88.74,,2002,6
2002-06-26,22.36,91.56,,2002,6
2002-06-27,22.3,90.87,,2002,6
2002-06-28,22.78,91.18,,2002,6
2002-06-29,22.65,95.51,,2002,6
2002-06-30,22.61,93.42,,2002,6
2002-07-01,23.19,91.5,,2002,7
2002-07-02,22.67,92.83,,2002,7
2002-07-03,22.61,93.48,,2002,7
2002-07-04,22.88,93.66,,2002,7
2002-07-05,23.06,92.13,,2002,7
2002-07-06,22.81,92.69,,2002,7
2002-07-07,23.34,91.89,,2002,7
2002-07-08,22.42,95.6,,2002,7
2002-07-09,22.67,92.96,,2002,7
2002-07-10,22.59,92.29,,2002,7
2002-07-11,22.36,95.29,,2002,7
2002-07-12,21.76,91.56,,2002,7
2002-07-13,23.01,88.48,,2002,7
2002-07-14,22.93,93.13,,2002,7
2002-07-15,22.98,89.55,,2002,7
2002-07-16,22.8,90.36,,2002,7
2002-07-17,22.48,93.69,,2002,7
2002-07-18,22.31,91.54,,2002,7
2002-07-19,22.56,92.75,,2002,7
2002-07-20,22.27,95.74,,2002,7
2002-07-21,22.35,96.54,,2002,7
2002-07-22,22.36,94.93,,2002,7
2002-07-23,22.22,93.61,,2002,7
2002-07-24,21.26,94.81,,2002,7
2002-07-25,21.66,91.45,,2002,7
2002-07-26,20.89,91.77,,2002,7
2002-07-27,20.99,89.51,,2002,7
2002-07-28,21.76,89.64,,2002,7
2002-07-29,21.91,93.9,,2002,7
2002-07-30,22.01,91.91,,2002,7
2002-07-31,21.71,93.58,,2002,7
2002-08-01,21.95,91.89,,2002,8
2002-08-02,21.76,92.78,,2002,8
2002-08-03,22.93,87.37,,2002,8
2002-08-04,22.7,90.43,,2002,8
2002-08-05,23.01,89.8,,2002,8
2002-08-06,22.86,91.56,,2002,8
2002-08-07,23.2,88.95,,2002,8
2002-08-08,23.83,86.18,,2002,8
2002-08-09,23.11,93.14,,2002,8
2002-08-10,22.12,95.54,,2002,8
2002-08-11,22.39,94.91,,2002,8
2002-08-12,21.71,96.11,,2002,8
2002-08-13,22.22,89.91,,2002,8
2002-08-14,21.37,94.21,,2002,8
2002-08-15,21.88,92.27,,2002,8
2002-08-16,21.52,92.46,,2002,8
2002-08-17,21.48,93.94,,2002,8
2002-08-18,21.53,90.37,,2002,8
2002-08-19,20.78,91.87,,2002,8
2002-08-20,20.47,94.08,,2002,8
2002-08-21,21.02,89.45,,2002,8
2002-08-22,21.17,91.26,,2002,8
2002-08-23,20.73,94.04,,2002,8
2002-08-24,20.73,94.47,,2002,8
2002-08-25,20.81,94.83,,2002,8
2002-08-26,21.99,88.07,,2002,8
2002-08-27,22.65,88.83,,2002,8
2002-08-28,22.85,87.91,,2002,8
2002-08-29,23.0,88.24,,2002,8
2002-08-30,21.58,92.37,,2002,8
2002-08-31,21.86,86.81,,2002,8
2002-09-01,21.84,86.65,,2002,9
2002-09-02,22.25,84.13,,2002,9
2002-09-03,22.32,85.54,,2002,9
2002-09-04,21.54,90.59,,2002,9
2002-09-05,21.67,85.16,,2002,9
2002-09-06,21.52,84.59,,2002,9
2002-09-07,21.67,84.36,,2002,9
2002-09-08,22.0,86.42,,2002,9
2002-09-09,21.48,83.88,,2002,9
2002-09-10,21.03,87.33,,2002,9
2002-09-11,20.66,88.51,,2002,9
2002-09-12,21.43,87.13,,2002,9
2002-09-13,21.36,86.16,,2002,9
2002-09-14,21.26,89.52,,2002,9
2002-09-15,20.81,91.66,,2002,9
2002-09-16,20.57,90.62,,2002,9
2002-09-17,19.89,78.75,,2002,9
2002-09-18,19.59,84.44,,2002,9
2002-09-19,20.89,82.55,,2002,9
2002-09-20,21.44,86.52,,2002,9
2002-09-21,21.34,89.64,,2002,9
2002-09-22,20.32,92.27,,2002,9
2002-09-23,19.49,89.34,,2002,9
2002-09-24,19.7,94.18,,2002,9
2002-09-25,18.96,96.27,,2002,9
2002-09-26,20.55,91.28,,2002,9
2002-09-27,20.05,94.55,,2002,9
2002-09-28,20.71,96.51,,2002,9
2002-09-29,20.24,96.06,,2002,9
2002-09-30,20.85,94.37,,2002,9
2002-10-01,21.08,92.99,,2002,10
2002-10-02,21.31,88.93,,2002,10
2002-10-03,21.18,86.41,,2002,10
2002-10-04,21.04,86.57,,2002,10
2002-10-05,21.43,85.58,,2002,10
2002-10-06,20.88,88.34,,2002,10
2002-10-07,20.18,81.48,,2002,10
2002-10-08,20.2,73.89,,2002,10
2002-10-09,19.7,76.0,,2002,10
2002-10-10,19.05,83.45,,2002,10
2002-10-11,19.39,81.07,,2002,10
2002-10-12,19.36,78.09,,2002,10
2002-10-13,19.11,78.49,,2002,10
2002-10-14,17.73,86.9,,2002,10
2002-10-15,17.48,91.68,,2002,10
2002-10-16,19.06,86.39,,2002,10
2002-10-17,18.38,88.11,,2002,10
2002-10-18,17.46,91.39,,2002,10
2002-10-19,17.81,89.51,,2002,10
2002-10-20,17.91,92.4,,2002,10
2002-10-21,17.68,87.45,,2002,10
2002-10-22,18.14,85.39,,2002,10
2002-10-23,17.0,85.09,,2002,10
2002-10-24,16.23,84.65,,2002,10
2002-10-25,16.72,84.29,,2002,10
2002-10-26,16.74,81.93,,2002,10
2002-10-27,17.32,78.73,,2002,10
2002-10-28,16.41,83.91,,2002,10
2002-10-29,15.5,85.12,,2002,10
2002-10-30,15.36,81.84,,2002,10
2002-10-31,15.6,79.11,,2002,10
2002-11-01,14.95,84.19,,2002,11
2002-11-02,16.8,76.51,,2002,11
2002-11-03,17.11,81.32,,2002,11
2002-11-04,17.27,81.94,,2002,11
2002-11-05,17.42,77.5,,2002,11
2002-11-06,15.63,83.48,,2002,11
2002-11-07,15.64,79.77,,2002,11
2002-11-08,16.76,75.0,,2002,11
2002-11-09,17.18,73.79,,2002,11
2002-11-10,18.05,69.56,,2002,11
2002-11-11,17.65,71.77,,2002,11
2002-11-12,14.53,96.34,,2002,11
2002-11-13,15.81,96.15,,2002,11
2002-11-14,15.05,87.39,,2002,11
2002-11-15,12.61,83.45,,2002,11
2002-11-16,13.78,83.0,,2002,11
2002-11-17,13.42,82.64,,2002,11
2002-11-18,14.3,70.47,,2002,11
2002-11-19,14.05,84.06,,2002,11
2002-11-20,13.56,79.86,,2002,11
2002-11-21,12.33,86.9,,2002,11
2002-11-22,13.69,79.25,,2002,11
2002-11-23,14.99,76.36,,2002,11
2002-11-24,14.72,77.08,,2002,11
2002-11-25,15.24,79.79,,2002,11
2002-11-26,15.03,84.13,,2002,11
2002-11-27,14.33,86.11,,2002,11
2002-11-28,13.75,83.21,,2002,11
2002-11-29,14.12,81.47,,2002,11
2002-11-30,15.57,87.03,,2002,11
2002-12-01,15.1,89.25,,2002,12
2002-12-02,14.33,85.13,,2002,12
2002-12-03,12.99,80.4,,2002,12
2002-12-04,13.54,79.78,,2002,12
2002-12-05,12.71,86.77,,2002,12
2002-12-06,13.14,85.5,,2002,12
2002-12-07,11.99,83.3,,2002,12
2002-12-08,11.85,80.04,,2002,12
2002-12-09,12.53,74.51,,2002,12
2002-12-10,13.2,72.59,,2002,12
2002-12-11,11.51,76.66,,2002,12
2002-12-12,12.69,57.76,,2002,12
2002-12-13,12.88,61.02,,2002,12
2002-12-14,12.69,68.07,,2002,12
2002-12-15,13.31,71.85,,2002,12
2002-12-16,13.35,80.93,,2002,12
2002-12-17,12.89,87.9,,2002,12
2002-12-18,12.5,89.49,,2002,12
2002-12-19,11.81,89.88,,2002,12
2002-12-20,11.29,89.75,,2002,12
2002-12-21,11.22,88.32,,2002,12
2002-12-22,11.16,81.92,,2002,12
2002-12-23,10.8,80.26,,2002,12
2002-12-24,10.81,75.94,,2002,12
2002-12-25,10.0,88.92,,2002,12
2002-12-26,10.23,83.48,,2002,12
2002-12-27,10.4,85.98,,2002,12
2002-12-28,9.17,84.94,,2002,12
2002-12-29,8.55,81.64,,2002,12
2002-12-30,8.46,84.52,,2002,12
2002-12-31,9.37,80.7,,2002,12
2003-01-01,9.55,75.65,,2003,1
2003-01-02,9.25,81.4,,2003,1
2003-01-03,11.0,67.34,,2003,1
2003-01-04,11.45,76.09,,2003,1
2003-01-05,11.21,81.76,,2003,1
2003-01-06,9.78,79.71,,2003,1
2003-01-07,10.46,73.95,,2003,1
2003-01-08,9.18,78.58,,2003,1
2003-01-09,7.95,74.9,,2003,1
2003-01-10,8.75,76.6,,2003,1
2003-01-11,8.77,80.88,,2003,1
2003-01-12,9.44,76.5,,2003,1
2003-01-13,8.99,73.02,,2003,1
2003-01-14,9.8,64.1,,2003,1
2003-01-15,9.26,65.9,,2003,1
2003-01-16,11.04,52.06,,2003,1
2003-01-17,11.85,50.93,,2003,1
2003-01-18,13.69,48.81,,2003,1
2003-01-19,12.88,58.29,,2003,1
2003-01-20,11.56,63.18,,2003,1
2003-01-21,9.87,65.41,,2003,1
2003-01-22,10.4,53.45,,2003,1
2003-01-23,8.55,63.73,,2003,1
2003-01-24,7.53,62.8,,2003,1
2003-01-25,8.52,65.89,,2003,1
2003-01-26,8.85,66.22,,2003,1
2003-01-27,9.91,69.41,,2003,1
2003-01-28,10.51,75.37,,2003,1
2003-01-29,10.55,77.34,,2003,1
2003-01-30,9.75,88.84,,2003,1
2003-01-31,9.96,82.56,,2003,1
2003-02-01,11.16,82.62,,2003,2
2003-02-02,13.09,80.24,,2003,2
2003-02-03,13.89,74.66,,2003,2
2003-02-04,13.23,78.78,,2003,2
2003-02-05,12.38,78.0,,2003,2
2003-02-06,12.21,76.37,,2003,2
2003-02-07,10.78,81.99,,2003,2
2003-02-08,10.5,77.73,,2003,2
2003-02-09,11.29,82.28,,2003,2
2003-02-10,11.76,83.66,,2003,2
2003-02-11,11.54,80.95,,2003,2
2003-02-12,11.4,74.25,,2003,2
2003-02-13,11.42,72.56,,2003,2
2003-02-14,10.07,79.96,,2003,2
2003-02-15,9.89,66.08,,2003,2
2003-02-16,10.71,69.44,,2003,2
2003-02-17,12.5,66.79,,2003,2
2003-02-18,13.9,67.38,,2003,2
2003-02-19,14.7,70.73,,2003,2
2003-02-20,13.16,78.22,,2003,2
2003-02-21,10.66,76.45,,2003,2
2003-02-22,11.96,59.46,,2003,2
2003-02-23,13.46,65.92,,2003,2
2003-02-24,13.43,71.72,,2003,2
2003-02-25,12.77,72.74,,2003,2
2003-02-26,12.95,73.21,,2003,2
2003-02-27,13.57,72.37,,2003,2
2003-02-28,14.28,73.55,,2003,2
2003-03-01,15.14,73.14,,2003,3
2003-03-02,15.01,76.85,,2003,3
2003-03-03,15.06,74.11,,2003,3
2003-03-04,15.48,67.44,,2003,3
2003-03-05,10.34,49.65,,2003,3
2003-03-06,10.26,51.8,,2003,3
2003-03-07,10.65,52.6,,2003,3
2003-03-08,10.75,54.41,,2003,3
2003-03-09,12.5,55.22,,2003,3
2003-03-10,13.81,56.99,,2003,3
2003-03-11,13.9,59.28,,2003,3
2003-03-12,14.44,77.85,,2003,3
2003-03-13,12.92,90.2,,2003,3
2003-03-14,13.14,86.76,,2003,3
2003-03-15,14.81,85.65,,2003,3
2003-03-16,15.41,84.9,,2003,3
2003-03-17,15.23,83.25,,2003,3
2003-03-18,14.48,77.75,,2003,3
2003-03-19,14.36,78.11,,2003,3
2003-03-20,14.78,71.95,,2003,3
2003-03-21,14.5,67.76,,2003,3
2003-03-22,15.47,69.3,,2003,3
2003-03-23,17.04,68.84,,2003,3
2003-03-24,17.81,65.69,,2003,3
2003-03-25,18.0,64.25,,2003,3
2003-03-26,17.7,67.65,,2003,3
2003-03-27,17.37,75.67,,2003,3
2003-03-28,17.93,72.6,,2003,3
2003-03-29,18.1,73.6,,2003,3
2003-03-30,16.77,84.35,,2003,3
2003-03-31,17.63,91.53,,2003,3
2003-04-01,16.75,86.63,,2003,4
2003-04-02,15.97,81.53,,2003,4
2003-04-03,16.77,86.25,,2003,4
2003-04-04,17.63,84.44,,2003,4
2003-04-05,18.76,79.63,,2003,4
2003-04-06,18.37,78.67,,2003,4
2003-04-07,18.61,76.5,,2003,4
2003-04-08,18.94,55.11,,2003,4
2003-04-09,19.05,47.32,,2003,4
2003-04-10,19.28,53.98,,2003,4
2003-04-11,19.43,71.25,,2003,4
2003-04-12,18.17,86.98,,2003,4
2003-04-13,19.3,87.73,,2003,4
2003-04-14,19.96,78.76,,2003,4
2003-04-15,19.73,78.7,,2003,4
2003-04-16,19.39,80.5,,2003,4
2003-04-17,19.19,88.93,,2003,4
2003-04-18,20.36,86.1,,2003,4
2003-04-19,19.67,84.64,,2003,4
2003-04-20,20.26,88.84,,2003,4
2003-04-21,19.93,88.29,,2003,4
2003-04-22,19.85,87.73,,2003,4
2003-04-23,19.68,80.36,,2003,4
2003-04-24,20.26,73.78,,2003,4
2003-04-25,20.35,80.17,,2003,4
2003-04-26,20.67,79.7,,2003,4
2003-04-27,20.89,83.99,,2003,4
2003-04-28,20.28,77.38,,2003,4
2003-04-29,20.77,71.03,,2003,4
2003-04-30,20.0,78.92,,2003,4
2003-05-01,19.37,77.32,,2003,5
2003-05-02,18.11,84.39,,2003,5
2003-05-03,19.9,86.46,,2003,5
2003-05-04,21.42,90.83,,2003,5
2003-05-05,19.55,82.05,,2003,5
2003-05-06,19.9,86.66,,2003,5
2003-05-07,20.33,85.39,,2003,5
2003-05-08,20.74,72.8,,2003,5
2003-05-09,21.77,60.34,,2003,5
2003-05-10,20.32,67.47,,2003,5
2003-05-11,19.99,66.38,,2003,5
2003-05-12,19.69,71.71,,2003,5
2003-05-13,20.92,71.47,,2003,5
2003-05-14,21.58,73.71,,2003,5
2003-05-15,21.68,79.65,,2003,5
2003-05-16,20.94,81.32,,2003,5
2003-05-17,20.42,84.6,,2003,5
2003-05-18,21.21,81.25,,2003,5
2003-05-19,22.2,70.78,,2003,5
2003-05-20,21.76,76.31,,2003,5
2003-05-21,20.87,89.47,,2003,5
2003-05-22,20.75,83.42,,2003,5
2003-05-23,20.76,84.83,,2003,5
2003-05-24,21.21,85.29,,2003,5
2003-05-25,21.2,86.9,,2003,5
2003-05-26,21.01,88.17,,2003,5
2003-05-27,21.36,88.52,,2003,5
2003-05-28,21.68,82.55,,2003,5
2003-05-29,21.84,80.83,,2003,5
2003-05-30,22.4,75.37,,2003,5
2003-05-31,24.06,64.86,,2003,5
2003-06-01,23.85,65.81,,2003,6
2003-06-02,23.97,64.69,,2003,6
2003-06-03,22.98,74.4,,2003,6
2003-06-04,21.49,91.74,,2003,6
2003-06-05,21.71,91.15,,2003,6
2003-06-06,20.96,94.06,,2003,6
2003-06-07,21.9,91.65,,2003,6
2003-06-08,21.76,93.54,,2003,6
2003-06-09,21.83,91.87,,2003,6
2003-06-10,22.35,90.53,,2003,6
2003-06-11,21.55,90.76,,2003,6
2003-06-12,21.45,91.19,,2003,6
2003-06-13,21.53,92.22,,2003,6
2003-06-14,21.04,92.7,,2003,6
2003-06-15,21.49,90.57,,2003,6
2003-06-16,22.05,84.28,,2003,6
2003-06-17,22.57,87.65,,2003,6
2003-06-18,22.49,88.45,,2003,6
2003-06-19,21.54,91.39,,2003,6
2003-06-20,21.11,91.97,,2003,6
2003-06-21,21.48,91.25,,2003,6
2003-06-22,22.55,91.13,,2003,6
2003-06-23,22.55,91.84,,2003,6
2003-06-24,22.58,92.35,,2003,6
2003-06-25,22.97,92.87,,2003,6
2003-06-26,21.93,95.94,,2003,6
2003-06-27,21.78,95.36,,2003,6
2003-06-28,22.46,95.74,,2003,6
2003-06-29,22.34,96.02,,2003,6
2003-06-30,22.2,94.22,,2003,6
2003-07-01,22.2,92.78,,2003,7
2003-07-02,22.16,92.74,,2003,7
2003-07-03,22.12,92.26,,2003,7
2003-07-04,21.74,94.6,,2003,7
2003-07-05,23.0,85.03,,2003,7
2003-07-06,22.43,91.27,,2003,7
2003-07-07,22.17,92.81,,2003,7
2003-07-08,21.47,93.03,,2003,7
2003-07-09,21.82,91.61,,2003,7
2003-07-10,22.36,90.74,,2003,7
2003-07-11,21.72,94.97,,2003,7
2003-07-12,21.95,96.54,,2003,7
2003-07-13,22.65,93.48,,2003,7
2003-07-14,22.5,91.28,,2003,7
2003-07-15,22.55,89.87,,2003,7
2003-07-16,22.65,90.44,,2003,7
2003-07-17,23.65,87.99,,2003,7
2003-07-18,22.7,91.86,,2003,7
2003-07-19,22.31,91.8,,2003,7
2003-07-20,22.62,91.98,,2003,7
2003-07-21,22.04,91.57,,2003,7
2003-07-22,22.78,85.57,,2003,7
2003-07-23,22.95,86.97,,2003,7
2003-07-24,23.25,86.32,,2003,7
2003-07-25,22.46,90.46,,2003,7
2003-07-26,22.65,91.37,,2003,7
2003-07-27,23.3,91.92,,2003,7
2003-07-28,22.8,90.98,,2003,7
2003-07-29,22.07,93.84,,2003,7
2003-07-30,21.44,95.78,,2003,7
2003-07-31,21.79,93.79,,2003,7
2003-08-01,22.33,92.62,,2003,8
2003-08-02,22.21,90.48,,2003,8
2003-08-03,23.63,85.37,,2003,8
2003-08-04,23.85,85.12,,2003,8
2003-08-05,23.94,86.54,,2003,8
2003-08-06,24.27,88.14,,2003,8
2003-08-07,24.83,85.59,,2003,8
2003-08-08,22.85,93.82,,2003,8
2003-08-09,23.08,91.84,,2003,8
2003-08-10,22.92,91.83,,2003,8
2003-08-11,22.95,90.7,,2003,8
2003-08-12,22.72,89.83,,2003,8
2003-08-13,23.11,88.34,,2003,8
2003-08-14,23.24,89.01,,2003,8
2003-08-15,22.83,92.56,,2003,8
2003-08-16,22.21,92.65,,2003,8
2003-08-17,21.92,93.97,,2003,8
2003-08-18,22.86,88.12,,2003,8
2003-08-19,22.49,89.88,,2003,8
2003-08-20,22.84,88.1,,2003,8
2003-08-21,23.67,86.68,,2003,8
2003-08-22,23.33,91.17,,2003,8
2003-08-23,22.31,91.13,,2003,8
2003-08-24,22.32,89.7,,2003,8
2003-08-25,23.29,84.6,,2003,8
2003-08-26,23.76,86.78,,2003,8
2003-08-27,22.58,91.46,,2003,8
2003-08-28,22.3,92.42,,2003,8
2003-08-29,21.87,90.78,,2003,8
2003-08-30,22.13,90.96,,2003,8
2003-08-31,22.5,92.26,,2003,8
2003-09-01,22.41,91.92,,2003,9
2003-09-02,21.86,92.3,,2003,9
2003-09-03,22.08,89.49,,2003,9
2003-09-04,22.31,87.77,,2003,9
2003-09-05,22.13,89.51,,2003,9
2003-09-06,21.34,94.22,,2003,9
2003-09-07,21.09,93.96,,2003,9
2003-09-08,21.43,91.53,,2003,9
2003-09-09,22.34,87.27,,2003,9
2003-09-10,22.95,88.84,,2003,9
2003-09-11,22.85,89.64,,2003,9
2003-09-12,22.82,89.97,,2003,9
2003-09-13,22.62,88.79,,2003,9
2003-09-14,22.97,88.05,,2003,9
2003-09-15,21.48,95.31,,2003,9
2003-09-16,22.38,86.18,,2003,9
2003-09-17,21.62,92.12,,2003,9
2003-09-18,21.79,89.45,,2003,9
2003-09-19,21.1,91.3,,2003,9
2003-09-20,21.74,87.39,,2003,9
2003-09-21,22.06,88.86,,2003,9
2003-09-22,21.44,90.26,,2003,9
2003-09-23,21.84,88.74,,2003,9
2003-09-24,20.73,91.98,,2003,9
2003-09-25,21.05,89.04,,2003,9
2003-09-26,20.94,92.54,,2003,9
2003-09-27,20.65,93.44,,2003,9
2003-09-28,20.42,93.49,,2003,9
2003-09-29,20.97,88.34,,2003,9
2003-09-30,21.03,88.78,,2003,9
2003-10-01,21.02,89.74,,2003,10
2003-10-02,20.52,89.72,,2003,10
2003-10-03,20.77,89.61,,2003,10
2003-10-04,20.7,88.14,,2003,10
2003-10-05,20.15,87.8,,2003,10
2003-10-06,19.88,86.93,,2003,10
2003-10-07,18.65,91.98,,2003,10
2003-10-08,17.91,94.83,,2003,10
2003-10-09,19.0,97.09,,2003,10
2003-10-10,20.43,97.71,,2003,10
2003-10-11,20.32,92.91,,2003,10
2003-10-12,18.72,81.95,,2003,10
2003-10-13,18.72,84.8,,2003,10
2003-10-14,19.39,88.75,,2003,10
2003-10-15,20.31,90.41,,2003,10
2003-10-16,20.68,88.0,,2003,10
2003-10-17,20.08,86.5,,2003,10
2003-10-18,19.29,86.7,,2003,10
2003-10-19,19.39,86.91,,2003,10
2003-10-20,18.92,87.26,,2003,10
2003-10-21,18.6,82.39,,2003,10
2003-10-22,17.94,85.92,,2003,10
2003-10-23,18.75,84.62,,2003,10
2003-10-24,19.37,82.4,,2003,10
2003-10-25,17.48,90.36,,2003,10
2003-10-26,18.24,90.11,,2003,10
2003-10-27,19.2,88.02,,2003,10
2003-10-28,19.31,87.78,,2003,10
2003-10-29,19.26,87.68,,2003,10
2003-10-30,18.91,84.5,,2003,10
2003-10-31,18.09,84.11,,2003,10
2003-11-01,17.55,82.72,,2003,11
2003-11-02,17.5,84.2,,2003,11
2003-11-03,17.53,80.9,,2003,11
2003-11-04,17.49,76.45,,2003,11
2003-11-05,16.28,85.6,,2003,11
2003-11-06,15.63,87.57,,2003,11
2003-11-07,15.24,84.94,,2003,11
2003-11-08,14.78,80.81,,2003,11
2003-11-09,13.89,77.13,,2003,11
2003-11-10,14.44,82.28,,2003,11
2003-11-11,14.05,82.09,,2003,11
2003-11-12,15.48,76.69,,2003,11
2003-11-13,15.09,73.39,,2003,11
2003-11-14,14.65,68.32,,2003,11
2003-11-15,15.98,59.73,,2003,11
2003-11-16,15.01,71.98,,2003,11
2003-11-17,14.05,84.16,,2003,11
2003-11-18,14.17,86.45,,2003,11
2003-11-19,14.08,87.61,,2003,11
2003-11-20,13.19,86.65,,2003,11
2003-11-21,12.61,81.01,,2003,11
2003-11-22,13.05,83.31,,2003,11
2003-11-23,14.38,80.02,,2003,11
2003-11-24,13.99,84.65,,2003,11
2003-11-25,14.36,87.03,,2003,11
2003-11-26,14.19,86.03,,2003,11
2003-11-27,13.45,85.57,,2003,11
2003-11-28,12.68,81.82,,2003,11
2003-11-29,12.43,84.01,,2003,11
2003-11-30,12.33,82.68,,2003,11
2003-12-01,11.62,85.13,,2003,12
2003-12-02,12.43,76.51,,2003,12
2003-12-03,11.8,82.46,,2003,12
2003-12-04,11.39,86.1,,2003,12
2003-12-05,11.52,82.83,,2003,12
2003-12-06,10.92,81.35,,2003,12
2003-12-07,11.98,78.37,,2003,12
2003-12-08,12.22,83.68,,2003,12
2003-12-09,12.24,82.33,,2003,12
2003-12-10,12.54,82.02,,2003,12
2003-12-11,11.73,83.96,,2003,12
2003-12-12,11.16,83.81,,2003,12
2003-12-13,12.84,69.02,,2003,12
2003-12-14,13.78,57.69,,2003,12
2003-12-15,13.91,62.19,,2003,12
2003-12-16,13.87,69.5,,2003,12
2003-12-17,12.96,86.49,,2003,12
2003-12-18,13.72,83.13,,2003,12
2003-12-19,11.51,94.0,,2003,12
2003-12-20,13.74,83.82,,2003,12
2003-12-21,12.78,85.9,,2003,12
2003-12-22,12.58,85.24,,2003,12
2003-12-23,12.15,88.86,,2003,12
2003-12-24,12.36,84.52,,2003,12
2003-12-25,10.73,82.52,,2003,12
2003-12-26,10.53,78.78,,2003,12
2003-12-27,10.56,70.91,,2003,12
2003-12-28,9.32,86.41,,2003,12
2003-12-29,9.54,85.28,,2003,12
2003-12-30,10.04,76.93,,2003,12
2003-12-31,10.81,70.25,,2003,12
2004-01-01,10.17,82.7,,2004,1
2004-01-02,9.62,82.63,,2004,1
2004-01-03,8.28,83.26,,2004,1
2004-01-04,7.39,79.03,,2004,1
2004-01-05,7.59,73.55,,2004,1
2004-01-06,11.46,64.42,,2004,1
2004-01-07,12.08,69.03,,2004,1
2004-01-08,11.53,73.84,,2004,1
2004-01-09,10.41,78.02,,2004,1
2004-01-10,10.15,75.32,,2004,1
2004-01-11,11.3,66.76,,2004,1
2004-01-12,11.49,66.78,,2004,1
2004-01-13,10.71,76.84,,2004,1
2004-01-14,9.18,87.41,,2004,1
2004-01-15,10.94,74.97,,2004,1
2004-01-16,10.12,83.35,,2004,1
2004-01-17,11.1,83.49,,2004,1
2004-01-18,11.12,84.48,,2004,1
2004-01-19,10.01,89.74,,2004,1
2004-01-20,12.53,84.51,,2004,1
2004-01-21,11.59,85.31,,2004,1
2004-01-22,11.24,85.69,,2004,1
2004-01-23,11.99,84.25,,2004,1
2004-01-24,11.25,88.17,,2004,1
2004-01-25,10.09,83.26,,2004,1
2004-01-26,7.33,78.35,,2004,1
2004-01-27,7.98,71.9,,2004,1
2004-01-28,7.85,61.67,,2004,1
2004-01-29,9.01,68.24,,2004,1
2004-01-30,9.69,72.06,,2004,1
2004-01-31,11.02,67.89,,2004,1
2004-02-01,11.42,71.15,,2004,2
2004-02-02,9.87,84.72,,2004,2
2004-02-03,6.98,66.86,,2004,2
2004-02-04,6.86,74.73,,2004,2
2004-02-05,7.76,80.86,,2004,2
2004-02-06,8.22,71.86,,2004,2
2004-02-07,8.61,68.49,,2004,2
2004-02-08,9.97,63.61,,2004,2
2004-02-09,10.95,64.15,,2004,2
2004-02-10,12.89,67.44,,2004,2
2004-02-11,13.05,66.16,,2004,2
2004-02-12,12.28,70.45,,2004,2
2004-02-13,12.98,61.97,,2004,2
2004-02-14,13.8,53.45,,2004,2
2004-02-15,12.38,60.45,,2004,2
2004-02-16,12.8,64.32,,2004,2
2004-02-17,13.37,65.34,,2004,2
2004-02-18,13.7,60.62,,2004,2
2004-02-19,12.52,64.25,,2004,2
2004-02-20,12.09,76.87,,2004,2
2004-02-21,13.22,79.39,,2004,2
2004-02-22,12.96,80.93,,2004,2
2004-02-23,13.27,63.21,,2004,2
2004-02-24,13.91,63.84,,2004,2
2004-02-25,15.59,68.47,,2004,2
2004-02-26,15.03,73.81,,2004,2
2004-02-27,15.13,74.0,,2004,2
2004-02-28,13.8,75.12,,2004,2
2004-02-29,13.77,63.59,,2004,2
2004-03-01,13.24,59.74,,2004,3
2004-03-02,13.2,45.44,,2004,3
2004-03-03,13.17,46.41,,2004,3
2004-03-04,13.16,53.6,,2004,3
2004-03-05,13.33,54.95,,2004,3
2004-03-06,14.26,51.29,,2004,3
2004-03-07,13.17,58.66,,2004,3
2004-03-08,13.27,69.5,,2004,3
2004-03-09,17.27,59.78,,2004,3
2004-03-10,14.92,72.59,,2004,3
2004-03-11,14.0,73.86,,2004,3
2004-03-12,15.28,70.31,,2004,3
2004-03-13,16.36,67.8,,2004,3
2004-03-14,17.21,65.92,,2004,3
2004-03-15,18.84,64.42,,2004,3
2004-03-16,18.35,68.9,,2004,3
2004-03-17,19.37,62.6,,2004,3
2004-03-18,19.38,66.63,,2004,3
2004-03-19,17.59,82.06,,2004,3
2004-03-20,18.44,86.12,,2004,3
2004-03-21,17.82,84.88,,2004,3
2004-03-22,18.16,84.75,,2004,3
2004-03-23,18.97,84.03,,2004,3
2004-03-24,19.23,83.32,,2004,3
2004-03-25,18.84,80.02,,2004,3
2004-03-26,18.45,79.25,,2004,3
2004-03-27,18.85,72.74,,2004,3
2004-03-28,18.95,69.98,,2004,3
2004-03-29,18.04,65.72,,2004,3
2004-03-30,17.85,71.62,,2004,3
2004-03-31,19.05,66.1,,2004,3
2004-04-01,17.13,78.46,,2004,4
2004-04-02,17.61,63.33,,2004,4
2004-04-03,18.32,72.89,,2004,4
2004-04-04,18.38,76.38,,2004,4
2004-04-05,18.41,81.35,,2004,4
2004-04-06,17.7,88.37,,2004,4
2004-04-07,16.99,90.52,,2004,4
2004-04-08,17.29,79.0,,2004,4
2004-04-09,16.29,92.74,,2004,4
2004-04-10,18.64,90.88,,2004,4
2004-04-11,19.54,89.89,,2004,4
2004-04-12,19.81,89.48,,2004,4
2004-04-13,20.23,89.8,,2004,4
2004-04-14,20.71,90.95,,2004,4
2004-04-15,21.05,91.41,,2004,4
2004-04-16,21.1,90.65,,2004,4
2004-04-17,20.61,89.78,,2004,4
2004-04-18,20.33,89.33,,2004,4
2004-04-19,18.3,87.08,,2004,4
2004-04-20,19.25,74.09,,2004,4
2004-04-21,19.75,80.69,,2004,4
2004-04-22,19.29,88.26,,2004,4
2004-04-23,18.75,90.18,,2004,4
2004-04-24,18.44,81.88,,2004,4
2004-04-25,18.03,81.08,,2004,4
2004-04-26,19.14,75.53,,2004,4
2004-04-27,19.73,76.34,,2004,4
2004-04-28,19.74,76.29,,2004,4
2004-04-29,19.83,76.58,,2004,4
2004-04-30,19.62,82.29,,2004,4
2004-05-01,19.61,83.9,,2004,5
2004-05-02,19.48,87.61,,2004,5
2004-05-03,19.16,73.74,,2004,5
2004-05-04,19.04,52.13,,2004,5
2004-05-05,19.84,57.12,,2004,5
2004-05-06,20.64,65.41,,2004,5
2004-05-07,21.96,67.53,,2004,5
2004-05-08,21.76,68.97,,2004,5
2004-05-09,20.86,79.63,,2004,5
2004-05-10,21.42,87.35,,2004,5
2004-05-11,22.09,89.01,,2004,5
2004-05-12,22.18,88.19,,2004,5
2004-05-13,22.37,90.06,,2004,5
2004-05-14,22.69,89.21,,2004,5
2004-05-15,22.68,90.5,,2004,5
2004-05-16,22.8,87.85,,2004,5
2004-05-17,23.66,83.24,,2004,5
2004-05-18,23.37,84.95,,2004,5
2004-05-19,21.89,83.48,,2004,5
2004-05-20,21.12,82.47,,2004,5
2004-05-21,21.79,78.95,,2004,5
2004-05-22,20.31,87.93,,2004,5
2004-05-23,19.59,92.82,,2004,5
2004-05-24,19.93,86.97,,2004,5
2004-05-25,20.27,88.51,,2004,5
2004-05-26,19.98,90.44,,2004,5
2004-05-27,21.69,80.99,,2004,5
2004-05-28,21.41,84.0,,2004,5
2004-05-29,21.07,87.37,,2004,5
2004-05-30,20.83,86.89,,2004,5
2004-05-31,21.3,80.62,,2004,5
2004-06-01,22.05,79.16,,2004,6
2004-06-02,21.29,82.53,,2004,6
2004-06-03,21.4,91.3,,2004,6
2004-06-04,20.28,90.08,,2004,6
2004-06-05,21.16,70.5,,2004,6
2004-06-06,21.2,82.38,,2004,6
2004-06-07,21.72,83.47,,2004,6
2004-06-08,21.29,84.74,,2004,6
2004-06-09,22.71,77.27,,2004,6
2004-06-10,22.59,81.7,,2004,6
2004-06-11,22.26,87.46,,2004,6
2004-06-12,22.28,88.62,,2004,6
2004-06-13,21.62,93.25,,2004,6
2004-06-14,21.92,90.01,,2004,6
2004-06-15,22.0,90.42,,2004,6
2004-06-16,22.56,88.36,,2004,6
2004-06-17,22.06,88.28,,2004,6
2004-06-18,22.53,87.0,,2004,6
2004-06-19,22.29,90.09,,2004,6
2004-06-20,22.91,87.28,,2004,6
2004-06-21,21.8,92.79,,2004,6
2004-06-22,22.42,92.13,,2004,6
2004-06-23,22.43,92.13,,2004,6
2004-06-24,21.78,94.39,,2004,6
2004-06-25,21.08,90.94,,2004,6
2004-06-26,20.5,90.8,,2004,6
2004-06-27,21.13,85.79,,2004,6
2004-06-28,22.37,91.92,,2004,6
2004-06-29,22.48,92.42,,2004,6
2004-06-30,22.21,90.53,,2004,6
2004-07-01,22.74,88.15,,2004,7
2004-07-02,23.32,85.26,,2004,7
2004-07-03,23.53,86.85,,2004,7
2004-07-04,21.94,93.5,,2004,7
2004-07-05,22.08,95.02,,2004,7
2004-07-06,21.92,95.41,,2004,7
2004-07-07,21.53,96.59,,2004,7
2004-07-08,21.35,96.18,,2004,7
2004-07-09,21.27,96.5,,2004,7
2004-07-10,20.78,95.11,,2004,7
2004-07-11,20.32,93.18,,2004,7
2004-07-12,20.63,91.23,,2004,7
2004-07-13,22.7,82.38,,2004,7
2004-07-14,21.56,92.54,,2004,7
2004-07-15,21.27,93.71,,2004,7
2004-07-16,21.45,95.85,,2004,7
2004-07-17,21.92,96.1,,2004,7
2004-07-18,21.7,97.71,,2004,7
2004-07-19,21.42,95.86,,2004,7
2004-07-20,21.45,96.91,,2004,7
2004-07-21,21.77,90.79,,2004,7
2004-07-22,22.51,86.55,,2004,7
2004-07-23,22.69,89.07,,2004,7
2004-07-24,21.36,92.99,,2004,7
2004-07-25,22.32,86.26,,2004,7
2004-07-26,22.08,92.99,,2004,7
2004-07-27,22.78,89.47,,2004,7
2004-07-28,21.56,90.28,,2004,7
2004-07-29,21.36,93.09,,2004,7
2004-07-30,22.06,90.97,,2004,7
2004-07-31,22.17,89.85,,2004,7
2004-08-01,22.73,88.06,,2004,8
2004-08-02,23.01,89.07,,2004,8
2004-08-03,23.04,88.96,,2004,8
2004-08-04,21.55,94.16,,2004,8
2004-08-05,21.81,91.0,,2004,8
2004-08-06,22.68,89.2,,2004,8
2004-08-07,21.29,92.34,,2004,8
2004-08-08,21.85,92.45,,2004,8
2004-08-09,22.03,89.76,,2004,8
2004-08-10,22.4,89.97,,2004,8
2004-08-11,23.05,88.12,,2004,8
2004-08-12,23.05,88.37,,2004,8
2004-08-13,22.01,88.79,,2004,8
2004-08-14,22.39,90.4,,2004,8
2004-08-15,21.83,92.13,,2004,8
2004-08-16,23.15,85.61,,2004,8
2004-08-17,23.52,84.96,,2004,8
2004-08-18,22.64,89.12,,2004,8
2004-08-19,22.26,91.01,,2004,8
2004-08-20,21.16,92.03,,2004,8
2004-08-21,22.31,90.46,,2004,8
2004-08-22,23.44,86.61,,2004,8
2004-08-23,22.84,90.24,,2004,8
2004-08-24,22.74,89.53,,2004,8
2004-08-25,22.38,92.51,,2004,8
2004-08-26,21.91,96.15,,2004,8
2004-08-27,22.02,92.13,,2004,8
2004-08-28,22.57,85.55,,2004,8
2004-08-29,22.97,89.91,,2004,8
2004-08-30,22.29,91.55,,2004,8
2004-08-31,22.27,94.29,,2004,8
2004-09-01,22.3,93.23,,2004,9
2004-09-02,21.55,95.15,,2004,9
2004-09-03,21.64,89.42,,2004,9
2004-09-04,22.64,91.35,,2004,9
2004-09-05,21.73,93.04,,2004,9
2004-09-06,22.19,92.8,,2004,9
2004-09-07,22.38,92.76,,2004,9
2004-09-08,21.35,95.32,,2004,9
2004-09-09,20.94,95.22,,2004,9
2004-09-10,19.4,93.09,,2004,9
2004-09-11,19.44,92.18,,2004,9
2004-09-12,19.4,94.8,,2004,9
2004-09-13,18.92,93.0,,2004,9
2004-09-14,18.7,91.13,,2004,9
2004-09-15,18.61,91.01,,2004,9
2004-09-16,18.81,92.34,,2004,9
2004-09-17,19.4,92.67,,2004,9
2004-09-18,20.73,88.35,,2004,9
2004-09-19,21.34,87.03,,2004,9
2004-09-20,21.55,87.85,,2004,9
2004-09-21,21.18,91.31,,2004,9
2004-09-22,20.44,95.49,,2004,9
2004-09-23,20.69,91.16,,2004,9
2004-09-24,20.52,94.1,,2004,9
2004-09-25,20.83,91.32,,2004,9
2004-09-26,21.54,85.85,,2004,9
2004-09-27,21.8,86.7,,2004,9
2004-09-28,20.73,92.28,,2004,9
2004-09-29,20.41,88.16,,2004,9
2004-09-30,21.19,87.3,,2004,9
2004-10-01,21.37,83.85,,2004,10
2004-10-02,21.49,83.3,,2004,10
2004-10-03,19.95,95.76,,2004,10
2004-10-04,19.24,87.07,,2004,10
2004-10-05,18.04,95.77,,2004,10
2004-10-06,19.18,96.89,,2004,10
2004-10-07,18.44,94.43,,2004,10
2004-10-08,18.59,96.92,,2004,10
2004-10-09,18.93,91.57,,2004,10
2004-10-10,18.43,81.54,,2004,10
2004-10-11,19.62,84.07,,2004,10
2004-10-12,19.66,87.12,,2004,10
2004-10-13,18.73,86.46,,2004,10
2004-10-14,18.29,89.8,,2004,10
2004-10-15,18.12,92.73,,2004,10
2004-10-16,17.99,89.63,,2004,10
2004-10-17,17.8,86.43,,2004,10
2004-10-18,17.82,83.68,,2004,10
2004-10-19,18.4,81.96,,2004,10
2004-10-20,17.89,83.53,,2004,10
2004-10-21,17.46,80.24,,2004,10
2004-10-22,16.87,81.67,,2004,10
2004-10-23,16.73,82.3,,2004,10
2004-10-24,16.26,84.0,,2004,10
2004-10-25,16.81,82.34,,2004,10
2004-10-26,16.63,83.02,,2004,10
2004-10-27,17.32,79.12,,2004,10
2004-10-28,16.96,77.98,,2004,10
2004-10-29,15.75,83.88,,2004,10
2004-10-30,15.74,81.78,,2004,10
2004-10-31,15.42,80.25,,2004,10
2004-11-01,15.11,76.75,,2004,11
2004-11-02,14.79,76.82,,2004,11
2004-11-03,15.01,79.13,,2004,11
2004-11-04,15.0,81.51,,2004,11
2004-11-05,15.53,84.69,,2004,11
2004-11-06,15.75,78.95,,2004,11
2004-11-07,16.0,86.66,,2004,11
2004-11-08,15.54,85.5,,2004,11
2004-11-09,15.05,84.73,,2004,11
2004-11-10,14.16,84.03,,2004,11
2004-11-11,13.44,80.44,,2004,11
2004-11-12,12.74,80.88,,2004,11
2004-11-13,12.95,80.66,,2004,11
2004-11-14,13.37,80.44,,2004,11
2004-11-15,13.57,82.67,,2004,11
2004-11-16,13.96,81.97,,2004,11
2004-11-17,14.25,79.59,,2004,11
2004-11-18,14.91,78.46,,2004,11
2004-11-19,14.57,90.21,,2004,11
2004-11-20,14.56,87.22,,2004,11
2004-11-21,14.86,79.24,,2004,11
2004-11-22,15.07,73.13,,2004,11
2004-11-23,14.43,74.75,,2004,11
2004-11-24,12.8,84.3,,2004,11
2004-11-25,12.26,86.25,,2004,11
2004-11-26,12.38,83.85,,2004,11
2004-11-27,14.23,71.96,,2004,11
2004-11-28,13.87,79.28,,2004,11
2004-11-29,14.27,74.97,,2004,11
2004-11-30,13.06,81.68,,2004,11
2004-12-01,13.48,75.08,,2004,12
2004-12-02,11.83,83.18,,2004,12
2004-12-03,11.74,78.9,,2004,12
2004-12-04,12.19,72.07,,2004,12
2004-12-05,13.37,67.16,,2004,12
2004-12-06,13.14,77.9,,2004,12
2004-12-07,12.3,84.98,,2004,12
2004-12-08,13.33,81.66,,2004,12
2004-12-09,13.29,86.97,,2004,12
2004-12-10,13.09,86.42,,2004,12
2004-12-11,14.03,83.3,,2004,12
2004-12-12,14.0,81.3,,2004,12
2004-12-13,13.93,81.46,,2004,12
2004-12-14,13.59,86.78,,2004,12
2004-12-15,14.05,86.56,,2004,12
2004-12-16,13.44,86.99,,2004,12
2004-12-17,13.89,82.04,,2004,12
2004-12-18,12.95,80.57,,2004,12
2004-12-19,11.55,85.0,,2004,12
2004-12-20,11.14,87.92,,2004,12
2004-12-21,10.13,93.64,,2004,12
2004-12-22,10.81,87.29,,2004,12
2004-12-23,11.12,86.03,,2004,12
2004-12-24,11.25,84.77,,2004,12
2004-12-25,10.66,82.27,,2004,12
2004-12-26,7.87,74.32,,2004,12
2004-12-27,6.87,63.64,,2004,12
2004-12-28,8.7,63.3,,2004,12
2004-12-29,9.11,71.25,,2004,12
2004-12-30,9.55,78.84,,2004,12
2004-12-31,11.4,68.84,,2004,12
2005-01-01,11.28,76.63,,2005,1
2005-01-02,11.5,81.46,,2005,1
2005-01-03,13.34,78.45,,2005,1
2005-01-04,11.61,80.92,,2005,1
2005-01-05,11.32,81.31,,2005,1
2005-01-06,11.85,80.24,,2005,1
2005-01-07,11.18,79.16,,2005,1
2005-01-08,10.84,80.04,,2005,1
2005-01-09,10.78,81.42,,2005,1
2005-01-10,9.66,84.78,,2005,1
2005-01-11,8.76,80.72,,2005,1
2005-01-12,8.24,82.54,,2005,1
2005-01-13,9.06,82.59,,2005,1
2005-01-14,9.59,85.67,,2005,1
2005-01-15,10.3,83.27,,2005,1
2005-01-16,10.73,80.45,,2005,1
2005-01-17,10.72,77.86,,2005,1
2005-01-18,11.5,79.55,,2005,1
2005-01-19,10.49,87.53,,2005,1
2005-01-20,7.98,84.08,,2005,1
2005-01-21,7.23,83.68,,2005,1
2005-01-22,8.78,67.24,,2005,1
2005-01-23,10.99,67.59,,2005,1
2005-01-24,10.1,84.45,,2005,1
2005-01-25,9.9,82.89,,2005,1
2005-01-26,9.8,80.82,,2005,1
2005-01-27,10.21,74.22,,2005,1
2005-01-28,9.58,74.89,,2005,1
2005-01-29,11.5,69.72,,2005,1
2005-01-30,12.53,69.0,,2005,1
2005-01-31,14.69,61.21,,2005,1
2005-02-01,12.96,80.73,,2005,2
2005-02-02,10.64,74.87,,2005,2
2005-02-03,8.83,72.23,,2005,2
2005-02-04,9.28,71.25,,2005,2
2005-02-05,10.53,63.7,,2005,2
2005-02-06,10.94,63.34,,2005,2
2005-02-07,11.93,71.98,,2005,2
2005-02-08,12.14,71.68,,2005,2
2005-02-09,13.31,74.06,,2005,2
2005-02-10,13.22,78.18,,2005,2
2005-02-11,13.01,72.94,,2005,2
2005-02-12,13.08,72.15,,2005,2
2005-02-13,13.58,72.36,,2005,2
2005-02-14,12.6,64.82,,2005,2
2005-02-15,12.09,71.55,,2005,2
2005-02-16,13.6,80.44,,2005,2
2005-02-17,14.55,82.88,,2005,2
2005-02-18,14.5,89.91,,2005,2
2005-02-19,14.9,87.1,,2005,2
2005-02-20,15.18,84.03,,2005,2
2005-02-21,15.36,74.67,,2005,2
2005-02-22,15.21,67.24,,2005,2
2005-02-23,13.39,77.84,,2005,2
2005-02-24,13.06,76.2,,2005,2
2005-02-25,12.87,63.05,,2005,2
2005-02-26,13.03,61.67,,2005,2
2005-02-27,13.59,55.14,,2005,2
2005-02-28,13.56,59.94,,2005,2
2005-03-01,14.46,62.71,,2005,3
2005-03-02,15.32,64.74,,2005,3
2005-03-03,15.88,68.13,,2005,3
2005-03-04,16.65,62.73,,2005,3
2005-03-05,16.78,75.36,,2005,3
2005-03-06,16.84,73.26,,2005,3
2005-03-07,16.86,78.52,,2005,3
2005-03-08,16.02,80.92,,2005,3
2005-03-09,16.34,76.06,,2005,3
2005-03-10,17.07,74.28,,2005,3
2005-03-11,16.2,74.89,,2005,3
2005-03-12,15.97,76.53,,2005,3
2005-03-13,16.56,68.91,,2005,3
2005-03-14,17.35,65.32,,2005,3
2005-03-15,17.41,63.39,,2005,3
2005-03-16,17.42,66.46,,2005,3
2005-03-17,17.52,69.91,,2005,3
2005-03-18,17.9,75.95,,2005,3
2005-03-19,17.36,80.81,,2005,3
2005-03-20,16.83,85.95,,2005,3
2005-03-21,16.75,83.63,,2005,3
2005-03-22,17.89,88.57,,2005,3
2005-03-23,18.4,90.55,,2005,3
2005-03-24,15.0,94.9,,2005,3
2005-03-25,14.57,83.55,,2005,3
2005-03-26,14.78,76.17,,2005,3
2005-03-27,16.39,75.11,,2005,3
2005-03-28,16.58,80.98,,2005,3
2005-03-29,16.89,87.09,,2005,3
2005-03-30,17.5,88.7,,2005,3
2005-03-31,17.7,89.22,,2005,3
2005-04-01,17.34,77.77,,2005,4
2005-04-02,17.93,64.69,,2005,4
2005-04-03,19.36,55.74,,2005,4
2005-04-04,18.05,66.03,,2005,4
2005-04-05,18.1,67.21,,2005,4
2005-04-06,17.47,80.46,,2005,4
2005-04-07,17.64,86.76,,2005,4
2005-04-08,18.47,88.52,,2005,4
2005-04-09,18.84,88.55,,2005,4
2005-04-10,19.55,91.04,,2005,4
2005-04-11,19.33,89.36,,2005,4
2005-04-12,18.61,70.68,,2005,4
2005-04-13,17.55,42.94,,2005,4
2005-04-14,18.4,50.59,,2005,4
2005-04-15,19.05,59.05,,2005,4
2005-04-16,19.65,67.98,,2005,4
2005-04-17,18.71,86.24,,2005,4
2005-04-18,19.5,84.85,,2005,4
2005-04-19,19.5,81.68,,2005,4
2005-04-20,20.29,68.02,,2005,4
2005-04-21,20.05,68.29,,2005,4
2005-04-22,20.12,73.64,,2005,4
2005-04-23,20.31,75.42,,2005,4
2005-04-24,20.08,82.35,,2005,4
2005-04-25,19.95,85.93,,2005,4
2005-04-26,19.2,89.53,,2005,4
2005-04-27,18.64,89.43,,2005,4
2005-04-28,19.18,85.86,,2005,4
2005-04-29,18.91,86.84,,2005,4
2005-04-30,17.69,84.12,,2005,4
2005-05-01,18.2,78.36,,2005,5
2005-05-02,18.43,77.35,,2005,5
2005-05-03,18.61,79.77,,2005,5
2005-05-04,18.8,77.45,,2005,5
2005-05-05,17.84,87.64,,2005,5
2005-05-06,17.94,79.86,,2005,5
2005-05-07,18.05,83.28,,2005,5
2005-05-08,19.46,80.16,,2005,5
2005-05-09,20.38,81.84,,2005,5
2005-05-10,19.52,83.67,,2005,5
2005-05-11,19.59,83.07,,2005,5
2005-05-12,19.8,79.21,,2005,5
2005-05-13,19.2,84.33,,2005,5
2005-05-14,19.48,86.88,,2005,5
2005-05-15,19.76,86.02,,2005,5
2005-05-16,20.22,86.19,,2005,5
2005-05-17,20.88,80.77,,2005,5
2005-05-18,20.96,81.95,,2005,5
2005-05-19,20.12,90.97,,2005,5
2005-05-20,19.59,89.33,,2005,5
2005-05-21,19.11,89.81,,2005,5
2005-05-22,18.68,94.77,,2005,5
2005-05-23,20.85,91.12,,2005,5
2005-05-24,20.82,91.07,,2005,5
2005-05-25,20.77,92.08,,2005,5
2005-05-26,21.02,90.78,,2005,5
2005-05-27,21.16,91.17,,2005,5
2005-05-28,21.02,92.88,,2005,5
2005-05-29,21.39,88.75,,2005,5
2005-05-30,22.83,78.04,,2005,5
2005-05-31,22.15,85.64,,2005,5
2005-06-01,22.04,90.8,,2005,6
2005-06-02,22.23,91.29,,2005,6
2005-06-03,21.63,87.59,,2005,6
2005-06-04,21.67,76.66,,2005,6
2005-06-05,21.1,74.56,,2005,6
2005-06-06,20.68,77.24,,2005,6
2005-06-07,21.51,79.71,,2005,6
2005-06-08,22.3,83.14,,2005,6
2005-06-09,22.64,82.91,,2005,6
2005-06-10,22.6,81.79,,2005,6
2005-06-11,21.98,87.01,,2005,6
2005-06-12,22.68,86.02,,2005,6
2005-06-13,22.8,84.45,,2005,6
2005-06-14,22.92,89.05,,2005,6
2005-06-15,23.19,89.17,,2005,6
2005-06-16,23.23,90.3,,2005,6
2005-06-17,23.04,89.5,,2005,6
2005-06-18,22.8,90.88,,2005,6
2005-06-19,21.91,91.58,,2005,6
2005-06-20,22.39,90.16,,2005,6
2005-06-21,22.35,89.21,,2005,6
2005-06-22,22.09,90.79,,2005,6
2005-06-23,22.36,90.19,,2005,6
2005-06-24,22.51,87.37,,2005,6
2005-06-25,21.58,94.92,,2005,6
2005-06-26,22.68,86.69,,2005,6
2005-06-27,23.13,84.77,,2005,6
2005-06-28,22.93,89.51,,2005,6
2005-06-29,22.09,89.43,,2005,6
2005-06-30,22.9,89.67,,2005,6
2005-07-01,22.67,88.39,,2005,7
2005-07-02,21.98,91.36,,2005,7
2005-07-03,22.63,89.22,,2005,7
2005-07-04,22.92,88.8,,2005,7
2005-07-05,21.57,91.12,,2005,7
2005-07-06,23.34,79.37,,2005,7
2005-07-07,23.7,84.09,,2005,7
2005-07-08,23.41,88.08,,2005,7
2005-07-09,22.71,89.64,,2005,7
2005-07-10,22.53,91.45,,2005,7
2005-07-11,22.03,93.39,,2005,7
2005-07-12,21.09,94.67,,2005,7
2005-07-13,21.24,92.51,,2005,7
2005-07-14,20.4,95.25,,2005,7
2005-07-15,19.9,95.89,,2005,7
2005-07-16,20.72,91.71,,2005,7
2005-07-17,21.34,93.74,,2005,7
2005-07-18,21.19,93.83,,2005,7
2005-07-19,21.75,92.58,,2005,7
2005-07-20,22.56,91.03,,2005,7
2005-07-21,22.11,91.79,,2005,7
2005-07-22,23.29,86.01,,2005,7
2005-07-23,23.89,86.3,,2005,7
2005-07-24,24.08,84.66,,2005,7
2005-07-25,23.61,88.2,,2005,7
2005-07-26,23.69,87.36,,2005,7
2005-07-27,23.31,90.9,,2005,7
2005-07-28,23.89,86.12,,2005,7
2005-07-29,23.82,86.53,,2005,7
2005-07-30,23.76,86.19,,2005,7
2005-07-31,23.46,89.1,,2005,7
2005-08-01,24.02,87.93,,2005,8
2005-08-02,24.3,89.47,,2005,8
2005-08-03,23.08,90.97,,2005,8
2005-08-04,22.92,91.5,,2005,8
2005-08-05,21.8,94.28,,2005,8
2005-08-06,22.79,93.86,,2005,8
2005-08-07,22.78,92.28,,2005,8
2005-08-08,23.0,93.79,,2005,8
2005-08-09,22.29,93.41,,2005,8
2005-08-10,22.87,92.91,,2005,8
2005-08-11,23.0,91.73,,2005,8
2005-08-12,22.54,95.31,,2005,8
2005-08-13,23.88,88.53,,2005,8
2005-08-14,22.79,92.19,,2005,8
2005-08-15,22.39,89.78,,2005,8
2005-08-16,22.19,90.78,,2005,8
2005-08-17,22.71,91.33,,2005,8
2005-08-18,22.15,92.93,,2005,8
2005-08-19,22.3,92.23,,2005,8
2005-08-20,22.36,93.37,,2005,8
2005-08-21,22.23,93.69,,2005,8
2005-08-22,22.26,94.79,,2005,8
2005-08-23,22.43,95.96,,2005,8
2005-08-24,22.56,93.26,,2005,8
2005-08-25,21.97,94.19,,2005,8
2005-08-26,21.23,95.37,,2005,8
2005-08-27,21.3,94.17,,2005,8
2005-08-28,21.3,92.04,,2005,8
2005-08-29,21.38,89.64,,2005,8
2005-08-30,22.52,89.53,,2005,8
2005-08-31,22.68,86.54,,2005,8
2005-09-01,22.84,87.86,,2005,9
2005-09-02,23.51,84.97,,2005,9
2005-09-03,23.65,86.76,,2005,9
2005-09-04,22.78,90.07,,2005,9
2005-09-05,21.39,95.1,,2005,9
2005-09-06,22.06,88.23,,2005,9
2005-09-07,21.96,87.6,,2005,9
2005-09-08,21.93,88.86,,2005,9
2005-09-09,21.43,86.63,,2005,9
2005-09-10,21.3,85.24,,2005,9
2005-09-11,21.52,84.21,,2005,9
2005-09-12,22.28,84.66,,2005,9
2005-09-13,22.16,82.44,,2005,9
2005-09-14,20.78,82.37,,2005,9
2005-09-15,21.83,78.85,,2005,9
2005-09-16,21.11,84.95,,2005,9
2005-09-17,20.96,89.28,,2005,9
2005-09-18,22.36,86.28,,2005,9
2005-09-19,22.65,85.2,,2005,9
2005-09-20,21.3,93.1,,2005,9
2005-09-21,20.26,95.48,,2005,9
2005-09-22,20.73,89.53,,2005,9
2005-09-23,21.25,93.36,,2005,9
2005-09-24,21.13,97.12,,2005,9
2005-09-25,21.14,91.0,,2005,9
2005-09-26,21.89,83.87,,2005,9
2005-09-27,22.31,86.68,,2005,9
2005-09-28,22.42,86.68,,2005,9
2005-09-29,21.73,88.83,,2005,9
2005-09-30,21.3,90.96,,2005,9
2005-10-01,19.72,94.31,,2005,10
2005-10-02,18.8,86.98,,2005,10
2005-10-03,19.24,86.4,,2005,10
2005-10-04,19.2,89.11,,2005,10
2005-10-05,20.53,83.27,,2005,10
2005-10-06,20.35,85.85,,2005,10
2005-10-07,20.71,83.71,,2005,10
2005-10-08,20.78,84.89,,2005,10
2005-10-09,20.15,89.01,,2005,10
2005-10-10,20.48,86.01,,2005,10
2005-10-11,20.3,86.92,,2005,10
2005-10-12,20.23,83.24,,2005,10
2005-10-13,19.75,78.97,,2005,10
2005-10-14,19.73,76.76,,2005,10
2005-10-15,20.47,80.56,,2005,10
2005-10-16,19.98,86.47,,2005,10
2005-10-17,19.58,87.83,,2005,10
2005-10-18,18.55,90.31,,2005,10
2005-10-19,17.84,91.56,,2005,10
2005-10-20,17.67,95.19,,2005,10
2005-10-21,17.64,89.51,,2005,10
2005-10-22,16.74,92.18,,2005,10
2005-10-23,17.09,90.47,,2005,10
2005-10-24,18.03,82.78,,2005,10
2005-10-25,17.62,84.13,,2005,10
2005-10-26,17.89,81.17,,2005,10
2005-10-27,17.55,81.02,,2005,10
2005-10-28,17.98,82.71,,2005,10
2005-10-29,18.44,83.43,,2005,10
2005-10-30,17.84,85.67,,2005,10
2005-10-31,17.01,86.16,,2005,10
2005-11-01,15.92,86.03,,2005,11
2005-11-02,15.92,84.95,,2005,11
2005-11-03,15.89,81.53,,2005,11
2005-11-04,16.61,80.48,,2005,11
2005-11-05,16.5,79.59,,2005,11
2005-11-06,15.43,79.78,,2005,11
2005-11-07,14.98,82.14,,2005,11
2005-11-08,16.64,82.35,,2005,11
2005-11-09,16.99,86.19,,2005,11
2005-11-10,16.27,82.77,,2005,11
2005-11-11,16.11,74.51,,2005,11
2005-11-12,14.99,78.62,,2005,11
2005-11-13,14.44,85.16,,2005,11
2005-11-14,14.54,86.14,,2005,11
2005-11-15,14.38,85.35,,2005,11
2005-11-16,14.6,86.24,,2005,11
2005-11-17,14.63,87.95,,2005,11
2005-11-18,13.89,88.8,,2005,11
2005-11-19,13.24,84.64,,2005,11
2005-11-20,14.21,78.72,,2005,11
2005-11-21,13.73,81.83,,2005,11
2005-11-22,13.33,82.93,,2005,11
2005-11-23,13.11,88.43,,2005,11
2005-11-24,13.34,81.53,,2005,11
2005-11-25,12.3,82.06,,2005,11
2005-11-26,12.68,71.95,,2005,11
2005-11-27,13.12,70.98,,2005,11
2005-11-28,12.32,75.69,,2005,11
2005-11-29,12.17,77.4,,2005,11
2005-11-30,11.86,79.93,,2005,11
2005-12-01,12.07,75.2,,2005,12
2005-12-02,13.56,70.98,,2005,12
2005-12-03,13.11,77.97,,2005,12
2005-12-04,12.76,78.61,,2005,12
2005-12-05,13.35,66.13,,2005,12
2005-12-06,11.79,69.38,,2005,12
2005-12-07,13.8,47.1,,2005,12
2005-12-08,13.21,59.77,,2005,12
2005-12-09,12.97,67.88,,2005,12
2005-12-10,12.52,67.7,,2005,12
2005-12-11,12.31,66.48,,2005,12
2005-12-12,11.54,72.68,,2005,12
2005-12-13,12.74,62.9,,2005,12
2005-12-14,10.98,74.67,,2005,12
2005-12-15,12.13,69.68,,2005,12
2005-12-16,14.58,70.21,,2005,12
2005-12-17,14.6,77.41,,2005,12
2005-12-18,13.77,82.77,,2005,12
2005-12-19,12.83,80.33,,2005,12
2005-12-20,12.6,79.23,,2005,12
2005-12-21,13.83,70.49,,2005,12
2005-12-22,12.61,89.86,,2005,12
2005-12-23,12.47,87.95,,2005,12
2005-12-24,12.34,83.84,,2005,12
2005-12-25,12.13,81.6,,2005,12
2005-12-26,12.13,79.89,,2005,12
2005-12-27,11.14,82.59,,2005,12
2005-12-28,10.65,78.95,,2005,12
2005-12-29,10.87,72.9,,2005,12
2005-12-30,10.9,71.21,,2005,12
2005-12-31,10.9,68.75,,2005,12
2006-01-01,11.49,65.02,,2006,1
2006-01-02,12.51,63.14,,2006,1
2006-01-03,12.03,69.34,,2006,1
2006-01-04,11.58,67.25,,2006,1
2006-01-05,11.93,62.82,,2006,1
2006-01-06,11.66,69.31,,2006,1
2006-01-07,13.22,65.3,,2006,1
2006-01-08,12.67,60.35,,2006,1
2006-01-09,11.08,68.28,,2006,1
2006-01-10,11.39,60.2,,2006,1
2006-01-11,11.15,66.24,,2006,1
2006-01-12,11.14,64.8,,2006,1
2006-01-13,10.03,66.48,,2006,1
2006-01-14,9.27,67.86,,2006,1
2006-01-15,9.84,69.5,,2006,1
2006-01-16,9.12,78.7,,2006,1
2006-01-17,9.73,81.13,,2006,1
2006-01-18,10.84,82.54,,2006,1
2006-01-19,11.54,82.73,,2006,1
2006-01-20,10.62,78.7,,2006,1
2006-01-21,9.5,67.99,,2006,1
2006-01-22,8.73,65.76,,2006,1
2006-01-23,10.06,56.24,,2006,1
2006-01-24,10.37,65.71,,2006,1
2006-01-25,10.57,79.97,,2006,1
2006-01-26,11.83,70.81,,2006,1
2006-01-27,11.52,67.47,,2006,1
2006-01-28,11.77,64.22,,2006,1
2006-01-29,11.94,71.79,,2006,1
2006-01-30,13.26,69.84,,2006,1
2006-01-31,14.46,65.29,,2006,1
2006-02-01,13.88,66.9,,2006,2
2006-02-02,14.75,68.12,,2006,2
2006-02-03,15.23,69.95,,2006,2
2006-02-04,13.82,75.36,,2006,2
2006-02-05,14.14,61.16,,2006,2
2006-02-06,13.23,68.13,,2006,2
2006-02-07,14.14,60.57,,2006,2
2006-02-08,14.01,52.52,,2006,2
2006-02-09,14.24,56.06,,2006,2
2006-02-10,14.11,57.45,,2006,2
2006-02-11,13.41,62.96,,2006,2
2006-02-12,14.2,65.98,,2006,2
2006-02-13,13.81,68.74,,2006,2
2006-02-14,13.33,77.09,,2006,2
2006-02-15,13.13,81.45,,2006,2
2006-02-16,14.43,84.32,,2006,2
2006-02-17,15.01,81.89,,2006,2
2006-02-18,14.95,71.48,,2006,2
2006-02-19,15.18,81.54,,2006,2
2006-02-20,15.99,81.21,,2006,2
2006-02-21,15.53,90.55,,2006,2
2006-02-22,15.4,87.06,,2006,2
2006-02-23,16.32,76.49,,2006,2
2006-02-24,16.49,74.48,,2006,2
2006-02-25,16.75,68.24,,2006,2
2006-02-26,16.14,65.34,,2006,2
2006-02-27,15.49,64.29,,2006,2
2006-02-28,15.15,63.92,,2006,2
2006-03-01,15.37,58.22,,2006,3
2006-03-02,15.34,54.78,,2006,3
2006-03-03,14.91,55.95,,2006,3
2006-03-04,14.05,46.74,,2006,3
2006-03-05,14.96,55.57,,2006,3
2006-03-06,15.98,53.19,,2006,3
2006-03-07,16.3,52.73,,2006,3
2006-03-08,17.1,48.78,,2006,3
2006-03-09,18.08,54.33,,2006,3
2006-03-10,17.78,65.05,,2006,3
2006-03-11,15.98,71.12,,2006,3
2006-03-12,14.3,75.99,,2006,3
2006-03-13,14.43,78.14,,2006,3
2006-03-14,15.53,68.62,,2006,3
2006-03-15,16.39,72.52,,2006,3
2006-03-16,15.79,76.12,,2006,3
2006-03-17,15.55,72.51,,2006,3
2006-03-18,14.7,52.92,,2006,3
2006-03-19,15.11,52.43,,2006,3
2006-03-20,15.71,53.26,,2006,3
2006-03-21,16.7,48.85,,2006,3
2006-03-22,16.52,57.58,,2006,3
2006-03-23,16.8,53.13,,2006,3
2006-03-24,17.06,48.82,,2006,3
2006-03-25,17.98,50.85,,2006,3
2006-03-26,17.96,59.18,,2006,3
2006-03-27,18.45,56.66,,2006,3
2006-03-28,18.25,44.54,,2006,3
2006-03-29,16.89,45.84,,2006,3
2006-03-30,18.09,40.63,,2006,3
2006-03-31,18.5,45.27,,2006,3
2006-04-01,19.03,52.48,,2006,4
2006-04-02,19.12,74.74,,2006,4
2006-04-03,17.49,87.26,,2006,4
2006-04-04,17.64,91.76,,2006,4
2006-04-05,18.82,86.6,,2006,4
2006-04-06,18.24,83.55,,2006,4
2006-04-07,18.44,82.43,,2006,4
2006-04-08,18.43,83.0,,2006,4
2006-04-09,18.54,83.89,,2006,4
2006-04-10,19.1,88.05,,2006,4
2006-04-11,20.1,88.51,,2006,4
2006-04-12,20.08,86.54,,2006,4
2006-04-13,19.86,87.95,,2006,4
2006-04-14,20.19,81.08,,2006,4
2006-04-15,20.0,66.98,,2006,4
2006-04-16,19.71,76.38,,2006,4
2006-04-17,18.42,89.84,,2006,4
2006-04-18,17.4,87.78,,2006,4
2006-04-19,17.36,84.81,,2006,4
2006-04-20,17.5,79.62,,2006,4
2006-04-21,17.6,69.74,,2006,4
2006-04-22,18.63,71.2,,2006,4
2006-04-23,19.26,69.45,,2006,4
2006-04-24,19.73,65.63,,2006,4
2006-04-25,20.04,66.67,,2006,4
2006-04-26,19.82,73.29,,2006,4
2006-04-27,19.39,78.59,,2006,4
2006-04-28,20.17,70.75,,2006,4
2006-04-29,20.32,70.63,,2006,4
2006-04-30,21.55,64.73,,2006,4
2006-05-01,20.44,78.49,,2006,5
2006-05-02,21.55,76.43,,2006,5
2006-05-03,20.5,77.9,,2006,5
2006-05-04,20.05,83.28,,2006,5
2006-05-05,19.97,88.0,,2006,5
2006-05-06,20.21,85.9,,2006,5
2006-05-07,18.25,88.59,,2006,5
2006-05-08,20.54,80.07,,2006,5
2006-05-09,20.57,81.01,,2006,5
2006-05-10,19.88,90.2,,2006,5
2006-05-11,20.88,88.12,,2006,5
2006-05-12,20.74,90.49,,2006,5
2006-05-13,19.93,90.43,,2006,5
2006-05-14,19.07,88.12,,2006,5
2006-05-15,20.23,78.36,,2006,5
2006-05-16,20.48,73.75,,2006,5
2006-05-17,20.83,69.64,,2006,5
2006-05-18,22.64,64.65,,2006,5
2006-05-19,22.28,71.47,,2006,5
2006-05-20,22.11,74.05,,2006,5
2006-05-21,22.21,73.31,,2006,5
2006-05-22,22.07,75.29,,2006,5
2006-05-23,22.33,74.75,,2006,5
2006-05-24,22.4,77.54,,2006,5
2006-05-25,23.11,78.06,,2006,5
2006-05-26,21.95,87.7,,2006,5
2006-05-27,20.53,93.0,,2006,5
2006-05-28,20.41,95.08,,2006,5
2006-05-29,22.16,89.58,,2006,5
2006-05-30,22.03,94.02,,2006,5
2006-05-31,20.16,93.95,,2006,5
2006-06-01,20.75,93.2,,2006,6
2006-06-02,20.61,89.64,,2006,6
2006-06-03,22.18,79.69,,2006,6
2006-06-04,22.14,89.67,,2006,6
2006-06-05,21.83,91.93,,2006,6
2006-06-06,21.97,88.02,,2006,6
2006-06-07,22.0,89.67,,2006,6
2006-06-08,21.95,90.76,,2006,6
2006-06-09,22.2,90.65,,2006,6
2006-06-10,21.67,94.41,,2006,6
2006-06-11,22.71,92.23,,2006,6
2006-06-12,22.04,95.07,,2006,6
2006-06-13,21.61,91.12,,2006,6
2006-06-14,20.08,93.07,,2006,6
2006-06-15,20.84,90.48,,2006,6
2006-06-16,21.33,92.5,,2006,6
2006-06-17,21.69,89.3,,2006,6
2006-06-18,23.16,78.2,,2006,6
2006-06-19,22.77,81.97,,2006,6
2006-06-20,22.19,88.73,,2006,6
2006-06-21,21.01,95.14,,2006,6
2006-06-22,22.96,84.05,,2006,6
2006-06-23,22.23,92.16,,2006,6
2006-06-24,22.13,90.89,,2006,6
2006-06-25,22.16,90.31,,2006,6
2006-06-26,22.04,92.46,,2006,6
2006-06-27,21.35,93.11,,2006,6
2006-06-28,21.81,89.34,,2006,6
2006-06-29,23.69,82.58,,2006,6
2006-06-30,22.9,88.59,,2006,6
2006-07-01,23.93,86.36,,2006,7
2006-07-02,23.74,88.37,,2006,7
2006-07-03,23.21,87.92,,2006,7
2006-07-04,22.85,90.81,,2006,7
2006-07-05,22.39,92.68,,2006,7
2006-07-06,23.11,93.77,,2006,7
2006-07-07,22.93,94.8,,2006,7
2006-07-08,22.68,93.75,,2006,7
2006-07-09,23.17,90.53,,2006,7
2006-07-10,23.61,89.01,,2006,7
2006-07-11,22.63,93.37,,2006,7
2006-07-12,22.66,91.46,,2006,7
2006-07-13,22.93,91.98,,2006,7
2006-07-14,22.33,92.35,,2006,7
2006-07-15,22.55,89.36,,2006,7
2006-07-16,23.71,87.52,,2006,7
2006-07-17,23.26,90.14,,2006,7
2006-07-18,22.62,90.65,,2006,7
2006-07-19,22.29,90.54,,2006,7
2006-07-20,22.44,89.73,,2006,7
2006-07-21,22.05,88.91,,2006,7
2006-07-22,21.77,90.29,,2006,7
2006-07-23,22.07,90.5,,2006,7
2006-07-24,22.51,89.11,,2006,7
2006-07-25,22.67,91.94,,2006,7
2006-07-26,21.76,96.85,,2006,7
2006-07-27,22.51,87.52,,2006,7
2006-07-28,22.25,91.6,,2006,7
2006-07-29,21.87,90.65,,2006,7
2006-07-30,21.31,93.13,,2006,7
2006-07-31,22.62,88.89,,2006,7
2006-08-01,23.36,87.85,,2006,8
2006-08-02,22.57,86.88,,2006,8
2006-08-03,22.82,86.21,,2006,8
2006-08-04,21.08,92.2,,2006,8
2006-08-05,21.1,91.34,,2006,8
2006-08-06,21.29,90.04,,2006,8
2006-08-07,21.86,90.97,,2006,8
2006-08-08,22.89,84.9,,2006,8
2006-08-09,23.16,84.3,,2006,8
2006-08-10,22.98,86.76,,2006,8
2006-08-11,24.25,81.23,,2006,8
2006-08-12,23.98,84.87,,2006,8
2006-08-13,22.6,89.26,,2006,8
2006-08-14,22.19,91.03,,2006,8
2006-08-15,23.43,83.55,,2006,8
2006-08-16,23.46,84.06,,2006,8
2006-08-17,22.99,87.81,,2006,8
2006-08-18,22.42,90.37,,2006,8
2006-08-19,23.36,87.11,,2006,8
2006-08-20,23.03,89.77,,2006,8
2006-08-21,23.26,90.08,,2006,8
2006-08-22,22.16,89.19,,2006,8
2006-08-23,21.74,91.65,,2006,8
2006-08-24,22.2,91.09,,2006,8
2006-08-25,21.84,92.92,,2006,8
2006-08-26,22.13,90.28,,2006,8
2006-08-27,22.45,87.37,,2006,8
2006-08-28,22.58,90.18,,2006,8
2006-08-29,22.38,88.73,,2006,8
2006-08-30,21.72,90.94,,2006,8
2006-08-31,22.03,85.47,,2006,8
2006-09-01,22.56,84.41,,2006,9
2006-09-02,21.89,89.72,,2006,9
2006-09-03,22.37,87.66,,2006,9
2006-09-04,21.85,89.01,,2006,9
2006-09-05,21.22,89.59,,2006,9
2006-09-06,21.56,89.46,,2006,9
2006-09-07,21.49,90.89,,2006,9
2006-09-08,21.9,90.13,,2006,9
2006-09-09,22.07,84.92,,2006,9
2006-09-10,22.04,91.11,,2006,9
2006-09-11,20.92,94.37,,2006,9
2006-09-12,20.45,96.08,,2006,9
2006-09-13,21.3,90.78,,2006,9
2006-09-14,21.87,85.73,,2006,9
2006-09-15,21.88,85.33,,2006,9
2006-09-16,21.36,89.38,,2006,9
2006-09-17,21.85,86.23,,2006,9
2006-09-18,21.66,85.69,,2006,9
2006-09-19,22.67,85.77,,2006,9
2006-09-20,20.58,91.4,,2006,9
2006-09-21,19.5,91.28,,2006,9
2006-09-22,19.69,91.08,,2006,9
2006-09-23,19.76,93.5,,2006,9
2006-09-24,20.18,91.18,,2006,9
2006-09-25,21.01,88.41,,2006,9
2006-09-26,21.62,86.19,,2006,9
2006-09-27,21.83,87.38,,2006,9
2006-09-28,21.69,88.88,,2006,9
2006-09-29,20.88,92.5,,2006,9
2006-09-30,20.82,90.47,,2006,9
2006-10-01,20.44,93.4,,2006,10
2006-10-02,21.65,87.27,,2006,10
2006-10-03,21.76,85.42,,2006,10
2006-10-04,21.08,90.2,,2006,10
2006-10-05,20.57,90.13,,2006,10
2006-10-06,20.92,84.37,,2006,10
2006-10-07,20.4,82.75,,2006,10
2006-10-08,20.11,83.27,,2006,10
2006-10-09,20.45,75.63,,2006,10
2006-10-10,21.08,75.23,,2006,10
2006-10-11,20.66,79.01,,2006,10
2006-10-12,20.17,82.8,,2006,10
2006-10-13,20.09,83.4,,2006,10
2006-10-14,19.56,83.42,,2006,10
2006-10-15,19.17,85.3,,2006,10
2006-10-16,19.22,82.62,,2006,10
2006-10-17,19.34,79.75,,2006,10
2006-10-18,18.5,85.6,,2006,10
2006-10-19,17.66,83.03,,2006,10
2006-10-20,17.43,85.7,,2006,10
2006-10-21,17.95,81.82,,2006,10
2006-10-22,18.14,81.06,,2006,10
2006-10-23,17.85,78.27,,2006,10
2006-10-24,18.11,76.9,,2006,10
2006-10-25,16.57,83.9,,2006,10
2006-10-26,15.87,81.95,,2006,10
2006-10-27,17.52,68.87,,2006,10
2006-10-28,16.58,75.44,,2006,10
2006-10-29,17.46,71.91,,2006,10
2006-10-30,16.43,76.33,,2006,10
2006-10-31,16.34,76.19,,2006,10
2006-11-01,19.15,67.56,,2006,11
2006-11-02,19.02,71.18,,2006,11
2006-11-03,19.43,72.13,,2006,11
2006-11-04,18.4,78.09,,2006,11
2006-11-05,17.31,83.35,,2006,11
2006-11-06,16.1,83.17,,2006,11
2006-11-07,15.49,87.65,,2006,11
2006-11-08,16.47,83.84,,2006,11
2006-11-09,16.13,88.05,,2006,11
2006-11-10,16.28,85.5,,2006,11
2006-11-11,14.55,93.69,,2006,11
2006-11-12,16.48,85.18,,2006,11
2006-11-13,16.42,85.78,,2006,11
2006-11-14,16.77,80.56,,2006,11
2006-11-15,15.57,75.74,,2006,11
2006-11-16,15.48,64.57,,2006,11
2006-11-17,14.73,75.34,,2006,11
2006-11-18,14.03,80.48,,2006,11
2006-11-19,14.34,80.07,,2006,11
2006-11-20,13.31,87.1,,2006,11
2006-11-21,13.14,88.74,,2006,11
2006-11-22,13.0,86.02,,2006,11
2006-11-23,12.24,87.27,,2006,11
2006-11-24,12.25,84.11,,2006,11
2006-11-25,12.49,82.7,,2006,11
2006-11-26,11.45,79.03,,2006,11
2006-11-27,11.24,71.52,,2006,11
2006-11-28,10.26,70.42,,2006,11
2006-11-29,10.35,71.77,,2006,11
2006-11-30,10.59,81.14,,2006,11
2006-12-01,11.27,74.27,,2006,12
2006-12-02,11.09,73.81,,2006,12
2006-12-03,10.21,78.5,,2006,12
2006-12-04,11.64,70.46,,2006,12
2006-12-05,13.68,64.08,,2006,12
2006-12-06,13.8,72.88,,2006,12
2006-12-07,13.29,76.0,,2006,12
2006-12-08,12.56,78.21,,2006,12
2006-12-09,12.49,81.75,,2006,12
2006-12-10,12.19,84.46,,2006,12
2006-12-11,12.07,79.31,,2006,12
2006-12-12,11.02,91.43,,2006,12
2006-12-13,11.73,87.59,,2006,12
2006-12-14,11.44,83.46,,2006,12
2006-12-15,11.33,86.74,,2006,12
2006-12-16,11.21,80.33,,2006,12
2006-12-17,13.42,72.28,,2006,12
2006-12-18,12.89,86.2,,2006,12
2006-12-19,13.5,80.42,,2006,12
2006-12-20,12.68,88.62,,2006,12
2006-12-21,12.03,84.37,,2006,12
2006-12-22,12.1,82.32,,2006,12
2006-12-23,12.09,85.03,,2006,12
2006-12-24,11.4,84.7,,2006,12
2006-12-25,10.97,84.75,,2006,12
2006-12-26,11.19,81.91,,2006,12
2006-12-27,10.81,77.68,,2006,12
2006-12-28,10.89,69.23,,2006,12
2006-12-29,10.71,76.85,,2006,12
2006-12-30,10.55,81.62,,2006,12
2006-12-31,10.61,86.8,,2006,12
2007-01-01,10.56,88.19,,2007,1
2007-01-02,8.86,77.55,,2007,1
2007-01-03,8.1,77.65,,2007,1
2007-01-04,8.81,79.48,,2007,1
2007-01-05,10.45,75.68,,2007,1
2007-01-06,11.49,70.57,,2007,1
2007-01-07,11.95,62.24,,2007,1
2007-01-08,11.31,62.5,,2007,1
2007-01-09,10.06,68.37,,2007,1
2007-01-10,10.62,71.49,,2007,1
2007-01-11,9.96,67.33,,2007,1
2007-01-12,10.01,68.26,,2007,1
2007-01-13,8.17,70.79,,2007,1
2007-01-14,7.56,58.39,,2007,1
2007-01-15,7.07,53.73,,2007,1
2007-01-16,9.38,52.04,,2007,1
2007-01-17,9.93,58.18,,2007,1
2007-01-18,9.61,60.18,,2007,1
2007-01-19,8.81,67.56,,2007,1
2007-01-20,7.87,62.78,,2007,1
2007-01-21,8.44,66.8,,2007,1
2007-01-22,9.03,66.93,,2007,1
2007-01-23,9.16,71.83,,2007,1
2007-01-24,10.53,63.96,,2007,1
2007-01-25,11.59,65.16,,2007,1
2007-01-26,12.99,63.59,,2007,1
2007-01-27,13.03,68.16,,2007,1
2007-01-28,13.9,63.34,,2007,1
2007-01-29,13.4,69.04,,2007,1
2007-01-30,13.6,70.38,,2007,1
2007-01-31,13.12,74.0,,2007,1
2007-02-01,13.14,75.27,,2007,2
2007-02-02,11.68,81.66,,2007,2
2007-02-03,12.01,79.34,,2007,2
2007-02-04,11.79,83.98,,2007,2
2007-02-05,12.24,94.62,,2007,2
2007-02-06,12.31,85.84,,2007,2
2007-02-07,11.97,82.78,,2007,2
2007-02-08,11.91,78.84,,2007,2
2007-02-09,12.65,75.82,,2007,2
2007-02-10,12.33,74.17,,2007,2
2007-02-11,13.31,64.53,,2007,2
2007-02-12,12.29,76.38,,2007,2
2007-02-13,11.79,88.49,,2007,2
2007-02-14,10.77,91.65,,2007,2
2007-02-15,9.14,80.27,,2007,2
2007-02-16,8.67,71.93,,2007,2
2007-02-17,10.11,77.05,,2007,2
2007-02-18,9.97,71.21,,2007,2
2007-02-19,10.3,70.0,,2007,2
2007-02-20,10.56,65.42,,2007,2
2007-02-21,11.99,66.14,,2007,2
2007-02-22,12.47,73.33,,2007,2
2007-02-23,13.4,70.67,,2007,2
2007-02-24,14.25,68.38,,2007,2
2007-02-25,14.6,66.59,,2007,2
2007-02-26,13.47,73.15,,2007,2
2007-02-27,12.18,75.46,,2007,2
2007-02-28,13.52,71.94,,2007,2
2007-03-01,13.89,71.91,,2007,3
2007-03-02,11.94,85.3,,2007,3
2007-03-03,12.64,83.14,,2007,3
2007-03-04,12.4,75.22,,2007,3
2007-03-05,12.43,62.06,,2007,3
2007-03-06,11.86,61.38,,2007,3
2007-03-07,11.39,55.3,,2007,3
2007-03-08,12.0,53.84,,2007,3
2007-03-09,13.02,55.65,,2007,3
2007-03-10,13.92,55.64,,2007,3
2007-03-11,15.27,58.91,,2007,3
2007-03-12,16.61,65.14,,2007,3
2007-03-13,16.76,69.83,,2007,3
2007-03-14,16.04,67.79,,2007,3
2007-03-15,14.67,79.46,,2007,3
2007-03-16,12.77,54.14,,2007,3
2007-03-17,13.83,52.64,,2007,3
2007-03-18,14.97,52.82,,2007,3
2007-03-19,16.29,49.85,,2007,3
2007-03-20,16.9,51.9,,2007,3
2007-03-21,17.54,54.06,,2007,3
2007-03-22,16.52,81.64,,2007,3
2007-03-23,17.08,85.34,,2007,3
2007-03-24,16.65,80.52,,2007,3
2007-03-25,16.05,55.83,,2007,3
2007-03-26,16.27,50.6,,2007,3
2007-03-27,17.4,49.66,,2007,3
2007-03-28,17.91,56.42,,2007,3
2007-03-29,19.57,49.85,,2007,3
2007-03-30,19.57,49.2,,2007,3
2007-03-31,19.03,53.78,,2007,3
2007-04-01,18.79,66.19,,2007,4
2007-04-02,18.85,74.36,,2007,4
2007-04-03,18.73,79.95,,2007,4
2007-04-04,18.88,81.16,,2007,4
2007-04-05,18.41,82.28,,2007,4
2007-04-06,18.04,83.81,,2007,4
2007-04-07,18.12,84.64,,2007,4
2007-04-08,18.47,88.56,,2007,4
2007-04-09,19.47,87.15,,2007,4
2007-04-10,18.58,89.0,,2007,4
2007-04-11,17.7,89.92,,2007,4
2007-04-12,16.4,80.8,,2007,4
2007-04-13,17.59,68.76,,2007,4
2007-04-14,18.91,76.48,,2007,4
2007-04-15,19.59,78.46,,2007,4
2007-04-16,19.45,82.95,,2007,4
2007-04-17,18.89,83.85,,2007,4
2007-04-18,20.73,73.51,,2007,4
2007-04-19,20.01,78.94,,2007,4
2007-04-20,19.08,86.69,,2007,4
2007-04-21,19.52,88.35,,2007,4
2007-04-22,20.12,92.64,,2007,4
2007-04-23,20.23,90.99,,2007,4
2007-04-24,20.17,91.27,,2007,4
2007-04-25,19.24,88.09,,2007,4
2007-04-26,19.36,88.8,,2007,4
2007-04-27,19.12,87.8,,2007,4
2007-04-28,19.65,76.67,,2007,4
2007-04-29,20.62,71.73,,2007,4
2007-04-30,20.72,72.98,,2007,4
2007-05-01,21.74,64.2,,2007,5
2007-05-02,21.9,59.56,,2007,5
2007-05-03,22.28,65.59,,2007,5
2007-05-04,22.41,67.45,,2007,5
2007-05-05,22.51,70.07,,2007,5
2007-05-06,23.65,65.46,,2007,5
2007-05-07,21.82,73.17,,2007,5
2007-05-08,21.49,74.99,,2007,5
2007-05-09,21.13,78.98,,2007,5
2007-05-10,21.48,83.55,,2007,5
2007-05-11,22.04,83.25,,2007,5
2007-05-12,21.27,85.39,,2007,5
2007-05-13,20.6,83.65,,2007,5
2007-05-14,18.59,88.31,,2007,5
2007-05-15,17.49,91.08,,2007,5
2007-05-16,20.29,87.96,,2007,5
2007-05-17,20.66,85.37,,2007,5
2007-05-18,22.02,81.01,,2007,5
2007-05-19,21.53,88.13,,2007,5
2007-05-20,21.43,88.42,,2007,5
2007-05-21,21.1,92.54,,2007,5
2007-05-22,21.37,91.63,,2007,5
2007-05-23,21.47,90.91,,2007,5
2007-05-24,21.49,90.45,,2007,5
2007-05-25,20.45,91.33,,2007,5
2007-05-26,20.7,85.9,,2007,5
2007-05-27,21.31,84.44,,2007,5
2007-05-28,21.67,89.89,,2007,5
2007-05-29,21.61,85.53,,2007,5
2007-05-30,21.52,82.93,,2007,5
2007-05-31,21.41,87.18,,2007,5
2007-06-01,21.5,87.62,,2007,6
2007-06-02,21.13,89.07,,2007,6
2007-06-03,20.85,90.69,,2007,6
2007-06-04,22.16,76.51,,2007,6
2007-06-05,21.71,81.54,,2007,6
2007-06-06,21.78,86.55,,2007,6
2007-06-07,21.97,89.05,,2007,6
2007-06-08,22.34,92.46,,2007,6
2007-06-09,21.06,94.63,,2007,6
2007-06-10,19.92,93.03,,2007,6
2007-06-11,21.03,92.78,,2007,6
2007-06-12,22.42,85.13,,2007,6
2007-06-13,22.71,89.25,,2007,6
2007-06-14,21.71,91.74,,2007,6
2007-06-15,22.08,92.91,,2007,6
2007-06-16,21.52,95.76,,2007,6
2007-06-17,21.82,94.36,,2007,6
2007-06-18,21.98,92.49,,2007,6
2007-06-19,21.58,90.94,,2007,6
2007-06-20,23.34,74.55,,2007,6
2007-06-21,21.62,93.03,,2007,6
2007-06-22,22.7,87.47,,2007,6
2007-06-23,22.05,90.56,,2007,6
2007-06-24,21.89,89.8,,2007,6
2007-06-25,22.48,87.05,,2007,6
2007-06-26,22.99,86.45,,2007,6
2007-06-27,23.66,86.26,,2007,6
2007-06-28,21.95,89.36,,2007,6
2007-06-29,21.88,89.59,,2007,6
2007-06-30,22.3,91.25,,2007,6
2007-07-01,22.85,90.62,,2007,7
2007-07-02,23.68,88.11,,2007,7
2007-07-03,23.45,88.87,,2007,7
2007-07-04,23.25,87.13,,2007,7
2007-07-05,23.46,88.76,,2007,7
2007-07-06,23.08,89.62,,2007,7
2007-07-07,22.77,89.81,,2007,7
2007-07-08,22.19,90.94,,2007,7
2007-07-09,22.34,89.2,,2007,7
2007-07-10,22.4,95.18,,2007,7
2007-07-11,23.21,90.53,,2007,7
2007-07-12,23.3,87.8,,2007,7
2007-07-13,23.98,85.66,,2007,7
2007-07-14,24.1,85.87,,2007,7
2007-07-15,22.73,92.53,,2007,7
2007-07-16,22.83,95.1,,2007,7
2007-07-17,23.01,89.53,,2007,7
2007-07-18,22.74,92.58,,2007,7
2007-07-19,22.62,94.36,,2007,7
2007-07-20,21.99,92.51,,2007,7
2007-07-21,20.83,94.3,,2007,7
2007-07-22,20.88,94.14,,2007,7
2007-07-23,20.52,94.33,,2007,7
2007-07-24,20.88,95.47,,2007,7
2007-07-25,20.97,95.6,,2007,7
2007-07-26,20.82,95.87,,2007,7
2007-07-27,20.42,95.72,,2007,7
2007-07-28,20.28,96.68,,2007,7
2007-07-29,20.64,94.46,,2007,7
2007-07-30,21.55,93.74,,2007,7
2007-07-31,21.01,94.82,,2007,7
2007-08-01,21.18,95.68,,2007,8
2007-08-02,22.11,90.73,,2007,8
2007-08-03,22.88,86.88,,2007,8
2007-08-04,23.78,85.98,,2007,8
2007-08-05,23.75,85.93,,2007,8
2007-08-06,23.85,87.11,,2007,8
2007-08-07,23.15,90.26,,2007,8
2007-08-08,23.2,89.45,,2007,8
2007-08-09,24.67,85.88,,2007,8
2007-08-10,25.14,83.32,,2007,8
2007-08-11,24.64,86.13,,2007,8
2007-08-12,22.92,90.49,,2007,8
2007-08-13,22.18,93.31,,2007,8
2007-08-14,22.07,94.02,,2007,8
2007-08-15,21.71,93.78,,2007,8
2007-08-16,21.79,92.15,,2007,8
2007-08-17,22.28,91.89,,2007,8
2007-08-18,22.52,90.9,,2007,8
2007-08-19,22.41,88.08,,2007,8
2007-08-20,22.87,85.38,,2007,8
2007-08-21,23.05,85.02,,2007,8
2007-08-22,21.75,90.35,,2007,8
2007-08-23,22.73,85.61,,2007,8
2007-08-24,22.63,88.9,,2007,8
2007-08-25,22.56,89.73,,2007,8
2007-08-26,21.41,93.65,,2007,8
2007-08-27,22.23,90.6,,2007,8
2007-08-28,21.41,94.96,,2007,8
2007-08-29,22.14,90.04,,2007,8
2007-08-30,22.85,88.2,,2007,8
2007-08-31,22.74,90.84,,2007,8
2007-09-01,22.2,89.72,,2007,9
2007-09-02,21.96,90.41,,2007,9
2007-09-03,22.15,93.41,,2007,9
2007-09-04,21.74,92.95,,2007,9
2007-09-05,20.99,94.14,,2007,9
2007-09-06,20.42,96.42,,2007,9
2007-09-07,20.78,97.84,,2007,9
2007-09-08,21.14,97.2,,2007,9
2007-09-09,21.16,95.42,,2007,9
2007-09-10,21.04,92.28,,2007,9
2007-09-11,21.62,89.01,,2007,9
2007-09-12,21.91,86.51,,2007,9
2007-09-13,21.73,90.3,,2007,9
2007-09-14,21.71,92.46,,2007,9
2007-09-15,21.8,91.58,,2007,9
2007-09-16,22.09,88.04,,2007,9
2007-09-17,22.78,87.9,,2007,9
2007-09-18,21.78,90.45,,2007,9
2007-09-19,20.97,85.08,,2007,9
2007-09-20,20.37,80.74,,2007,9
2007-09-21,19.95,75.77,,2007,9
2007-09-22,19.36,75.48,,2007,9
2007-09-23,18.65,83.96,,2007,9
2007-09-24,19.88,84.44,,2007,9
2007-09-25,20.22,84.96,,2007,9
2007-09-26,21.25,82.92,,2007,9
2007-09-27,20.96,88.15,,2007,9
2007-09-28,21.15,87.11,,2007,9
2007-09-29,20.91,88.71,,2007,9
2007-09-30,20.9,90.49,,2007,9
2007-10-01,20.9,94.45,,2007,10
2007-10-02,21.82,87.77,,2007,10
2007-10-03,21.88,88.47,,2007,10
2007-10-04,22.62,83.66,,2007,10
2007-10-05,22.67,82.38,,2007,10
2007-10-06,22.56,82.61,,2007,10
2007-10-07,21.31,90.6,,2007,10
2007-10-08,20.09,94.49,,2007,10
2007-10-09,19.63,95.72,,2007,10
2007-10-10,19.5,92.41,,2007,10
2007-10-11,19.34,84.58,,2007,10
2007-10-12,19.82,86.44,,2007,10
2007-10-13,20.51,89.29,,2007,10
2007-10-14,19.46,92.87,,2007,10
2007-10-15,19.23,91.87,,2007,10
2007-10-16,17.77,93.95,,2007,10
2007-10-17,18.11,97.01,,2007,10
2007-10-18,18.58,91.34,,2007,10
2007-10-19,18.56,90.4,,2007,10
2007-10-20,18.42,87.36,,2007,10
2007-10-21,16.9,79.84,,2007,10
2007-10-22,16.53,79.36,,2007,10
2007-10-23,15.7,84.86,,2007,10
2007-10-24,15.23,85.47,,2007,10
2007-10-25,15.83,74.32,,2007,10
2007-10-26,17.91,56.65,,2007,10
2007-10-27,17.12,69.4,,2007,10
2007-10-28,17.21,79.19,,2007,10
2007-10-29,16.77,83.15,,2007,10
2007-10-30,17.58,76.38,,2007,10
2007-10-31,17.36,82.26,,2007,10
2007-11-01,17.56,82.64,,2007,11
2007-11-02,17.52,86.2,,2007,11
2007-11-03,17.08,82.42,,2007,11
2007-11-04,16.43,79.58,,2007,11
2007-11-05,16.32,87.11,,2007,11
2007-11-06,16.44,85.62,,2007,11
2007-11-07,16.97,83.87,,2007,11
2007-11-08,16.21,85.95,,2007,11
2007-11-09,17.11,80.5,,2007,11
2007-11-10,16.73,82.42,,2007,11
2007-11-11,15.8,83.69,,2007,11
2007-11-12,14.42,86.79,,2007,11
2007-11-13,14.58,84.84,,2007,11
2007-11-14,15.05,87.07,,2007,11
2007-11-15,13.99,93.38,,2007,11
2007-11-16,13.62,96.39,,2007,11
2007-11-17,15.81,88.43,,2007,11
2007-11-18,15.45,85.96,,2007,11
2007-11-19,16.03,74.18,,2007,11
2007-11-20,16.32,75.3,,2007,11
2007-11-21,15.32,85.71,,2007,11
2007-11-22,14.54,85.46,,2007,11
2007-11-23,15.08,79.21,,2007,11
2007-11-24,16.1,65.61,,2007,11
2007-11-25,15.59,65.03,,2007,11
2007-11-26,15.27,67.59,,2007,11
2007-11-27,14.15,74.6,,2007,11
2007-11-28,13.97,81.97,,2007,11
2007-11-29,14.02,82.91,,2007,11
2007-11-30,13.24,87.97,,2007,11
2007-12-01,12.81,87.38,,2007,12
2007-12-02,12.81,83.69,,2007,12
2007-12-03,12.06,89.21,,2007,12
2007-12-04,12.57,80.89,,2007,12
2007-12-05,11.13,83.52,,2007,12
2007-12-06,11.85,80.14,,2007,12
2007-12-07,12.73,69.11,,2007,12
2007-12-08,12.87,75.77,,2007,12
2007-12-09,11.21,81.0,,2007,12
2007-12-10,11.26,73.95,,2007,12
2007-12-11,11.26,75.2,,2007,12
2007-12-12,11.63,75.68,,2007,12
2007-12-13,13.53,71.72,,2007,12
2007-12-14,13.05,74.25,,2007,12
2007-12-15,11.66,74.04,,2007,12
2007-12-16,10.9,67.62,,2007,12
2007-12-17,9.9,72.41,,2007,12
2007-12-18,11.08,69.32,,2007,12
2007-12-19,11.16,70.57,,2007,12
2007-12-20,10.64,65.7,,2007,12
2007-12-21,10.08,70.75,,2007,12
2007-12-22,10.13,76.01,,2007,12
2007-12-23,10.59,82.16,,2007,12
2007-12-24,11.56,75.41,,2007,12
2007-12-25,10.79,83.3,,2007,12
2007-12-26,11.89,78.35,,2007,12
2007-12-27,11.37,82.11,,2007,12
2007-12-28,11.42,82.54,,2007,12
2007-12-29,11.12,83.36,,2007,12
2007-12-30,11.0,82.43,,2007,12
2007-12-31,9.92,79.86,,2007,12
2008-01-01,10.99,73.3,,2008,1
2008-01-02,12.38,70.5,,2008,1
2008-01-03,13.02,73.1,,2008,1
2008-01-04,12.21,71.79,,2008,1
2008-01-05,11.05,67.92,,2008,1
2008-01-06,11.72,62.31,,2008,1
2008-01-07,12.37,67.21,,2008,1
2008-01-08,13.33,64.41,,2008,1
2008-01-09,13.01,68.34,,2008,1
2008-01-10,10.75,77.21,,2008,1
2008-01-11,10.21,78.67,,2008,1
2008-01-12,10.11,86.09,,2008,1
2008-01-13,9.87,83.79,,2008,1
2008-01-14,10.04,74.72,,2008,1
2008-01-15,9.96,76.65,,2008,1
2008-01-16,11.4,77.16,,2008,1
2008-01-17,11.31,83.08,,2008,1
2008-01-18,12.34,82.13,,2008,1
2008-01-19,10.56,86.96,,2008,1
2008-01-20,11.46,90.58,,2008,1
2008-01-21,11.92,91.13,,2008,1
2008-01-22,9.5,57.59,,2008,1
2008-01-23,11.23,58.3,,2008,1
2008-01-24,10.21,84.76,,2008,1
2008-01-25,10.35,88.94,,2008,1
2008-01-26,9.94,89.52,,2008,1
2008-01-27,8.51,89.54,,2008,1
2008-01-28,7.05,78.27,,2008,1
2008-01-29,6.65,67.64,,2008,1
2008-01-30,6.85,73.71,,2008,1
2008-01-31,7.11,83.17,,2008,1
2008-02-01,6.33,75.9,,2008,2
2008-02-02,6.42,73.73,,2008,2
2008-02-03,7.18,77.24,,2008,2
2008-02-04,9.52,66.21,,2008,2
2008-02-05,10.38,68.14,,2008,2
2008-02-06,11.65,77.71,,2008,2
2008-02-07,11.16,85.02,,2008,2
2008-02-08,12.24,85.06,,2008,2
2008-02-09,12.74,92.26,,2008,2
2008-02-10,10.89,83.58,,2008,2
2008-02-11,8.37,70.64,,2008,2
2008-02-12,8.59,65.26,,2008,2
2008-02-13,8.43,60.12,,2008,2
2008-02-14,8.38,60.61,,2008,2
2008-02-15,9.49,59.55,,2008,2
2008-02-16,10.25,60.31,,2008,2
2008-02-17,11.41,66.03,,2008,2
2008-02-18,11.43,71.78,,2008,2
2008-02-19,11.78,76.1,,2008,2
2008-02-20,11.44,66.48,,2008,2
2008-02-21,11.21,67.28,,2008,2
2008-02-22,12.63,63.99,,2008,2
2008-02-23,13.15,62.28,,2008,2
2008-02-24,13.08,64.89,,2008,2
2008-02-25,12.94,76.3,,2008,2
2008-02-26,12.88,71.84,,2008,2
2008-02-27,12.85,58.2,,2008,2
2008-02-28,13.93,49.38,,2008,2
2008-02-29,14.56,53.96,,2008,2
2008-03-01,14.67,59.96,,2008,3
2008-03-02,14.71,65.05,,2008,3
2008-03-03,14.92,67.8,,2008,3
2008-03-04,14.39,72.34,,2008,3
2008-03-05,13.65,80.16,,2008,3
2008-03-06,13.93,75.23,,2008,3
2008-03-07,15.33,68.31,,2008,3
2008-03-08,15.92,69.83,,2008,3
2008-03-09,15.65,75.48,,2008,3
2008-03-10,16.21,77.34,,2008,3
2008-03-11,16.9,75.55,,2008,3
2008-03-12,16.23,69.71,,2008,3
2008-03-13,17.01,70.29,,2008,3
2008-03-14,15.9,77.43,,2008,3
2008-03-15,15.86,68.51,,2008,3
2008-03-16,17.12,56.29,,2008,3
2008-03-17,16.76,50.68,,2008,3
2008-03-18,17.15,52.53,,2008,3
2008-03-19,17.21,66.75,,2008,3
2008-03-20,17.04,72.11,,2008,3
2008-03-21,16.85,85.32,,2008,3
2008-03-22,17.26,72.43,,2008,3
2008-03-23,17.63,72.69,,2008,3
2008-03-24,16.76,84.2,,2008,3
2008-03-25,16.35,79.26,,2008,3
2008-03-26,17.28,72.73,,2008,3
2008-03-27,16.99,67.57,,2008,3
2008-03-28,16.79,71.62,,2008,3
2008-03-29,17.1,83.18,,2008,3
2008-03-30,17.01,85.73,,2008,3
2008-03-31,17.37,82.63,,2008,3
2008-04-01,16.86,77.96,,2008,4
2008-04-02,16.36,79.3,,2008,4
2008-04-03,16.82,77.38,,2008,4
2008-04-04,16.53,83.25,,2008,4
2008-04-05,17.67,79.83,,2008,4
2008-04-06,18.22,75.26,,2008,4
2008-04-07,17.89,69.91,,2008,4
2008-04-08,16.54,65.8,,2008,4
2008-04-09,16.85,64.98,,2008,4
2008-04-10,19.41,61.71,,2008,4
2008-04-11,20.02,61.6,,2008,4
2008-04-12,20.63,61.94,,2008,4
2008-04-13,18.9,78.71,,2008,4
2008-04-14,18.46,87.0,,2008,4
2008-04-15,19.18,79.16,,2008,4
2008-04-16,20.15,75.72,,2008,4
2008-04-17,19.53,84.95,,2008,4
2008-04-18,19.69,87.57,,2008,4
2008-04-19,19.94,79.05,,2008,4
2008-04-20,20.23,56.88,,2008,4
2008-04-21,21.04,42.89,,2008,4
2008-04-22,20.44,53.0,,2008,4
2008-04-23,20.92,57.65,,2008,4
2008-04-24,21.61,64.48,,2008,4
2008-04-25,22.11,60.12,,2008,4
2008-04-26,20.9,64.34,,2008,4
2008-04-27,20.07,78.98,,2008,4
2008-04-28,20.7,78.73,,2008,4
2008-04-29,20.63,79.78,,2008,4
2008-04-30,20.52,79.5,,2008,4
2008-05-01,20.44,79.88,,2008,5
2008-05-02,20.53,81.26,,2008,5
2008-05-03,21.13,78.05,,2008,5
2008-05-04,20.85,68.07,,2008,5
2008-05-05,21.28,70.08,,2008,5
2008-05-06,20.85,79.49,,2008,5
2008-05-07,19.71,86.18,,2008,5
2008-05-08,20.17,84.66,,2008,5
2008-05-09,20.64,83.28,,2008,5
2008-05-10,21.82,73.35,,2008,5
2008-05-11,21.87,68.32,,2008,5
2008-05-12,21.28,72.88,,2008,5
2008-05-13,21.67,73.58,,2008,5
2008-05-14,21.94,63.74,,2008,5
2008-05-15,21.88,71.17,,2008,5
2008-05-16,23.15,68.88,,2008,5
2008-05-17,22.74,74.93,,2008,5
2008-05-18,21.55,87.91,,2008,5
2008-05-19,21.07,83.38,,2008,5
2008-05-20,19.52,88.89,,2008,5
2008-05-21,20.13,85.21,,2008,5
2008-05-22,20.41,87.3,,2008,5
2008-05-23,20.76,86.45,,2008,5
2008-05-24,21.12,85.24,,2008,5
2008-05-25,20.84,84.32,,2008,5
2008-05-26,20.71,88.43,,2008,5
2008-05-27,20.87,87.68,,2008,5
2008-05-28,21.23,87.56,,2008,5
2008-05-29,21.46,87.6,,2008,5
2008-05-30,21.28,87.94,,2008,5
2008-05-31,21.52,83.59,,2008,5
2008-06-01,20.64,84.87,,2008,6
2008-06-02,20.5,85.3,,2008,6
2008-06-03,20.81,85.92,,2008,6
2008-06-04,21.5,88.45,,2008,6
2008-06-05,21.68,87.21,,2008,6
2008-06-06,21.14,87.97,,2008,6
2008-06-07,21.65,83.89,,2008,6
2008-06-08,22.03,83.06,,2008,6
2008-06-09,21.33,89.24,,2008,6
2008-06-10,21.91,88.97,,2008,6
2008-06-11,21.71,88.83,,2008,6
2008-06-12,22.79,89.28,,2008,6
2008-06-13,22.57,89.87,,2008,6
2008-06-14,22.73,90.26,,2008,6
2008-06-15,23.05,86.65,,2008,6
2008-06-16,22.08,92.56,,2008,6
2008-06-17,21.64,91.19,,2008,6
2008-06-18,21.27,93.98,,2008,6
2008-06-19,21.07,94.68,,2008,6
2008-06-20,21.56,92.91,,2008,6
2008-06-21,22.0,90.04,,2008,6
2008-06-22,22.42,89.62,,2008,6
2008-06-23,21.96,89.16,,2008,6
2008-06-24,22.21,87.68,,2008,6
2008-06-25,23.18,86.89,,2008,6
2008-06-26,21.86,92.41,,2008,6
2008-06-27,23.34,86.58,,2008,6
2008-06-28,22.76,93.08,,2008,6
2008-06-29,21.62,93.29,,2008,6
2008-06-30,22.09,91.4,,2008,6
2008-07-01,21.87,91.98,,2008,7
2008-07-02,21.77,93.36,,2008,7
2008-07-03,22.31,93.63,,2008,7
2008-07-04,21.76,95.5,,2008,7
2008-07-05,21.24,95.58,,2008,7
2008-07-06,21.74,88.89,,2008,7
2008-07-07,22.11,88.27,,2008,7
2008-07-08,21.8,90.98,,2008,7
2008-07-09,22.33,88.76,,2008,7
2008-07-10,21.44,95.37,,2008,7
2008-07-11,22.27,91.99,,2008,7
2008-07-12,22.19,90.26,,2008,7
2008-07-13,21.87,94.96,,2008,7
2008-07-14,22.19,95.72,,2008,7
2008-07-15,22.62,92.22,,2008,7
2008-07-16,22.05,93.42,,2008,7
2008-07-17,22.78,90.5,,2008,7
2008-07-18,22.91,90.14,,2008,7
2008-07-19,21.89,94.32,,2008,7
2008-07-20,21.32,94.4,,2008,7
2008-07-21,21.52,94.4,,2008,7
2008-07-22,21.4,94.37,,2008,7
2008-07-23,21.57,93.74,,2008,7
2008-07-24,22.51,90.15,,2008,7
2008-07-25,22.21,93.7,,2008,7
2008-07-26,22.72,89.21,,2008,7
2008-07-27,22.93,87.86,,2008,7
2008-07-28,21.85,93.48,,2008,7
2008-07-29,21.96,90.39,,2008,7
2008-07-30,22.72,89.51,,2008,7
2008-07-31,21.88,92.13,,2008,7
2008-08-01,22.73,87.65,,2008,8
2008-08-02,22.18,94.33,,2008,8
2008-08-03,21.42,96.72,,2008,8
2008-08-04,21.07,93.49,,2008,8
2008-08-05,21.88,91.62,,2008,8
2008-08-06,21.6,92.22,,2008,8
2008-08-07,21.87,90.72,,2008,8
2008-08-08,23.16,87.02,,2008,8
2008-08-09,23.44,87.0,,2008,8
2008-08-10,22.13,90.83,,2008,8
2008-08-11,21.71,94.55,,2008,8
2008-08-12,21.29,96.57,,2008,8
2008-08-13,22.04,92.63,,2008,8
2008-08-14,22.03,93.43,,2008,8
2008-08-15,21.73,94.06,,2008,8
2008-08-16,21.23,93.2,,2008,8
2008-08-17,21.16,95.59,,2008,8
2008-08-18,22.23,95.05,,2008,8
2008-08-19,22.04,96.16,,2008,8
2008-08-20,22.71,89.73,,2008,8
2008-08-21,23.19,85.52,,2008,8
2008-08-22,22.27,87.61,,2008,8
2008-08-23,22.82,86.28,,2008,8
2008-08-24,22.24,91.74,,2008,8
2008-08-25,22.0,93.6,,2008,8
2008-08-26,20.93,94.35,,2008,8
2008-08-27,22.02,94.12,,2008,8
2008-08-28,21.58,94.97,,2008,8
2008-08-29,21.67,95.33,,2008,8
2008-08-30,21.07,94.19,,2008,8
2008-08-31,20.53,91.14,,2008,8
2008-09-01,20.81,92.88,,2008,9
2008-09-02,21.76,92.83,,2008,9
2008-09-03,21.25,93.11,,2008,9
2008-09-04,20.36,92.61,,2008,9
2008-09-05,20.87,95.66,,2008,9
2008-09-06,20.42,91.32,,2008,9
2008-09-07,21.2,87.06,,2008,9
2008-09-08,22.18,89.67,,2008,9
2008-09-09,21.23,95.52,,2008,9
2008-09-10,22.47,88.51,,2008,9
2008-09-11,21.33,93.23,,2008,9
2008-09-12,22.14,86.67,,2008,9
2008-09-13,21.44,88.6,,2008,9
2008-09-14,21.29,90.15,,2008,9
2008-09-15,21.55,89.98,,2008,9
2008-09-16,21.31,91.02,,2008,9
2008-09-17,20.84,90.75,,2008,9
2008-09-18,20.93,90.07,,2008,9
2008-09-19,21.73,88.49,,2008,9
2008-09-20,22.02,92.7,,2008,9
2008-09-21,21.62,90.27,,2008,9
2008-09-22,20.96,87.46,,2008,9
2008-09-23,20.65,92.32,,2008,9
2008-09-24,21.04,91.1,,2008,9
2008-09-25,22.0,88.37,,2008,9
2008-09-26,22.11,88.86,,2008,9
2008-09-27,21.05,92.74,,2008,9
2008-09-28,21.31,94.44,,2008,9
2008-09-29,20.97,90.95,,2008,9
2008-09-30,21.45,87.21,,2008,9
2008-10-01,22.19,87.35,,2008,10
2008-10-02,20.48,91.06,,2008,10
2008-10-03,19.97,92.81,,2008,10
2008-10-04,20.36,89.37,,2008,10
2008-10-05,20.49,90.66,,2008,10
2008-10-06,20.22,88.86,,2008,10
2008-10-07,19.08,90.31,,2008,10
2008-10-08,18.66,92.95,,2008,10
2008-10-09,19.17,87.63,,2008,10
2008-10-10,20.15,82.36,,2008,10
2008-10-11,20.12,82.71,,2008,10
2008-10-12,20.14,82.02,,2008,10
2008-10-13,20.13,82.78,,2008,10
2008-10-14,19.61,84.08,,2008,10
2008-10-15,19.68,80.9,,2008,10
2008-10-16,19.04,82.8,,2008,10
2008-10-17,19.0,79.79,,2008,10
2008-10-18,19.27,71.75,,2008,10
2008-10-19,20.33,70.11,,2008,10
2008-10-20,19.39,83.62,,2008,10
2008-10-21,19.74,81.51,,2008,10
2008-10-22,19.26,80.29,,2008,10
2008-10-23,18.4,82.5,,2008,10
2008-10-24,17.57,88.87,,2008,10
2008-10-25,16.61,91.35,,2008,10
2008-10-26,14.53,95.34,,2008,10
2008-10-27,15.93,95.76,,2008,10
2008-10-28,17.48,86.91,,2008,10
2008-10-29,17.59,84.55,,2008,10
2008-10-30,17.62,82.9,,2008,10
2008-10-31,17.12,83.13,,2008,10
2008-11-01,17.14,80.1,,2008,11
2008-11-02,17.28,77.09,,2008,11
2008-11-03,17.38,82.42,,2008,11
2008-11-04,16.53,75.69,,2008,11
2008-11-05,16.13,79.7,,2008,11
2008-11-06,15.08,86.01,,2008,11
2008-11-07,14.42,67.81,,2008,11
2008-11-08,16.67,56.89,,2008,11
2008-11-09,18.1,57.91,,2008,11
2008-11-10,16.98,68.44,,2008,11
2008-11-11,16.66,69.86,,2008,11
2008-11-12,15.61,74.87,,2008,11
2008-11-13,15.0,72.16,,2008,11
2008-11-14,14.08,78.94,,2008,11
2008-11-15,14.22,79.18,,2008,11
2008-11-16,14.49,79.11,,2008,11
2008-11-17,13.84,81.54,,2008,11
2008-11-18,13.67,80.61,,2008,11
2008-11-19,15.52,66.72,,2008,11
2008-11-20,15.16,66.86,,2008,11
2008-11-21,14.52,78.1,,2008,11
2008-11-22,13.79,88.86,,2008,11
2008-11-23,13.63,86.28,,2008,11
2008-11-24,13.48,81.5,,2008,11
2008-11-25,12.93,79.69,,2008,11
2008-11-26,13.22,80.61,,2008,11
2008-11-27,13.88,81.6,,2008,11
2008-11-28,15.16,74.06,,2008,11
2008-11-29,14.82,80.32,,2008,11
2008-11-30,14.74,84.42,,2008,11
2008-12-01,15.73,78.55,,2008,12
2008-12-02,14.75,88.2,,2008,12
2008-12-03,14.39,89.12,,2008,12
2008-12-04,14.63,88.79,,2008,12
2008-12-05,14.84,86.3,,2008,12
2008-12-06,14.68,88.03,,2008,12
2008-12-07,15.05,86.28,,2008,12
2008-12-08,13.68,88.35,,2008,12
2008-12-09,14.12,86.29,,2008,12
2008-12-10,14.3,89.0,,2008,12
2008-12-11,14.53,89.41,,2008,12
2008-12-12,13.88,87.95,,2008,12
2008-12-13,12.7,78.66,,2008,12
2008-12-14,12.08,82.4,,2008,12
2008-12-15,11.97,83.11,,2008,12
2008-12-16,11.78,82.89,,2008,12
2008-12-17,11.86,79.86,,2008,12
2008-12-18,12.65,74.34,,2008,12
2008-12-19,13.04,75.84,,2008,12
2008-12-20,13.22,81.72,,2008,12
2008-12-21,12.39,91.16,,2008,12
2008-12-22,13.15,88.3,,2008,12
2008-12-23,12.58,87.8,,2008,12
2008-12-24,11.23,89.41,,2008,12
2008-12-25,12.12,85.26,,2008,12
2008-12-26,11.75,85.54,,2008,12
2008-12-27,11.87,79.52,,2008,12
2008-12-28,11.17,80.65,,2008,12
2008-12-29,10.38,84.88,,2008,12
2008-12-30,10.79,82.66,,2008,12
2008-12-31,11.1,81.24,,2008,12
2009-01-01,11.39,71.44,,2009,1
2009-01-02,10.71,73.41,,2009,1
2009-01-03,9.85,79.08,,2009,1
2009-01-04,9.81,78.82,,2009,1
2009-01-05,10.1,77.85,,2009,1
2009-01-06,10.75,74.98,,2009,1
2009-01-07,11.5,66.3,,2009,1
2009-01-08,11.99,72.76,,2009,1
2009-01-09,12.21,79.16,,2009,1
2009-01-10,10.97,81.99,,2009,1
2009-01-11,10.95,79.83,,2009,1
2009-01-12,10.25,81.83,,2009,1
2009-01-13,10.58,79.72,,2009,1
2009-01-14,10.95,76.35,,2009,1
2009-01-15,11.4,75.35,,2009,1
2009-01-16,11.86,69.08,,2009,1
2009-01-17,11.78,76.82,,2009,1
2009-01-18,12.83,80.69,,2009,1
2009-01-19,11.88,83.34,,2009,1
2009-01-20,10.89,82.01,,2009,1
2009-01-21,12.45,78.39,,2009,1
2009-01-22,11.95,88.47,,2009,1
2009-01-23,12.63,85.4,,2009,1
2009-01-24,12.94,82.13,,2009,1
2009-01-25,12.91,85.31,,2009,1
2009-01-26,12.09,89.73,,2009,1
2009-01-27,12.43,86.53,,2009,1
2009-01-28,11.47,82.38,,2009,1
2009-01-29,11.7,62.8,,2009,1
2009-01-30,11.66,76.08,,2009,1
2009-01-31,12.33,73.2,,2009,1
2009-02-01,12.15,67.69,,2009,2
2009-02-02,10.59,83.17,,2009,2
2009-02-03,11.49,76.86,,2009,2
2009-02-04,12.0,75.31,,2009,2
2009-02-05,12.52,75.21,,2009,2
2009-02-06,13.49,68.55,,2009,2
2009-02-07,13.72,67.32,,2009,2
2009-02-08,13.91,67.46,,2009,2
2009-02-09,13.53,72.71,,2009,2
2009-02-10,14.13,74.02,,2009,2
2009-02-11,14.55,73.04,,2009,2
2009-02-12,12.79,77.63,,2009,2
2009-02-13,12.26,70.95,,2009,2
2009-02-14,13.38,68.15,,2009,2
2009-02-15,13.57,66.81,,2009,2
2009-02-16,13.22,58.84,,2009,2
2009-02-17,14.42,58.79,,2009,2
2009-02-18,14.42,61.68,,2009,2
2009-02-19,15.06,51.19,,2009,2
2009-02-20,14.88,52.74,,2009,2
2009-02-21,12.82,56.1,,2009,2
2009-02-22,11.66,60.82,,2009,2
2009-02-23,12.67,53.2,,2009,2
2009-02-24,13.6,58.78,,2009,2
2009-02-25,13.65,72.82,,2009,2
2009-02-26,13.6,72.23,,2009,2
2009-02-27,14.1,57.41,,2009,2
2009-02-28,13.77,58.41,,2009,2
2009-03-01,13.55,46.45,,2009,3
2009-03-02,13.83,43.8,,2009,3
2009-03-03,13.4,57.64,,2009,3
2009-03-04,15.16,60.05,,2009,3
2009-03-05,14.82,68.11,,2009,3
2009-03-06,15.47,70.24,,2009,3
2009-03-07,15.35,55.97,,2009,3
2009-03-08,15.71,50.3,,2009,3
2009-03-09,17.48,46.97,,2009,3
2009-03-10,17.02,56.92,,2009,3
2009-03-11,16.03,62.06,,2009,3
2009-03-12,15.47,41.25,,2009,3
2009-03-13,15.39,44.77,,2009,3
2009-03-14,16.08,52.36,,2009,3
2009-03-15,17.2,45.26,,2009,3
2009-03-16,16.51,46.97,,2009,3
2009-03-17,17.48,48.65,,2009,3
2009-03-18,17.45,49.7,,2009,3
2009-03-19,18.33,53.23,,2009,3
2009-03-20,18.46,53.78,,2009,3
2009-03-21,18.42,57.05,,2009,3
2009-03-22,18.29,63.52,,2009,3
2009-03-23,18.04,61.78,,2009,3
2009-03-24,18.01,55.84,,2009,3
2009-03-25,18.19,57.71,,2009,3
2009-03-26,18.15,55.38,,2009,3
2009-03-27,15.41,64.39,,2009,3
2009-03-28,16.13,63.06,,2009,3
2009-03-29,17.19,73.36,,2009,3
2009-03-30,17.6,84.0,,2009,3
2009-03-31,17.74,90.19,,2009,3
2009-04-01,17.01,86.17,,2009,4
2009-04-02,17.69,79.37,,2009,4
2009-04-03,17.73,77.76,,2009,4
2009-04-04,17.54,84.59,,2009,4
2009-04-05,18.49,83.03,,2009,4
2009-04-06,18.73,77.34,,2009,4
2009-04-07,18.8,72.13,,2009,4
2009-04-08,18.93,74.27,,2009,4
2009-04-09,19.57,66.68,,2009,4
2009-04-10,18.85,65.59,,2009,4
2009-04-11,18.85,66.16,,2009,4
2009-04-12,19.42,52.9,,2009,4
2009-04-13,20.52,56.04,,2009,4
2009-04-14,21.0,59.86,,2009,4
2009-04-15,20.68,64.52,,2009,4
2009-04-16,20.33,70.38,,2009,4
2009-04-17,19.21,85.64,,2009,4
2009-04-18,19.87,80.45,,2009,4
2009-04-19,20.55,82.2,,2009,4
2009-04-20,19.13,86.38,,2009,4
2009-04-21,19.53,86.85,,2009,4
2009-04-22,21.1,88.55,,2009,4
2009-04-23,20.6,85.2,,2009,4
2009-04-24,20.3,75.39,,2009,4
2009-04-25,21.1,48.51,,2009,4
2009-04-26,22.03,49.35,,2009,4
2009-04-27,22.06,51.19,,2009,4
2009-04-28,21.23,56.37,,2009,4
2009-04-29,21.36,65.97,,2009,4
2009-04-30,19.73,82.26,,2009,4
2009-05-01,19.27,88.71,,2009,5
2009-05-02,20.26,77.48,,2009,5
2009-05-03,20.87,76.17,,2009,5
2009-05-04,19.84,87.71,,2009,5
2009-05-05,20.62,81.41,,2009,5
2009-05-06,20.12,87.01,,2009,5
2009-05-07,20.72,85.94,,2009,5
2009-05-08,20.12,83.07,,2009,5
2009-05-09,19.74,85.78,,2009,5
2009-05-10,19.87,81.98,,2009,5
2009-05-11,20.35,82.37,,2009,5
2009-05-12,20.04,83.32,,2009,5
2009-05-13,18.74,86.67,,2009,5
2009-05-14,19.25,83.38,,2009,5
2009-05-15,20.25,76.96,,2009,5
2009-05-16,20.42,80.1,,2009,5
2009-05-17,20.39,80.55,,2009,5
2009-05-18,20.82,90.96,,2009,5
2009-05-19,22.08,86.71,,2009,5
2009-05-20,22.48,82.8,,2009,5
2009-05-21,22.39,79.02,,2009,5
2009-05-22,22.85,72.47,,2009,5
2009-05-23,22.66,76.52,,2009,5
2009-05-24,21.82,82.85,,2009,5
2009-05-25,20.65,90.81,,2009,5
2009-05-26,21.41,94.39,,2009,5
2009-05-27,22.53,84.18,,2009,5
2009-05-28,21.56,80.7,,2009,5
2009-05-29,22.16,78.82,,2009,5
2009-05-30,21.19,84.9,,2009,5
2009-05-31,20.37,89.38,,2009,5
2009-06-01,19.75,90.77,,2009,6
2009-06-02,21.47,88.18,,2009,6
2009-06-03,22.39,83.21,,2009,6
2009-06-04,22.62,80.51,,2009,6
2009-06-05,22.22,83.27,,2009,6
2009-06-06,21.87,87.72,,2009,6
2009-06-07,21.55,87.76,,2009,6
2009-06-08,21.57,84.97,,2009,6
2009-06-09,22.12,85.59,,2009,6
2009-06-10,21.13,86.95,,2009,6
2009-06-11,20.69,87.24,,2009,6
2009-06-12,21.0,82.68,,2009,6
2009-06-13,20.64,86.58,,2009,6
2009-06-14,20.21,88.79,,2009,6
2009-06-15,21.34,89.03,,2009,6
2009-06-16,22.04,83.88,,2009,6
2009-06-17,23.09,79.64,,2009,6
2009-06-18,23.16,84.25,,2009,6
2009-06-19,23.19,86.59,,2009,6
2009-06-20,21.75,90.58,,2009,6
2009-06-21,22.53,89.26,,2009,6
2009-06-22,22.39,89.15,,2009,6
2009-06-23,22.87,85.49,,2009,6
2009-06-24,23.38,86.2,,2009,6
2009-06-25,22.8,91.48,,2009,6
2009-06-26,22.38,90.54,,2009,6
2009-06-27,23.02,89.19,,2009,6
2009-06-28,22.94,92.24,,2009,6
2009-06-29,22.81,94.12,,2009,6
2009-06-30,22.68,94.99,,2009,6
2009-07-01,21.78,91.94,,2009,7
2009-07-02,22.09,94.0,,2009,7
2009-07-03,21.07,93.01,,2009,7
2009-07-04,21.38,92.14,,2009,7
2009-07-05,21.81,89.66,,2009,7
2009-07-06,22.32,91.62,,2009,7
2009-07-07,22.57,90.04,,2009,7
2009-07-08,22.37,88.94,,2009,7
2009-07-09,22.03,92.16,,2009,7
2009-07-10,22.15,88.99,,2009,7
2009-07-11,22.56,88.7,,2009,7
2009-07-12,23.34,86.46,,2009,7
2009-07-13,24.38,83.02,,2009,7
2009-07-14,23.23,87.89,,2009,7
2009-07-15,23.0,89.67,,2009,7
2009-07-16,23.17,88.73,,2009,7
2009-07-17,23.29,87.57,,2009,7
2009-07-18,23.77,89.23,,2009,7
2009-07-19,24.23,85.7,,2009,7
2009-07-20,24.38,84.88,,2009,7
2009-07-21,23.33,86.3,,2009,7
2009-07-22,22.54,87.65,,2009,7
2009-07-23,23.19,87.43,,2009,7
2009-07-24,23.12,89.36,,2009,7
2009-07-25,23.58,89.84,,2009,7
2009-07-26,22.42,92.36,,2009,7
2009-07-27,22.07,89.85,,2009,7
2009-07-28,22.28,93.95,,2009,7
2009-07-29,22.6,93.11,,2009,7
2009-07-30,21.81,92.85,,2009,7
2009-07-31,22.55,92.81,,2009,7
2009-08-01,23.46,90.5,,2009,8
2009-08-02,21.89,93.84,,2009,8
2009-08-03,23.65,83.35,,2009,8
2009-08-04,23.36,94.0,,2009,8
2009-08-05,23.5,91.89,,2009,8
2009-08-06,23.45,88.59,,2009,8
2009-08-07,23.25,93.81,,2009,8
2009-08-08,23.75,88.0,,2009,8
2009-08-09,23.44,91.02,,2009,8
2009-08-10,23.94,88.13,,2009,8
2009-08-11,22.44,94.63,,2009,8
2009-08-12,22.11,94.43,,2009,8
2009-08-13,22.23,94.19,,2009,8
2009-08-14,21.36,94.41,,2009,8
2009-08-15,21.5,94.13,,2009,8
2009-08-16,21.1,93.04,,2009,8
2009-08-17,21.35,92.46,,2009,8
2009-08-18,21.65,94.25,,2009,8
2009-08-19,21.82,94.6,,2009,8
2009-08-20,21.08,94.9,,2009,8
2009-08-21,21.07,93.6,,2009,8
2009-08-22,21.22,92.3,,2009,8
2009-08-23,21.62,88.81,,2009,8
2009-08-24,21.46,89.59,,2009,8
2009-08-25,20.86,91.37,,2009,8
2009-08-26,20.74,91.61,,2009,8
2009-08-27,20.84,90.5,,2009,8
2009-08-28,21.89,85.92,,2009,8
2009-08-29,22.91,84.64,,2009,8
2009-08-30,22.13,89.09,,2009,8
2009-08-31,22.54,88.54,,2009,8
2009-09-01,23.16,84.98,,2009,9
2009-09-02,22.87,88.73,,2009,9
2009-09-03,23.37,86.95,,2009,9
2009-09-04,22.11,91.61,,2009,9
2009-09-05,21.52,91.72,,2009,9
2009-09-06,21.51,90.27,,2009,9
2009-09-07,22.23,89.37,,2009,9
2009-09-08,22.1,89.48,,2009,9
2009-09-09,20.69,93.07,,2009,9
2009-09-10,20.56,90.45,,2009,9
2009-09-11,21.4,85.78,,2009,9
2009-09-12,22.11,87.24,,2009,9
2009-09-13,22.29,86.23,,2009,9
2009-09-14,22.24,89.61,,2009,9
2009-09-15,21.58,92.48,,2009,9
2009-09-16,21.72,89.6,,2009,9
2009-09-17,21.96,89.22,,2009,9
2009-09-18,20.61,92.5,,2009,9
2009-09-19,20.66,93.4,,2009,9
2009-09-20,20.63,93.62,,2009,9
2009-09-21,20.69,91.53,,2009,9
2009-09-22,20.54,93.55,,2009,9
2009-09-23,20.01,93.01,,2009,9
2009-09-24,20.16,91.82,,2009,9
2009-09-25,20.74,88.86,,2009,9
2009-09-26,21.24,91.03,,2009,9
2009-09-27,22.1,86.57,,2009,9
2009-09-28,21.57,86.36,,2009,9
2009-09-29,21.61,87.0,,2009,9
2009-09-30,21.74,79.81,,2009,9
2009-10-01,21.47,79.24,,2009,10
2009-10-02,21.12,82.83,,2009,10
2009-10-03,20.39,91.33,,2009,10
2009-10-04,20.78,91.6,,2009,10
2009-10-05,20.6,94.11,,2009,10
2009-10-06,20.93,93.15,,2009,10
2009-10-07,20.0,95.82,,2009,10
2009-10-08,20.09,96.92,,2009,10
2009-10-09,20.57,94.9,,2009,10
2009-10-10,19.74,82.68,,2009,10
2009-10-11,19.39,88.05,,2009,10
2009-10-12,19.55,86.58,,2009,10
2009-10-13,19.45,85.47,,2009,10
2009-10-14,19.53,84.14,,2009,10
2009-10-15,18.56,92.11,,2009,10
2009-10-16,19.85,91.52,,2009,10
2009-10-17,19.66,89.87,,2009,10
2009-10-18,19.49,85.75,,2009,10
2009-10-19,18.19,85.8,,2009,10
2009-10-20,16.69,75.48,,2009,10
2009-10-21,16.38,83.53,,2009,10
2009-10-22,17.11,76.63,,2009,10
2009-10-23,17.15,83.07,,2009,10
2009-10-24,16.92,76.84,,2009,10
2009-10-25,16.42,82.4,,2009,10
2009-10-26,16.7,78.35,,2009,10
2009-10-27,16.53,77.34,,2009,10
2009-10-28,16.53,78.2,,2009,10
2009-10-29,16.88,76.6,,2009,10
2009-10-30,17.36,74.07,,2009,10
2009-10-31,17.4,74.75,,2009,10
2009-11-01,16.09,82.37,,2009,11
2009-11-02,16.35,85.19,,2009,11
2009-11-03,17.34,84.84,,2009,11
2009-11-04,16.27,85.68,,2009,11
2009-11-05,18.12,78.17,,2009,11
2009-11-06,18.4,74.83,,2009,11
2009-11-07,17.23,78.01,,2009,11
2009-11-08,16.91,71.86,,2009,11
2009-11-09,16.17,65.92,,2009,11
2009-11-10,14.18,83.08,,2009,11
2009-11-11,15.01,75.19,,2009,11
2009-11-12,15.9,77.64,,2009,11
2009-11-13,16.49,74.03,,2009,11
2009-11-14,16.52,88.31,,2009,11
2009-11-15,16.75,94.03,,2009,11
2009-11-16,15.7,92.75,,2009,11
2009-11-17,15.19,85.67,,2009,11
2009-11-18,15.49,81.25,,2009,11
2009-11-19,13.85,84.65,,2009,11
2009-11-20,12.7,80.19,,2009,11
2009-11-21,12.74,85.25,,2009,11
2009-11-22,12.72,83.95,,2009,11
2009-11-23,13.26,83.81,,2009,11
2009-11-24,13.46,86.4,,2009,11
2009-11-25,13.3,87.83,,2009,11
2009-11-26,13.67,87.74,,2009,11
2009-11-27,13.24,84.44,,2009,11
2009-11-28,13.06,83.32,,2009,11
2009-11-29,13.59,86.63,,2009,11
2009-11-30,13.72,82.63,,2009,11
2009-12-01,13.91,85.57,,2009,12
2009-12-02,14.07,87.05,,2009,12
2009-12-03,14.12,86.23,,2009,12
2009-12-04,14.03,88.68,,2009,12
2009-12-05,14.26,88.9,,2009,12
2009-12-06,12.95,88.7,,2009,12
2009-12-07,12.29,84.68,,2009,12
2009-12-08,11.14,80.9,,2009,12
2009-12-09,10.88,82.0,,2009,12
2009-12-10,11.16,81.95,,2009,12
2009-12-11,10.78,84.09,,2009,12
2009-12-12,11.6,81.89,,2009,12
2009-12-13,12.18,81.32,,2009,12
2009-12-14,12.1,86.04,,2009,12
2009-12-15,12.13,86.42,,2009,12
2009-12-16,12.49,87.01,,2009,12
2009-12-17,11.75,85.78,,2009,12
2009-12-18,12.62,85.0,,2009,12
2009-12-19,12.58,89.73,,2009,12
2009-12-20,10.85,86.58,,2009,12
2009-12-21,11.4,84.23,,2009,12
2009-12-22,10.64,85.16,,2009,12
2009-12-23,10.27,82.73,,2009,12
2009-12-24,10.12,84.92,,2009,12
2009-12-25,9.59,81.24,,2009,12
2009-12-26,9.27,85.89,,2009,12
2009-12-27,10.0,82.82,,2009,12
2009-12-28,9.91,83.97,,2009,12
2009-12-29,9.15,83.32,,2009,12
2009-12-30,10.15,85.62,,2009,12
2009-12-31,9.68,86.52,,2009,12
2010-01-01,9.5,84.51,,2010,1
2010-01-02,10.06,72.68,,2010,1
2010-01-03,12.86,58.59,,2010,1
2010-01-04,10.71,76.95,,2010,1
2010-01-05,10.73,72.1,,2010,1
2010-01-06,10.39,76.09,,2010,1
2010-01-07,10.68,75.6,,2010,1
2010-01-08,12.12,70.99,,2010,1
2010-01-09,10.87,78.32,,2010,1
2010-01-10,10.73,77.86,,2010,1
2010-01-11,10.19,74.49,,2010,1
2010-01-12,8.84,79.3,,2010,1
2010-01-13,10.02,73.45,,2010,1
2010-01-14,11.47,74.23,,2010,1
2010-01-15,11.44,76.79,,2010,1
2010-01-16,10.68,80.34,,2010,1
2010-01-17,12.03,70.95,,2010,1
2010-01-18,12.52,68.08,,2010,1
2010-01-19,12.13,75.76,,2010,1
2010-01-20,10.65,81.14,,2010,1
2010-01-21,11.45,71.45,,2010,1
2010-01-22,11.93,71.22,,2010,1
2010-01-23,11.64,70.43,,2010,1
2010-01-24,12.28,66.44,,2010,1
2010-01-25,12.01,62.24,,2010,1
2010-01-26,11.72,65.3,,2010,1
2010-01-27,11.31,66.26,,2010,1
2010-01-28,11.38,66.61,,2010,1
2010-01-29,10.88,71.89,,2010,1
2010-01-30,11.09,72.2,,2010,1
2010-01-31,10.99,68.21,,2010,1
2010-02-01,10.22,71.38,,2010,2
2010-02-02,10.63,67.47,,2010,2
2010-02-03,10.19,54.4,,2010,2
2010-02-04,9.69,57.8,,2010,2
2010-02-05,9.5,51.65,,2010,2
2010-02-06,10.6,52.42,,2010,2
2010-02-07,10.15,70.1,,2010,2
2010-02-08,13.28,59.58,,2010,2
2010-02-09,12.28,69.73,,2010,2
2010-02-10,13.09,71.64,,2010,2
2010-02-11,13.01,72.72,,2010,2
2010-02-12,12.47,57.38,,2010,2
2010-02-13,12.1,70.84,,2010,2
2010-02-14,11.78,76.83,,2010,2
2010-02-15,12.01,63.01,,2010,2
2010-02-16,12.92,68.38,,2010,2
2010-02-17,14.05,83.45,,2010,2
2010-02-18,12.17,66.24,,2010,2
2010-02-19,11.66,52.26,,2010,2
2010-02-20,11.24,53.45,,2010,2
2010-02-21,12.41,57.23,,2010,2
2010-02-22,13.12,67.09,,2010,2
2010-02-23,13.69,70.4,,2010,2
2010-02-24,12.97,68.39,,2010,2
2010-02-25,14.3,71.07,,2010,2
2010-02-26,14.05,67.72,,2010,2
2010-02-27,14.0,63.04,,2010,2
2010-02-28,14.76,66.48,,2010,2
2010-03-01,15.0,77.12,,2010,3
2010-03-02,14.97,72.63,,2010,3
2010-03-03,14.83,62.4,,2010,3
2010-03-04,15.01,63.78,,2010,3
2010-03-05,15.63,71.98,,2010,3
2010-03-06,16.02,74.91,,2010,3
2010-03-07,14.96,65.76,,2010,3
2010-03-08,15.64,57.73,,2010,3
2010-03-09,16.46,46.01,,2010,3
2010-03-10,16.17,42.34,,2010,3
2010-03-11,16.12,46.18,,2010,3
2010-03-12,15.74,48.52,,2010,3
2010-03-13,15.1,45.93,,2010,3
2010-03-14,15.83,43.74,,2010,3
2010-03-15,16.39,53.1,,2010,3
2010-03-16,16.59,61.7,,2010,3
2010-03-17,17.42,62.49,,2010,3
2010-03-18,18.7,57.04,,2010,3
2010-03-19,19.85,54.56,,2010,3
2010-03-20,21.17,47.98,,2010,3
2010-03-21,19.89,50.84,,2010,3
2010-03-22,18.39,59.99,,2010,3
2010-03-23,18.5,80.64,,2010,3
2010-03-24,19.53,83.16,,2010,3
2010-03-25,19.44,81.75,,2010,3
2010-03-26,19.91,75.54,,2010,3
2010-03-27,18.56,87.47,,2010,3
2010-03-28,19.21,88.64,,2010,3
2010-03-29,19.12,87.53,,2010,3
2010-03-30,19.04,87.93,,2010,3
2010-03-31,19.72,90.19,,2010,3
2010-04-01,20.16,84.05,,2010,4
2010-04-02,19.8,86.73,,2010,4
2010-04-03,19.84,86.8,,2010,4
2010-04-04,19.61,87.74,,2010,4
2010-04-05,19.79,85.39,,2010,4
2010-04-06,19.29,81.2,,2010,4
2010-04-07,20.25,69.82,,2010,4
2010-04-08,20.87,57.83,,2010,4
2010-04-09,20.78,66.21,,2010,4
2010-04-10,19.45,81.88,,2010,4
2010-04-11,20.24,85.6,,2010,4
2010-04-12,19.57,86.1,,2010,4
2010-04-13,19.69,91.61,,2010,4
2010-04-14,20.27,90.56,,2010,4
2010-04-15,20.49,84.82,,2010,4
2010-04-16,20.43,76.44,,2010,4
2010-04-17,19.46,86.62,,2010,4
2010-04-18,19.64,91.83,,2010,4
2010-04-19,20.85,92.38,,2010,4
2010-04-20,21.48,90.56,,2010,4
2010-04-21,21.61,90.66,,2010,4
2010-04-22,21.43,89.09,,2010,4
2010-04-23,20.95,89.29,,2010,4
2010-04-24,20.46,89.65,,2010,4
2010-04-25,20.47,91.47,,2010,4
2010-04-26,19.86,89.94,,2010,4
2010-04-27,18.24,80.95,,2010,4
2010-04-28,19.57,72.31,,2010,4
2010-04-29,19.75,85.62,,2010,4
2010-04-30,20.24,79.5,,2010,4
2010-05-01,20.54,82.28,,2010,5
2010-05-02,20.35,89.59,,2010,5
2010-05-03,18.81,90.19,,2010,5
2010-05-04,19.26,82.53,,2010,5
2010-05-05,19.71,88.25,,2010,5
2010-05-06,18.93,93.45,,2010,5
2010-05-07,19.39,92.81,,2010,5
2010-05-08,19.82,89.34,,2010,5
2010-05-09,20.52,88.93,,2010,5
2010-05-10,21.73,87.74,,2010,5
2010-05-11,22.21,90.49,,2010,5
2010-05-12,21.98,90.57,,2010,5
2010-05-13,21.85,92.0,,2010,5
2010-05-14,21.27,90.82,,2010,5
2010-05-15,21.16,89.53,,2010,5
2010-05-16,21.19,89.02,,2010,5
2010-05-17,21.92,83.75,,2010,5
2010-05-18,21.76,81.2,,2010,5
2010-05-19,21.47,91.56,,2010,5
2010-05-20,21.71,95.37,,2010,5
2010-05-21,20.54,93.39,,2010,5
2010-05-22,20.94,89.98,,2010,5
2010-05-23,21.03,90.57,,2010,5
2010-05-24,20.34,92.07,,2010,5
2010-05-25,21.06,81.91,,2010,5
2010-05-26,21.33,85.23,,2010,5
2010-05-27,20.62,91.78,,2010,5
2010-05-28,20.19,88.15,,2010,5
2010-05-29,20.55,81.85,,2010,5
2010-05-30,21.08,96.18,,2010,5
2010-05-31,21.57,92.03,,2010,5
2010-06-01,21.77,92.85,,2010,6
2010-06-02,21.99,90.11,,2010,6
2010-06-03,20.49,91.73,,2010,6
2010-06-04,20.82,92.98,,2010,6
2010-06-05,20.73,94.26,,2010,6
2010-06-06,21.32,92.76,,2010,6
2010-06-07,21.9,92.6,,2010,6
2010-06-08,21.55,89.37,,2010,6
2010-06-09,21.6,90.41,,2010,6
2010-06-10,21.61,93.88,,2010,6
2010-06-11,21.22,93.09,,2010,6
2010-06-12,21.59,87.65,,2010,6
2010-06-13,20.84,93.78,,2010,6
2010-06-14,20.97,95.57,,2010,6
2010-06-15,22.33,91.1,,2010,6
2010-06-16,22.51,85.94,,2010,6
2010-06-17,22.32,91.6,,2010,6
2010-06-18,22.66,89.64,,2010,6
2010-06-19,22.87,90.5,,2010,6
2010-06-20,21.96,95.64,,2010,6
2010-06-21,22.26,91.91,,2010,6
2010-06-22,22.28,92.05,,2010,6
2010-06-23,22.22,89.88,,2010,6
2010-06-24,22.28,87.96,,2010,6
2010-06-25,22.0,92.57,,2010,6
2010-06-26,21.78,93.79,,2010,6
2010-06-27,22.02,95.85,,2010,6
2010-06-28,21.28,96.43,,2010,6
2010-06-29,22.07,96.51,,2010,6
2010-06-30,21.73,92.02,,2010,6
2010-07-01,21.97,90.06,,2010,7
2010-07-02,21.45,92.44,,2010,7
2010-07-03,22.77,85.96,,2010,7
2010-07-04,22.52,91.39,,2010,7
2010-07-05,21.78,93.93,,2010,7
2010-07-06,22.15,91.81,,2010,7
2010-07-07,22.08,92.16,,2010,7
2010-07-08,21.63,92.83,,2010,7
2010-07-09,22.14,93.17,,2010,7
2010-07-10,22.5,92.28,,2010,7
2010-07-11,22.91,93.26,,2010,7
2010-07-12,22.14,94.07,,2010,7
2010-07-13,22.3,90.92,,2010,7
2010-07-14,23.01,91.75,,2010,7
2010-07-15,22.76,90.78,,2010,7
2010-07-16,22.73,90.79,,2010,7
2010-07-17,22.11,93.8,,2010,7
2010-07-18,21.81,92.47,,2010,7
2010-07-19,21.85,93.51,,2010,7
2010-07-20,21.9,93.16,,2010,7
2010-07-21,22.14,93.07,,2010,7
2010-07-22,22.36,92.1,,2010,7
2010-07-23,22.83,93.65,,2010,7
2010-07-24,23.53,89.21,,2010,7
2010-07-25,22.77,89.16,,2010,7
2010-07-26,22.08,89.46,,2010,7
2010-07-27,22.5,88.82,,2010,7
2010-07-28,23.53,85.04,,2010,7
2010-07-29,22.17,91.8,,2010,7
2010-07-30,21.1,94.08,,2010,7
2010-07-31,21.31,91.3,,2010,7
2010-08-01,21.61,93.11,,2010,8
2010-08-02,22.53,87.76,,2010,8
2010-08-03,22.25,89.32,,2010,8
2010-08-04,21.76,93.18,,2010,8
2010-08-05,22.61,88.66,,2010,8
2010-08-06,22.75,89.45,,2010,8
2010-08-07,22.7,90.74,,2010,8
2010-08-08,22.62,88.59,,2010,8
2010-08-09,23.27,87.27,,2010,8
2010-08-10,22.88,89.25,,2010,8
2010-08-11,23.42,89.06,,2010,8
2010-08-12,23.08,92.53,,2010,8
2010-08-13,21.49,94.74,,2010,8
2010-08-14,22.11,92.22,,2010,8
2010-08-15,22.07,93.75,,2010,8
2010-08-16,22.54,92.45,,2010,8
2010-08-17,22.27,93.11,,2010,8
2010-08-18,22.08,94.29,,2010,8
2010-08-19,21.93,94.04,,2010,8
2010-08-20,21.74,95.66,,2010,8
2010-08-21,22.29,94.26,,2010,8
2010-08-22,20.91,95.28,,2010,8
2010-08-23,22.41,89.72,,2010,8
2010-08-24,23.64,86.84,,2010,8
2010-08-25,21.98,91.84,,2010,8
2010-08-26,22.63,90.69,,2010,8
2010-08-27,21.68,94.1,,2010,8
2010-08-28,21.71,95.66,,2010,8
2010-08-29,22.96,88.37,,2010,8
2010-08-30,22.64,90.55,,2010,8
2010-08-31,21.82,91.81,,2010,8
2010-09-01,22.06,90.49,,2010,9
2010-09-02,23.3,86.62,,2010,9
2010-09-03,21.71,96.36,,2010,9
2010-09-04,21.23,92.43,,2010,9
2010-09-05,21.89,91.13,,2010,9
2010-09-06,22.37,90.44,,2010,9
2010-09-07,22.51,91.14,,2010,9
2010-09-08,21.73,91.42,,2010,9
2010-09-09,21.67,92.78,,2010,9
2010-09-10,21.2,94.53,,2010,9
2010-09-11,20.99,91.92,,2010,9
2010-09-12,21.83,88.55,,2010,9
2010-09-13,21.25,96.03,,2010,9
2010-09-14,20.78,95.79,,2010,9
2010-09-15,20.32,96.7,,2010,9
2010-09-16,20.98,91.02,,2010,9
2010-09-17,21.37,91.37,,2010,9
2010-09-18,20.8,94.1,,2010,9
2010-09-19,21.14,93.89,,2010,9
2010-09-20,20.32,92.89,,2010,9
2010-09-21,19.99,94.65,,2010,9
2010-09-22,21.97,87.15,,2010,9
2010-09-23,21.56,88.96,,2010,9
2010-09-24,20.71,94.67,,2010,9
2010-09-25,20.39,94.76,,2010,9
2010-09-26,20.34,95.66,,2010,9
2010-09-27,21.16,93.33,,2010,9
2010-09-28,20.77,89.56,,2010,9
2010-09-29,21.21,88.14,,2010,9
2010-09-30,21.24,86.92,,2010,9
2010-10-01,21.58,89.18,,2010,10
2010-10-02,21.9,86.19,,2010,10
2010-10-03,21.86,84.78,,2010,10
2010-10-04,20.86,89.9,,2010,10
2010-10-05,20.67,91.19,,2010,10
2010-10-06,18.81,89.62,,2010,10
2010-10-07,18.07,94.53,,2010,10
2010-10-08,17.65,94.76,,2010,10
2010-10-09,19.83,90.09,,2010,10
2010-10-10,18.3,85.89,,2010,10
2010-10-11,18.27,83.82,,2010,10
2010-10-12,18.23,87.15,,2010,10
2010-10-13,19.46,89.61,,2010,10
2010-10-14,19.86,91.1,,2010,10
2010-10-15,20.19,92.59,,2010,10
2010-10-16,19.51,95.14,,2010,10
2010-10-17,20.19,90.49,,2010,10
2010-10-18,20.42,89.5,,2010,10
2010-10-19,20.98,87.61,,2010,10
2010-10-20,20.46,88.3,,2010,10
2010-10-21,19.79,88.87,,2010,10
2010-10-22,18.98,93.2,,2010,10
2010-10-23,19.72,91.99,,2010,10
2010-10-24,19.21,88.27,,2010,10
2010-10-25,19.31,83.07,,2010,10
2010-10-26,18.61,87.68,,2010,10
2010-10-27,18.15,89.92,,2010,10
2010-10-28,17.42,85.59,,2010,10
2010-10-29,16.25,86.45,,2010,10
2010-10-30,16.07,87.56,,2010,10
2010-10-31,17.72,81.88,,2010,10
2010-11-01,17.78,83.73,,2010,11
2010-11-02,17.03,88.07,,2010,11
2010-11-03,17.65,84.94,,2010,11
2010-11-04,17.03,86.27,,2010,11
2010-11-05,16.98,87.44,,2010,11
2010-11-06,18.12,75.48,,2010,11
2010-11-07,18.25,77.3,,2010,11
2010-11-08,17.45,83.05,,2010,11
2010-11-09,16.34,86.81,,2010,11
2010-11-10,16.63,83.84,,2010,11
2010-11-11,16.39,84.64,,2010,11
2010-11-12,16.07,86.31,,2010,11
2010-11-13,15.65,87.48,,2010,11
2010-11-14,15.92,87.56,,2010,11
2010-11-15,16.48,86.54,,2010,11
2010-11-16,16.01,86.42,,2010,11
2010-11-17,16.07,86.6,,2010,11
2010-11-18,16.37,83.61,,2010,11
2010-11-19,16.05,90.54,,2010,11
2010-11-20,14.47,92.16,,2010,11
2010-11-21,13.19,88.21,,2010,11
2010-11-22,13.91,85.48,,2010,11
2010-11-23,14.13,87.05,,2010,11
2010-11-24,14.86,87.39,,2010,11
2010-11-25,15.99,85.35,,2010,11
2010-11-26,15.73,90.71,,2010,11
2010-11-27,15.9,89.99,,2010,11
2010-11-28,15.87,89.47,,2010,11
2010-11-29,15.09,88.35,,2010,11
2010-11-30,12.77,81.86,,2010,11
2010-12-01,11.87,85.08,,2010,12
2010-12-02,12.33,79.53,,2010,12
2010-12-03,12.91,72.66,,2010,12
2010-12-04,14.23,69.15,,2010,12
2010-12-05,14.08,70.18,,2010,12
2010-12-06,15.44,72.74,,2010,12
2010-12-07,16.21,73.86,,2010,12
2010-12-08,15.22,85.1,,2010,12
2010-12-09,15.34,93.6,,2010,12
2010-12-10,15.86,88.42,,2010,12
2010-12-11,14.07,85.06,,2010,12
2010-12-12,9.91,86.17,,2010,12
2010-12-13,9.3,80.83,,2010,12
2010-12-14,10.56,84.37,,2010,12
2010-12-15,10.22,82.33,,2010,12
2010-12-16,11.6,74.27,,2010,12
2010-12-17,11.94,75.65,,2010,12
2010-12-18,11.22,81.45,,2010,12
2010-12-19,10.67,81.78,,2010,12
2010-12-20,11.03,61.63,,2010,12
2010-12-21,10.39,70.76,,2010,12
2010-12-22,10.31,82.17,,2010,12
2010-12-23,9.75,85.16,,2010,12
2010-12-24,9.78,78.13,,2010,12
2010-12-25,8.7,81.88,,2010,12
2010-12-26,9.88,79.52,,2010,12
2010-12-27,10.1,81.84,,2010,12
2010-12-28,10.35,81.74,,2010,12
2010-12-29,10.27,82.88,,2010,12
2010-12-30,12.11,74.82,,2010,12
2010-12-31,11.65,79.77,,2010,12
2011-01-01,10.7,88.42,,2011,1
2011-01-02,10.02,82.37,,2011,1
2011-01-03,10.63,79.98,,2011,1
2011-01-04,9.5,80.18,,2011,1
2011-01-05,9.91,81.94,,2011,1
2011-01-06,10.47,83.05,,2011,1
2011-01-07,11.27,77.76,,2011,1
2011-01-08,11.37,71.44,,2011,1
2011-01-09,11.73,66.21,,2011,1
2011-01-10,10.2,70.46,,2011,1
2011-01-11,8.87,71.84,,2011,1
2011-01-12,8.33,80.92,,2011,1
2011-01-13,8.11,82.32,,2011,1
2011-01-14,9.21,69.03,,2011,1
2011-01-15,8.9,71.77,,2011,1
2011-01-16,9.0,83.64,,2011,1
2011-01-17,8.64,82.79,,2011,1
2011-01-18,6.87,82.03,,2011,1
2011-01-19,6.24,73.7,,2011,1
2011-01-20,7.41,76.62,,2011,1
2011-01-21,7.78,81.7,,2011,1
2011-01-22,8.9,76.92,,2011,1
2011-01-23,9.27,78.78,,2011,1
2011-01-24,9.98,74.42,,2011,1
2011-01-25,10.37,77.41,,2011,1
2011-01-26,11.24,73.87,,2011,1
2011-01-27,10.73,80.21,,2011,1
2011-01-28,9.93,68.28,,2011,1
2011-01-29,9.38,75.77,,2011,1
2011-01-30,10.69,75.82,,2011,1
2011-01-31,11.62,76.0,,2011,1
2011-02-01,10.87,80.62,,2011,2
2011-02-02,11.04,82.6,,2011,2
2011-02-03,11.71,77.02,,2011,2
2011-02-04,13.28,68.83,,2011,2
2011-02-05,13.18,64.91,,2011,2
2011-02-06,13.13,73.61,,2011,2
2011-02-07,12.84,79.83,,2011,2
2011-02-08,11.57,79.42,,2011,2
2011-02-09,12.46,69.37,,2011,2
2011-02-10,12.12,53.91,,2011,2
2011-02-11,12.48,52.57,,2011,2
2011-02-12,11.92,59.84,,2011,2
2011-02-13,12.29,63.44,,2011,2
2011-02-14,13.17,66.08,,2011,2
2011-02-15,13.78,76.43,,2011,2
2011-02-16,13.51,89.32,,2011,2
2011-02-17,13.15,88.11,,2011,2
2011-02-18,10.95,79.82,,2011,2
2011-02-19,11.81,73.94,,2011,2
2011-02-20,12.08,75.32,,2011,2
2011-02-21,12.65,64.09,,2011,2
2011-02-22,11.86,70.82,,2011,2
2011-02-23,13.45,57.56,,2011,2
2011-02-24,13.97,63.55,,2011,2
2011-02-25,13.81,64.48,,2011,2
2011-02-26,14.57,63.87,,2011,2
2011-02-27,13.96,62.32,,2011,2
2011-02-28,13.1,53.82,,2011,2
2011-03-01,13.61,57.88,,2011,3
2011-03-02,14.84,57.48,,2011,3
2011-03-03,16.01,54.8,,2011,3
2011-03-04,15.35,61.8,,2011,3
2011-03-05,15.1,70.79,,2011,3
2011-03-06,15.05,56.87,,2011,3
2011-03-07,14.91,44.22,,2011,3
2011-03-08,14.83,50.4,,2011,3
2011-03-09,15.54,54.68,,2011,3
2011-03-10,15.82,65.36,,2011,3
2011-03-11,17.17,66.48,,2011,3
2011-03-12,15.76,78.42,,2011,3
2011-03-13,15.43,67.43,,2011,3
2011-03-14,15.43,53.84,,2011,3
2011-03-15,15.46,66.79,,2011,3
2011-03-16,17.46,51.76,,2011,3
2011-03-17,14.5,84.35,,2011,3
2011-03-18,15.19,90.75,,2011,3
2011-03-19,17.04,88.01,,2011,3
2011-03-20,18.54,85.89,,2011,3
2011-03-21,17.72,83.74,,2011,3
2011-03-22,17.7,87.44,,2011,3
2011-03-23,17.37,81.86,,2011,3
2011-03-24,18.06,65.02,,2011,3
2011-03-25,17.29,61.67,,2011,3
2011-03-26,17.29,79.1,,2011,3
2011-03-27,17.27,70.58,,2011,3
2011-03-28,15.85,77.6,,2011,3
2011-03-29,15.26,84.7,,2011,3
2011-03-30,15.93,89.42,,2011,3
2011-03-31,17.19,90.27,,2011,3
2011-04-01,16.59,82.52,,2011,4
2011-04-02,16.3,83.84,,2011,4
2011-04-03,17.49,79.86,,2011,4
2011-04-04,17.3,80.64,,2011,4
2011-04-05,17.77,79.58,,2011,4
2011-04-06,17.21,72.28,,2011,4
2011-04-07,17.04,63.62,,2011,4
2011-04-08,18.84,55.33,,2011,4
2011-04-09,19.9,58.96,,2011,4
2011-04-10,17.71,72.45,,2011,4
2011-04-11,18.56,69.66,,2011,4
2011-04-12,19.59,65.21,,2011,4
2011-04-13,20.22,67.49,,2011,4
2011-04-14,19.12,77.29,,2011,4
2011-04-15,18.41,76.57,,2011,4
2011-04-16,19.39,66.77,,2011,4
2011-04-17,20.55,66.87,,2011,4
2011-04-18,20.19,76.08,,2011,4
2011-04-19,19.55,83.03,,2011,4
2011-04-20,19.19,87.45,,2011,4
2011-04-21,18.95,85.96,,2011,4
2011-04-22,19.69,80.99,,2011,4
2011-04-23,18.1,79.13,,2011,4
2011-04-24,18.5,73.75,,2011,4
2011-04-25,17.37,78.82,,2011,4
2011-04-26,18.73,70.16,,2011,4
2011-04-27,19.09,74.3,,2011,4
2011-04-28,19.22,75.04,,2011,4
2011-04-29,19.34,76.49,,2011,4
2011-04-30,20.14,76.3,,2011,4
2011-05-01,19.58,84.66,,2011,5
2011-05-02,19.79,87.44,,2011,5
2011-05-03,20.31,86.75,,2011,5
2011-05-04,19.2,91.64,,2011,5
2011-05-05,19.88,82.9,,2011,5
2011-05-06,20.31,80.03,,2011,5
2011-05-07,20.32,80.72,,2011,5
2011-05-08,20.15,83.48,,2011,5
2011-05-09,20.37,75.81,,2011,5
2011-05-10,20.77,74.29,,2011,5
2011-05-11,20.38,86.02,,2011,5
2011-05-12,21.22,80.84,,2011,5
2011-05-13,20.92,85.73,,2011,5
2011-05-14,21.18,86.16,,2011,5
2011-05-15,20.83,85.86,,2011,5
2011-05-16,21.06,82.21,,2011,5
2011-05-17,22.02,80.51,,2011,5
2011-05-18,21.9,86.79,,2011,5
2011-05-19,20.53,89.57,,2011,5
2011-05-20,20.3,88.04,,2011,5
2011-05-21,21.15,92.89,,2011,5
2011-05-22,21.77,88.21,,2011,5
2011-05-23,21.29,89.85,,2011,5
2011-05-24,20.78,87.82,,2011,5
2011-05-25,21.62,79.22,,2011,5
2011-05-26,21.91,82.59,,2011,5
2011-05-27,21.37,92.71,,2011,5
2011-05-28,23.06,74.49,,2011,5
2011-05-29,21.57,89.25,,2011,5
2011-05-30,20.97,91.42,,2011,5
2011-05-31,21.64,91.87,,2011,5
2011-06-01,20.07,91.46,,2011,6
2011-06-02,20.15,84.68,,2011,6
2011-06-03,20.05,89.28,,2011,6
2011-06-04,21.18,88.91,,2011,6
2011-06-05,21.53,86.2,,2011,6
2011-06-06,22.44,79.99,,2011,6
2011-06-07,22.37,85.11,,2011,6
2011-06-08,21.66,87.89,,2011,6
2011-06-09,22.58,85.9,,2011,6
2011-06-10,22.85,83.13,,2011,6
2011-06-11,21.72,88.47,,2011,6
2011-06-12,21.15,81.48,,2011,6
2011-06-13,22.4,79.78,,2011,6
2011-06-14,22.47,88.12,,2011,6
2011-06-15,21.9,91.51,,2011,6
2011-06-16,22.56,87.69,,2011,6
2011-06-17,22.56,87.51,,2011,6
2011-06-18,22.88,84.51,,2011,6
2011-06-19,21.99,87.56,,2011,6
2011-06-20,22.6,87.06,,2011,6
2011-06-21,22.16,89.5,,2011,6
2011-06-22,22.99,87.29,,2011,6
2011-06-23,23.27,91.03,,2011,6
2011-06-24,23.06,90.68,,2011,6
2011-06-25,22.19,93.96,,2011,6
2011-06-26,22.61,92.09,,2011,6
2011-06-27,21.36,94.16,,2011,6
2011-06-28,21.66,91.83,,2011,6
2011-06-29,21.41,93.52,,2011,6
2011-06-30,21.7,93.11,,2011,6
2011-07-01,22.23,92.35,,2011,7
2011-07-02,21.51,95.64,,2011,7
2011-07-03,21.06,92.86,,2011,7
2011-07-04,21.55,90.93,,2011,7
2011-07-05,21.51,90.33,,2011,7
2011-07-06,21.44,90.15,,2011,7
2011-07-07,21.47,91.21,,2011,7
2011-07-08,21.46,90.6,,2011,7
2011-07-09,22.06,90.45,,2011,7
2011-07-10,22.96,90.46,,2011,7
2011-07-11,23.59,87.37,,2011,7
2011-07-12,22.99,91.02,,2011,7
2011-07-13,21.51,91.46,,2011,7
2011-07-14,22.4,90.87,,2011,7
2011-07-15,21.58,93.86,,2011,7
2011-07-16,21.96,92.18,,2011,7
2011-07-17,22.51,87.55,,2011,7
2011-07-18,21.74,94.53,,2011,7
2011-07-19,21.94,96.84,,2011,7
2011-07-20,22.18,92.51,,2011,7
2011-07-21,21.85,90.81,,2011,7
2011-07-22,21.92,90.84,,2011,7
2011-07-23,21.22,91.81,,2011,7
2011-07-24,22.44,84.79,,2011,7
2011-07-25,22.76,89.52,,2011,7
2011-07-26,22.07,92.51,,2011,7
2011-07-27,22.17,91.3,,2011,7
2011-07-28,22.51,90.12,,2011,7
2011-07-29,21.57,91.28,,2011,7
2011-07-30,22.5,90.47,,2011,7
2011-07-31,23.51,86.48,,2011,7
2011-08-01,24.26,85.88,,2011,8
2011-08-02,23.9,87.8,,2011,8
2011-08-03,22.54,90.05,,2011,8
2011-08-04,21.89,92.65,,2011,8
2011-08-05,21.97,94.45,,2011,8
2011-08-06,21.49,93.11,,2011,8
2011-08-07,21.71,95.29,,2011,8
2011-08-08,21.24,92.2,,2011,8
2011-08-09,20.72,96.92,,2011,8
2011-08-10,20.04,93.04,,2011,8
2011-08-11,21.68,86.53,,2011,8
2011-08-12,21.26,92.14,,2011,8
2011-08-13,20.93,92.91,,2011,8
2011-08-14,21.09,93.69,,2011,8
2011-08-15,20.53,94.86,,2011,8
2011-08-16,19.13,95.38,,2011,8
2011-08-17,19.7,93.34,,2011,8
2011-08-18,19.99,94.65,,2011,8
2011-08-19,21.98,87.51,,2011,8
2011-08-20,22.82,87.9,,2011,8
2011-08-21,23.02,91.49,,2011,8
2011-08-22,21.82,92.41,,2011,8
2011-08-23,21.88,92.3,,2011,8
2011-08-24,21.82,92.08,,2011,8
2011-08-25,21.2,92.85,,2011,8
2011-08-26,21.26,87.48,,2011,8
2011-08-27,21.36,87.85,,2011,8
2011-08-28,21.24,86.6,,2011,8
2011-08-29,22.1,86.26,,2011,8
2011-08-30,23.11,86.88,,2011,8
2011-08-31,23.56,86.16,,2011,8
2011-09-01,22.62,90.17,,2011,9
2011-09-02,21.87,89.62,,2011,9
2011-09-03,22.51,85.53,,2011,9
2011-09-04,22.4,87.57,,2011,9
2011-09-05,22.25,89.58,,2011,9
2011-09-06,22.13,90.12,,2011,9
2011-09-07,21.04,95.45,,2011,9
2011-09-08,20.65,93.24,,2011,9
2011-09-09,21.47,91.51,,2011,9
2011-09-10,21.9,89.46,,2011,9
2011-09-11,22.77,84.17,,2011,9
2011-09-12,22.39,87.76,,2011,9
2011-09-13,23.09,85.58,,2011,9
2011-09-14,20.55,94.01,,2011,9
2011-09-15,20.18,93.78,,2011,9
2011-09-16,20.67,96.22,,2011,9
2011-09-17,20.89,94.47,,2011,9
2011-09-18,20.36,94.6,,2011,9
2011-09-19,21.95,88.32,,2011,9
2011-09-20,22.46,89.84,,2011,9
2011-09-21,21.57,92.63,,2011,9
2011-09-22,21.32,94.73,,2011,9
2011-09-23,19.72,94.54,,2011,9
2011-09-24,20.63,92.53,,2011,9
2011-09-25,20.0,92.2,,2011,9
2011-09-26,20.62,90.46,,2011,9
2011-09-27,20.58,93.49,,2011,9
2011-09-28,22.02,88.08,,2011,9
2011-09-29,21.9,86.41,,2011,9
2011-09-30,22.35,86.25,,2011,9
2011-10-01,22.33,83.55,,2011,10
2011-10-02,21.57,87.02,,2011,10
2011-10-03,21.42,85.46,,2011,10
2011-10-04,20.43,89.38,,2011,10
2011-10-05,20.26,87.34,,2011,10
2011-10-06,20.66,83.69,,2011,10
2011-10-07,20.98,81.94,,2011,10
2011-10-08,20.67,79.96,,2011,10
2011-10-09,20.32,83.15,,2011,10
2011-10-10,20.49,85.57,,2011,10
2011-10-11,20.71,83.62,,2011,10
2011-10-12,20.32,80.6,,2011,10
2011-10-13,20.13,82.38,,2011,10
2011-10-14,19.71,88.38,,2011,10
2011-10-15,19.99,83.67,,2011,10
2011-10-16,19.82,84.28,,2011,10
2011-10-17,19.74,86.36,,2011,10
2011-10-18,19.59,88.08,,2011,10
2011-10-19,19.15,93.15,,2011,10
2011-10-20,18.94,88.55,,2011,10
2011-10-21,18.73,91.22,,2011,10
2011-10-22,18.01,89.93,,2011,10
2011-10-23,17.69,84.66,,2011,10
2011-10-24,17.76,85.58,,2011,10
2011-10-25,17.56,80.49,,2011,10
2011-10-26,17.72,83.61,,2011,10
2011-10-27,18.23,76.64,,2011,10
2011-10-28,16.85,84.29,,2011,10
2011-10-29,16.6,79.7,,2011,10
2011-10-30,17.25,79.41,,2011,10
2011-10-31,16.59,79.5,,2011,10
2011-11-01,15.36,84.84,,2011,11
2011-11-02,14.74,81.33,,2011,11
2011-11-03,14.24,80.22,,2011,11
2011-11-04,14.74,79.65,,2011,11
2011-11-05,15.19,81.98,,2011,11
2011-11-06,14.86,82.04,,2011,11
2011-11-07,14.08,83.03,,2011,11
2011-11-08,14.57,74.96,,2011,11
2011-11-09,15.95,60.59,,2011,11
2011-11-10,16.21,68.32,,2011,11
2011-11-11,14.45,80.92,,2011,11
2011-11-12,13.97,87.74,,2011,11
2011-11-13,14.58,84.92,,2011,11
2011-11-14,14.79,83.99,,2011,11
2011-11-15,13.67,89.26,,2011,11
2011-11-16,13.51,84.07,,2011,11
2011-11-17,13.73,80.27,,2011,11
2011-11-18,14.13,79.17,,2011,11
2011-11-19,14.0,81.32,,2011,11
2011-11-20,13.14,86.46,,2011,11
2011-11-21,13.76,84.79,,2011,11
2011-11-22,14.19,82.35,,2011,11
2011-11-23,13.06,85.79,,2011,11
2011-11-24,14.95,74.59,,2011,11
2011-11-25,15.9,68.64,,2011,11
2011-11-26,15.14,71.12,,2011,11
2011-11-27,14.09,82.49,,2011,11
2011-11-28,13.21,81.18,,2011,11
2011-11-29,13.76,87.07,,2011,11
2011-11-30,14.41,85.52,,2011,11
2011-12-01,14.88,87.54,,2011,12
2011-12-02,15.13,86.4,,2011,12
2011-12-03,14.11,89.98,,2011,12
2011-12-04,13.57,91.93,,2011,12
2011-12-05,14.07,85.95,,2011,12
2011-12-06,14.29,84.25,,2011,12
2011-12-07,14.53,82.78,,2011,12
2011-12-08,14.53,85.2,,2011,12
2011-12-09,13.82,87.76,,2011,12
2011-12-10,12.28,88.81,,2011,12
2011-12-11,11.88,81.91,,2011,12
2011-12-12,11.08,83.71,,2011,12
2011-12-13,10.43,84.67,,2011,12
2011-12-14,10.15,85.79,,2011,12
2011-12-15,9.52,83.27,,2011,12
2011-12-16,9.58,81.61,,2011,12
2011-12-17,9.99,75.11,,2011,12
2011-12-18,10.67,68.0,,2011,12
2011-12-19,10.84,69.24,,2011,12
2011-12-20,10.42,73.65,,2011,12
2011-12-21,9.68,81.14,,2011,12
2011-12-22,10.41,73.21,,2011,12
2011-12-23,10.23,67.66,,2011,12
2011-12-24,10.84,67.35,,2011,12
2011-12-25,12.1,69.44,,2011,12
2011-12-26,12.32,73.23,,2011,12
2011-12-27,12.73,67.38,,2011,12
2011-12-28,13.65,67.93,,2011,12
2011-12-29,12.82,68.55,,2011,12
2011-12-30,12.68,65.81,,2011,12
2011-12-31,11.74,71.96,,2011,12
2012-01-01,13.66,64.83,,2012,1
2012-01-02,11.97,77.96,,2012,1
2012-01-03,10.76,85.6,,2012,1
2012-01-04,9.19,78.98,,2012,1
2012-01-05,9.31,76.22,,2012,1
2012-01-06,10.27,81.61,,2012,1
2012-01-07,10.38,83.19,,2012,1
2012-01-08,11.26,78.16,,2012,1
2012-01-09,11.96,79.53,,2012,1
2012-01-10,11.27,85.46,,2012,1
2012-01-11,10.98,80.46,,2012,1
2012-01-12,9.23,82.69,,2012,1
2012-01-13,7.35,82.17,,2012,1
2012-01-14,7.2,80.44,,2012,1
2012-01-15,7.94,76.9,,2012,1
2012-01-16,8.46,74.61,,2012,1
2012-01-17,8.49,75.84,,2012,1
2012-01-18,8.96,84.73,,2012,1
2012-01-19,9.43,78.31,,2012,1
2012-01-20,9.58,82.39,,2012,1
2012-01-21,9.23,87.02,,2012,1
2012-01-22,7.56,79.21,,2012,1
2012-01-23,8.52,78.36,,2012,1
2012-01-24,8.65,64.51,,2012,1
2012-01-25,8.62,56.67,,2012,1
2012-01-26,8.56,61.91,,2012,1
2012-01-27,8.98,75.45,,2012,1
2012-01-28,8.83,68.0,,2012,1
2012-01-29,8.36,77.97,,2012,1
2012-01-30,10.23,66.44,,2012,1
2012-01-31,10.15,61.01,,2012,1
2012-02-01,9.98,55.54,,2012,2
2012-02-02,9.47,50.31,,2012,2
2012-02-03,10.19,59.52,,2012,2
2012-02-04,11.48,59.92,,2012,2
2012-02-05,11.72,64.44,,2012,2
2012-02-06,10.7,69.2,,2012,2
2012-02-07,11.22,72.47,,2012,2
2012-02-08,12.48,57.83,,2012,2
2012-02-09,12.79,80.93,,2012,2
2012-02-10,10.65,63.37,,2012,2
2012-02-11,9.51,45.61,,2012,2
2012-02-12,8.73,52.17,,2012,2
2012-02-13,11.62,53.03,,2012,2
2012-02-14,12.92,54.97,,2012,2
2012-02-15,14.0,62.99,,2012,2
2012-02-16,14.29,66.76,,2012,2
2012-02-17,14.05,68.73,,2012,2
2012-02-18,12.79,70.31,,2012,2
2012-02-19,12.74,49.28,,2012,2
2012-02-20,12.47,45.95,,2012,2
2012-02-21,12.98,51.68,,2012,2
2012-02-22,14.04,62.09,,2012,2
2012-02-23,13.65,68.0,,2012,2
2012-02-24,14.07,59.68,,2012,2
2012-02-25,14.52,51.73,,2012,2
2012-02-26,13.38,53.68,,2012,2
2012-02-27,13.22,45.75,,2012,2
2012-02-28,12.4,44.9,,2012,2
2012-02-29,11.89,65.12,,2012,2
2012-03-01,12.46,76.51,,2012,3
2012-03-02,12.06,54.66,,2012,3
2012-03-03,13.53,44.47,,2012,3
2012-03-04,12.86,56.19,,2012,3
2012-03-05,14.39,60.74,,2012,3
2012-03-06,14.62,67.31,,2012,3
2012-03-07,14.23,75.75,,2012,3
2012-03-08,14.68,78.6,,2012,3
2012-03-09,14.98,52.6,,2012,3
2012-03-10,15.8,61.42,,2012,3
2012-03-11,15.45,45.39,,2012,3
2012-03-12,14.51,39.74,,2012,3
2012-03-13,14.81,56.24,,2012,3
2012-03-14,14.24,76.65,,2012,3
2012-03-15,13.78,64.86,,2012,3
2012-03-16,13.71,53.6,,2012,3
2012-03-17,15.8,50.39,,2012,3
2012-03-18,15.38,61.44,,2012,3
2012-03-19,17.47,64.03,,2012,3
2012-03-20,17.95,71.48,,2012,3
2012-03-21,17.75,73.15,,2012,3
2012-03-22,16.98,60.71,,2012,3
2012-03-23,17.31,35.97,,2012,3
2012-03-24,16.29,46.16,,2012,3
2012-03-25,18.38,41.3,,2012,3
2012-03-26,18.78,56.58,,2012,3
2012-03-27,19.53,52.03,,2012,3
2012-03-28,18.72,57.02,,2012,3
2012-03-29,18.78,50.46,,2012,3
2012-03-30,19.53,44.24,,2012,3
2012-03-31,19.96,45.61,,2012,3
2012-04-01,20.2,54.4,,2012,4
2012-04-02,21.67,52.5,,2012,4
2012-04-03,21.71,53.85,,2012,4
2012-04-04,19.3,77.96,,2012,4
2012-04-05,18.66,76.99,,2012,4
2012-04-06,16.24,91.3,,2012,4
2012-04-07,15.53,90.29,,2012,4
2012-04-08,16.74,88.01,,2012,4
2012-04-09,17.8,91.05,,2012,4
2012-04-10,16.54,84.96,,2012,4
2012-04-11,16.89,91.92,,2012,4
2012-04-12,18.17,89.74,,2012,4
2012-04-13,17.87,91.91,,2012,4
2012-04-14,18.58,86.8,,2012,4
2012-04-15,18.06,87.28,,2012,4
2012-04-16,18.4,82.25,,2012,4
2012-04-17,18.26,82.35,,2012,4
2012-04-18,18.45,87.91,,2012,4
2012-04-19,19.44,87.79,,2012,4
2012-04-20,19.93,85.21,,2012,4
2012-04-21,19.8,85.21,,2012,4
2012-04-22,19.53,80.25,,2012,4
2012-04-23,19.46,74.1,,2012,4
2012-04-24,20.61,87.26,,2012,4
2012-04-25,20.7,87.31,,2012,4
2012-04-26,20.26,88.21,,2012,4
2012-04-27,20.44,88.36,,2012,4
2012-04-28,20.61,87.57,,2012,4
2012-04-29,20.83,85.09,,2012,4
2012-04-30,20.5,88.53,,2012,4
2012-05-01,20.05,90.05,,2012,5
2012-05-02,19.83,84.25,,2012,5
2012-05-03,19.7,74.26,,2012,5
2012-05-04,18.86,73.23,,2012,5
2012-05-05,18.55,77.7,,2012,5
2012-05-06,20.57,67.93,,2012,5
2012-05-07,20.62,63.3,,2012,5
2012-05-08,21.52,60.74,,2012,5
2012-05-09,21.4,72.4,,2012,5
2012-05-10,21.25,80.83,,2012,5
2012-05-11,20.52,85.09,,2012,5
2012-05-12,20.62,87.2,,2012,5
2012-05-13,20.92,90.74,,2012,5
2012-05-14,21.95,89.51,,2012,5
2012-05-15,22.06,88.75,,2012,5
2012-05-16,21.07,87.64,,2012,5
2012-05-17,21.17,81.32,,2012,5
2012-05-18,22.4,72.5,,2012,5
2012-05-19,22.22,82.18,,2012,5
2012-05-20,21.97,81.19,,2012,5
2012-05-21,21.45,83.01,,2012,5
2012-05-22,21.35,87.14,,2012,5
2012-05-23,21.65,89.23,,2012,5
2012-05-24,21.83,88.88,,2012,5
2012-05-25,22.26,79.29,,2012,5
2012-05-26,22.98,73.26,,2012,5
2012-05-27,22.33,83.57,,2012,5
2012-05-28,21.68,93.16,,2012,5
2012-05-29,23.24,83.73,,2012,5
2012-05-30,23.35,86.87,,2012,5
2012-05-31,21.99,92.48,,2012,5
2012-06-01,21.63,95.39,,2012,6
2012-06-02,21.98,92.36,,2012,6
2012-06-03,22.4,93.07,,2012,6
2012-06-04,22.03,92.8,,2012,6
2012-06-05,22.21,90.83,,2012,6
2012-06-06,21.73,87.32,,2012,6
2012-06-07,21.92,85.36,,2012,6
2012-06-08,22.17,89.9,,2012,6
2012-06-09,22.74,88.89,,2012,6
2012-06-10,22.06,93.45,,2012,6
2012-06-11,21.48,90.58,,2012,6
2012-06-12,22.02,89.19,,2012,6
2012-06-13,22.28,91.24,,2012,6
2012-06-14,22.67,92.98,,2012,6
2012-06-15,22.16,93.62,,2012,6
2012-06-16,21.32,92.49,,2012,6
2012-06-17,21.89,86.85,,2012,6
2012-06-18,23.7,83.52,,2012,6
2012-06-19,22.73,87.99,,2012,6
2012-06-20,22.7,91.64,,2012,6
2012-06-21,22.37,94.43,,2012,6
2012-06-22,21.59,96.04,,2012,6
2012-06-23,21.4,94.91,,2012,6
2012-06-24,22.36,96.17,,2012,6
2012-06-25,21.83,96.46,,2012,6
2012-06-26,21.98,95.65,,2012,6
2012-06-27,21.67,95.62,,2012,6
2012-06-28,21.55,92.39,,2012,6
2012-06-29,22.59,84.75,,2012,6
2012-06-30,23.34,85.2,,2012,6
2012-07-01,23.78,87.27,,2012,7
2012-07-02,23.71,88.52,,2012,7
2012-07-03,22.14,92.76,,2012,7
2012-07-04,21.66,92.8,,2012,7
2012-07-05,22.39,91.78,,2012,7
2012-07-06,22.49,90.68,,2012,7
2012-07-07,22.48,91.71,,2012,7
2012-07-08,22.62,91.42,,2012,7
2012-07-09,22.33,90.65,,2012,7
2012-07-10,22.7,89.9,,2012,7
2012-07-11,22.51,93.67,,2012,7
2012-07-12,22.9,95.28,,2012,7
2012-07-13,22.63,95.46,,2012,7
2012-07-14,22.42,95.02,,2012,7
2012-07-15,21.84,95.81,,2012,7
2012-07-16,21.76,94.67,,2012,7
2012-07-17,22.13,95.46,,2012,7
2012-07-18,23.03,93.33,,2012,7
2012-07-19,22.81,92.92,,2012,7
2012-07-20,23.04,90.98,,2012,7
2012-07-21,22.36,95.07,,2012,7
2012-07-22,22.24,94.07,,2012,7
2012-07-23,22.12,94.72,,2012,7
2012-07-24,22.48,94.24,,2012,7
2012-07-25,22.9,90.96,,2012,7
2012-07-26,23.28,92.61,,2012,7
2012-07-27,22.54,93.44,,2012,7
2012-07-28,22.03,94.35,,2012,7
2012-07-29,22.77,89.95,,2012,7
2012-07-30,22.3,90.66,,2012,7
2012-07-31,22.46,91.36,,2012,7
2012-08-01,22.22,94.23,,2012,8
2012-08-02,21.68,96.73,,2012,8
2012-08-03,21.98,93.53,,2012,8
2012-08-04,22.34,92.91,,2012,8
2012-08-05,22.76,90.67,,2012,8
2012-08-06,22.06,95.07,,2012,8
2012-08-07,21.86,95.04,,2012,8
2012-08-08,21.91,96.83,,2012,8
2012-08-09,23.22,88.17,,2012,8
2012-08-10,22.42,92.8,,2012,8
2012-08-11,21.84,92.59,,2012,8
2012-08-12,21.5,95.2,,2012,8
2012-08-13,21.84,93.51,,2012,8
2012-08-14,22.76,91.4,,2012,8
2012-08-15,23.74,87.58,,2012,8
2012-08-16,23.33,90.44,,2012,8
2012-08-17,23.85,88.9,,2012,8
2012-08-18,24.02,87.3,,2012,8
2012-08-19,22.36,94.49,,2012,8
2012-08-20,21.03,96.14,,2012,8
2012-08-21,22.03,95.16,,2012,8
2012-08-22,21.93,94.73,,2012,8
2012-08-23,21.57,95.82,,2012,8
2012-08-24,22.59,88.19,,2012,8
2012-08-25,22.06,96.39,,2012,8
2012-08-26,22.07,94.55,,2012,8
2012-08-27,21.82,93.86,,2012,8
2012-08-28,22.69,91.12,,2012,8
2012-08-29,23.19,92.2,,2012,8
2012-08-30,22.25,97.16,,2012,8
2012-08-31,22.35,93.02,,2012,8
2012-09-01,22.25,95.54,,2012,9
2012-09-02,21.75,96.05,,2012,9
2012-09-03,21.22,94.67,,2012,9
2012-09-04,20.39,94.91,,2012,9
2012-09-05,20.46,92.42,,2012,9
2012-09-06,22.02,86.72,,2012,9
2012-09-07,23.66,84.79,,2012,9
2012-09-08,23.81,88.02,,2012,9
2012-09-09,22.78,91.56,,2012,9
2012-09-10,21.6,92.55,,2012,9
2012-09-11,21.73,95.91,,2012,9
2012-09-12,21.51,96.33,,2012,9
2012-09-13,21.29,95.64,,2012,9
2012-09-14,20.71,96.34,,2012,9
2012-09-15,20.83,92.63,,2012,9
2012-09-16,20.79,94.09,,2012,9
2012-09-17,21.49,91.74,,2012,9
2012-09-18,21.79,93.64,,2012,9
2012-09-19,21.83,94.58,,2012,9
2012-09-20,21.72,95.56,,2012,9
2012-09-21,21.77,96.24,,2012,9
2012-09-22,21.45,96.93,,2012,9
2012-09-23,21.68,97.65,,2012,9
2012-09-24,20.78,94.44,,2012,9
2012-09-25,21.0,89.62,,2012,9
2012-09-26,21.42,88.78,,2012,9
2012-09-27,22.23,89.07,,2012,9
2012-09-28,23.03,83.93,,2012,9
2012-09-29,22.2,89.93,,2012,9
2012-09-30,20.61,95.07,,2012,9
2012-10-01,20.79,93.13,,2012,10
2012-10-02,21.14,97.0,,2012,10
2012-10-03,21.22,97.51,,2012,10
2012-10-04,20.38,97.25,,2012,10
2012-10-05,21.14,90.01,,2012,10
2012-10-06,20.13,89.25,,2012,10
2012-10-07,21.64,85.06,,2012,10
2012-10-08,21.8,86.89,,2012,10
2012-10-09,21.14,88.93,,2012,10
2012-10-10,20.39,93.48,,2012,10
2012-10-11,20.08,94.29,,2012,10
2012-10-12,19.43,90.63,,2012,10
2012-10-13,18.0,77.62,,2012,10
2012-10-14,19.08,74.98,,2012,10
2012-10-15,19.63,80.12,,2012,10
2012-10-16,19.88,74.38,,2012,10
2012-10-17,19.57,79.32,,2012,10
2012-10-18,19.18,83.34,,2012,10
2012-10-19,19.53,75.18,,2012,10
2012-10-20,18.84,79.0,,2012,10
2012-10-21,18.24,83.53,,2012,10
2012-10-22,18.33,80.89,,2012,10
2012-10-23,17.67,87.7,,2012,10
2012-10-24,17.46,89.56,,2012,10
2012-10-25,16.79,70.97,,2012,10
2012-10-26,17.34,76.81,,2012,10
2012-10-27,17.94,80.59,,2012,10
2012-10-28,18.88,82.7,,2012,10
2012-10-29,19.01,80.78,,2012,10
2012-10-30,19.42,74.64,,2012,10
2012-10-31,18.9,77.77,,2012,10
2012-11-01,18.64,76.73,,2012,11
2012-11-02,17.54,72.23,,2012,11
2012-11-03,16.84,66.22,,2012,11
2012-11-04,16.62,79.56,,2012,11
2012-11-05,16.5,85.32,,2012,11
2012-11-06,17.63,96.35,,2012,11
2012-11-07,17.35,89.59,,2012,11
2012-11-08,13.72,77.15,,2012,11
2012-11-09,13.53,71.42,,2012,11
2012-11-10,14.47,78.65,,2012,11
2012-11-11,15.28,81.32,,2012,11
2012-11-12,15.5,84.35,,2012,11
2012-11-13,15.48,86.29,,2012,11
2012-11-14,15.07,79.88,,2012,11
2012-11-15,16.0,79.59,,2012,11
2012-11-16,14.62,85.47,,2012,11
2012-11-17,17.02,75.29,,2012,11
2012-11-18,16.92,83.58,,2012,11
2012-11-19,17.19,76.92,,2012,11
2012-11-20,16.9,75.85,,2012,11
2012-11-21,16.6,69.66,,2012,11
2012-11-22,14.48,64.46,,2012,11
2012-11-23,13.73,66.4,,2012,11
2012-11-24,12.72,65.12,,2012,11
2012-11-25,10.93,68.76,,2012,11
2012-11-26,11.97,65.83,,2012,11
2012-11-27,12.74,68.27,,2012,11
2012-11-28,12.93,70.68,,2012,11
2012-11-29,13.18,79.68,,2012,11
2012-11-30,13.18,81.19,,2012,11
2012-12-01,13.83,63.97,,2012,12
2012-12-02,13.57,79.06,,2012,12
2012-12-03,13.57,85.82,,2012,12
2012-12-04,14.22,67.37,,2012,12
2012-12-05,14.2,62.63,,2012,12
2012-12-06,14.85,75.42,,2012,12
2012-12-07,13.65,82.75,,2012,12
2012-12-08,12.37,83.95,,2012,12
2012-12-09,11.34,82.94,,2012,12
2012-12-10,11.61,66.55,,2012,12
2012-12-11,11.88,64.23,,2012,12
2012-12-12,11.78,89.48,,2012,12
2012-12-13,11.12,84.24,,2012,12
2012-12-14,11.77,65.97,,2012,12
2012-12-15,12.61,70.91,,2012,12
2012-12-16,12.88,75.13,,2012,12
2012-12-17,12.67,65.15,,2012,12
2012-12-18,12.55,77.11,,2012,12
2012-12-19,10.77,88.45,,2012,12
2012-12-20,8.4,82.02,,2012,12
2012-12-21,9.81,64.01,,2012,12
2012-12-22,10.2,69.77,,2012,12
2012-12-23,10.77,78.45,,2012,12
2012-12-24,12.96,72.41,,2012,12
2012-12-25,11.81,72.77,,2012,12
2012-12-26,10.41,66.13,,2012,12
2012-12-27,10.13,76.89,,2012,12
2012-12-28,10.71,71.84,,2012,12
2012-12-29,11.05,76.58,,2012,12
2012-12-30,11.06,77.53,,2012,12
2012-12-31,10.01,80.25,,2012,12
2013-01-01,12.02,62.2,,2013,1
2013-01-02,11.65,72.97,,2013,1
2013-01-03,10.7,79.52,,2013,1
2013-01-04,10.66,88.61,,2013,1
2013-01-05,9.95,66.17,,2013,1
2013-01-06,10.82,49.61,,2013,1
2013-01-07,8.54,67.08,,2013,1
2013-01-08,5.97,46.18,,2013,1
2013-01-09,6.04,51.76,,2013,1
2013-01-10,6.27,62.03,,2013,1
2013-01-11,7.22,72.75,,2013,1
2013-01-12,9.08,77.72,,2013,1
2013-01-13,9.82,81.62,,2013,1
2013-01-14,10.16,78.67,,2013,1
2013-01-15,10.79,74.38,,2013,1
2013-01-16,11.77,66.95,,2013,1
2013-01-17,12.86,68.81,,2013,1
2013-01-18,13.97,70.73,,2013,1
2013-01-19,13.76,72.79,,2013,1
2013-01-20,11.81,81.45,,2013,1
2013-01-21,11.58,48.0,,2013,1
2013-01-22,10.62,54.02,,2013,1
2013-01-23,11.26,65.21,,2013,1
2013-01-24,10.99,55.28,,2013,1
2013-01-25,10.25,41.6,,2013,1
2013-01-26,9.89,48.73,,2013,1
2013-01-27,10.61,55.36,,2013,1
2013-01-28,12.14,62.76,,2013,1
2013-01-29,12.1,71.71,,2013,1
2013-01-30,11.45,63.16,,2013,1
2013-01-31,13.29,57.4,,2013,1
2013-02-01,12.98,66.54,,2013,2
2013-02-02,13.29,66.62,,2013,2
2013-02-03,12.88,71.43,,2013,2
2013-02-04,14.33,62.57,,2013,2
2013-02-05,15.29,71.1,,2013,2
2013-02-06,16.22,68.96,,2013,2
2013-02-07,14.78,70.06,,2013,2
2013-02-08,14.72,70.47,,2013,2
2013-02-09,14.95,47.64,,2013,2
2013-02-10,14.0,50.77,,2013,2
2013-02-11,14.09,49.0,,2013,2
2013-02-12,14.27,48.7,,2013,2
2013-02-13,14.34,50.89,,2013,2
2013-02-14,12.63,55.61,,2013,2
2013-02-15,13.91,50.23,,2013,2
2013-02-16,16.73,53.4,,2013,2
2013-02-17,14.27,77.02,,2013,2
2013-02-18,11.64,76.88,,2013,2
2013-02-19,12.26,58.75,,2013,2
2013-02-20,12.78,67.46,,2013,2
2013-02-21,14.54,58.88,,2013,2
2013-02-22,15.86,63.11,,2013,2
2013-02-23,17.41,66.87,,2013,2
2013-02-24,18.11,60.06,,2013,2
2013-02-25,15.24,59.91,,2013,2
2013-02-26,15.71,58.15,,2013,2
2013-02-27,15.85,59.89,,2013,2
2013-02-28,15.01,54.92,,2013,2
2013-03-01,14.17,55.31,,2013,3
2013-03-02,15.86,46.32,,2013,3
2013-03-03,17.1,48.93,,2013,3
2013-03-04,17.46,50.85,,2013,3
2013-03-05,17.38,50.79,,2013,3
2013-03-06,16.27,57.82,,2013,3
2013-03-07,16.75,59.23,,2013,3
2013-03-08,16.56,56.98,,2013,3
2013-03-09,15.51,59.99,,2013,3
2013-03-10,16.22,54.18,,2013,3
2013-03-11,16.59,58.3,,2013,3
2013-03-12,17.43,60.0,,2013,3
2013-03-13,16.75,81.06,,2013,3
2013-03-14,18.45,74.17,,2013,3
2013-03-15,18.76,72.97,,2013,3
2013-03-16,18.39,59.44,,2013,3
2013-03-17,16.75,57.55,,2013,3
2013-03-18,14.84,62.44,,2013,3
2013-03-19,15.88,55.49,,2013,3
2013-03-20,18.1,51.47,,2013,3
2013-03-21,17.72,68.92,,2013,3
2013-03-22,17.14,64.9,,2013,3
2013-03-23,18.69,59.41,,2013,3
2013-03-24,18.83,69.96,,2013,3
2013-03-25,18.03,59.84,,2013,3
2013-03-26,17.31,59.59,,2013,3
2013-03-27,17.85,45.81,,2013,3
2013-03-28,18.13,44.7,,2013,3
2013-03-29,18.2,56.3,,2013,3
2013-03-30,18.09,70.83,,2013,3
2013-03-31,18.72,65.14,,2013,3
2013-04-01,18.87,62.2,,2013,4
2013-04-02,18.97,67.56,,2013,4
2013-04-03,19.05,63.88,,2013,4
2013-04-04,19.36,58.2,,2013,4
2013-04-05,18.37,50.13,,2013,4
2013-04-06,17.13,43.96,,2013,4
2013-04-07,17.96,52.05,,2013,4
2013-04-08,19.09,69.2,,2013,4
2013-04-09,20.26,69.16,,2013,4
2013-04-10,20.33,75.43,,2013,4
2013-04-11,20.08,77.82,,2013,4
2013-04-12,21.1,74.03,,2013,4
2013-04-13,21.46,74.22,,2013,4
2013-04-14,20.24,78.23,,2013,4
2013-04-15,18.64,79.24,,2013,4
2013-04-16,17.83,72.1,,2013,4
2013-04-17,17.04,80.56,,2013,4
2013-04-18,17.7,86.58,,2013,4
2013-04-19,17.81,81.39,,2013,4
2013-04-20,17.2,83.58,,2013,4
2013-04-21,17.13,75.26,,2013,4
2013-04-22,16.81,85.35,,2013,4
2013-04-23,17.88,80.7,,2013,4
2013-04-24,19.04,77.85,,2013,4
2013-04-25,20.08,71.02,,2013,4
2013-04-26,20.92,70.13,,2013,4
2013-04-27,20.39,82.41,,2013,4
2013-04-28,20.04,86.27,,2013,4
2013-04-29,20.86,86.18,,2013,4
2013-04-30,21.31,85.31,,2013,4
2013-05-01,21.37,85.86,,2013,5
2013-05-02,21.75,88.77,,2013,5
2013-05-03,21.62,89.64,,2013,5
2013-05-04,20.76,89.61,,2013,5
2013-05-05,19.12,92.69,,2013,5
2013-05-06,18.11,87.77,,2013,5
2013-05-07,19.24,79.86,,2013,5
2013-05-08,19.25,85.49,,2013,5
2013-05-09,20.65,89.06,,2013,5
2013-05-10,21.63,91.2,,2013,5
2013-05-11,22.33,89.91,,2013,5
2013-05-12,21.35,90.99,,2013,5
2013-05-13,21.02,89.99,,2013,5
2013-05-14,20.99,87.79,,2013,5
2013-05-15,20.52,87.42,,2013,5
2013-05-16,19.88,87.74,,2013,5
2013-05-17,19.81,89.62,,2013,5
2013-05-18,21.65,89.49,,2013,5
2013-05-19,22.04,87.47,,2013,5
2013-05-20,21.59,88.61,,2013,5
2013-05-21,22.29,87.41,,2013,5
2013-05-22,22.17,89.17,,2013,5
2013-05-23,21.22,96.09,,2013,5
2013-05-24,21.98,92.79,,2013,5
2013-05-25,22.33,92.39,,2013,5
2013-05-26,21.78,93.33,,2013,5
2013-05-27,23.29,89.4,,2013,5
2013-05-28,21.56,92.95,,2013,5
2013-05-29,22.78,87.02,,2013,5
2013-05-30,21.21,89.99,,2013,5
2013-05-31,20.18,88.89,,2013,5
2013-06-01,20.99,89.31,,2013,6
2013-06-02,22.07,87.6,,2013,6
2013-06-03,23.17,85.14,,2013,6
2013-06-04,22.47,87.58,,2013,6
2013-06-05,22.27,91.88,,2013,6
2013-06-06,22.35,93.6,,2013,6
2013-06-07,21.85,94.26,,2013,6
2013-06-08,22.03,94.22,,2013,6
2013-06-09,22.84,91.39,,2013,6
2013-06-10,23.04,92.5,,2013,6
2013-06-11,22.47,80.52,,2013,6
2013-06-12,23.07,82.24,,2013,6
2013-06-13,23.46,86.23,,2013,6
2013-06-14,21.73,92.91,,2013,6
2013-06-15,23.13,89.75,,2013,6
2013-06-16,23.17,89.71,,2013,6
2013-06-17,23.07,91.44,,2013,6
2013-06-18,22.66,91.19,,2013,6
2013-06-19,21.77,95.99,,2013,6
2013-06-20,22.68,90.49,,2013,6
2013-06-21,23.27,92.78,,2013,6
2013-06-22,23.81,90.25,,2013,6
2013-06-23,23.55,90.23,,2013,6
2013-06-24,23.48,90.49,,2013,6
2013-06-25,22.61,94.11,,2013,6
2013-06-26,22.74,93.56,,2013,6
2013-06-27,22.83,94.61,,2013,6
2013-06-28,22.33,96.77,,2013,6
2013-06-29,22.62,94.57,,2013,6
2013-06-30,23.13,92.92,,2013,6
2013-07-01,22.84,92.63,,2013,7
2013-07-02,21.87,94.17,,2013,7
2013-07-03,22.82,92.4,,2013,7
2013-07-04,22.54,93.88,,2013,7
2013-07-05,22.52,93.83,,2013,7
2013-07-06,22.21,95.12,,2013,7
2013-07-07,22.53,92.75,,2013,7
2013-07-08,22.4,93.37,,2013,7
2013-07-09,22.48,93.06,,2013,7
2013-07-10,22.3,93.83,,2013,7
2013-07-11,22.55,91.76,,2013,7
2013-07-12,21.67,94.13,,2013,7
2013-07-13,22.19,92.92,,2013,7
2013-07-14,22.43,92.0,,2013,7
2013-07-15,23.12,89.88,,2013,7
2013-07-16,23.28,90.5,,2013,7
2013-07-17,22.94,93.26,,2013,7
2013-07-18,21.96,93.37,,2013,7
2013-07-19,22.8,90.88,,2013,7
2013-07-20,22.67,93.62,,2013,7
2013-07-21,22.81,91.43,,2013,7
2013-07-22,23.34,90.32,,2013,7
2013-07-23,22.68,93.84,,2013,7
2013-07-24,23.43,90.13,,2013,7
2013-07-25,23.31,90.49,,2013,7
2013-07-26,22.69,92.72,,2013,7
2013-07-27,21.35,93.78,,2013,7
2013-07-28,22.57,92.46,,2013,7
2013-07-29,23.65,90.07,,2013,7
2013-07-30,23.47,91.22,,2013,7
2013-07-31,22.33,92.26,,2013,7
2013-08-01,21.68,93.7,,2013,8
2013-08-02,21.68,94.5,,2013,8
2013-08-03,22.0,94.16,,2013,8
2013-08-04,23.39,87.97,,2013,8
2013-08-05,21.9,93.96,,2013,8
2013-08-06,21.62,94.99,,2013,8
2013-08-07,21.57,95.18,,2013,8
2013-08-08,21.97,93.65,,2013,8
2013-08-09,21.17,95.99,,2013,8
2013-08-10,21.83,92.31,,2013,8
2013-08-11,20.35,96.32,,2013,8
2013-08-12,21.73,92.45,,2013,8
2013-08-13,21.5,95.34,,2013,8
2013-08-14,21.63,96.04,,2013,8
2013-08-15,21.37,95.34,,2013,8
2013-08-16,21.2,95.18,,2013,8
2013-08-17,22.35,89.45,,2013,8
2013-08-18,21.93,90.06,,2013,8
2013-08-19,21.57,90.57,,2013,8
2013-08-20,21.24,94.44,,2013,8
2013-08-21,21.78,92.76,,2013,8
2013-08-22,21.31,94.76,,2013,8
2013-08-23,22.47,91.93,,2013,8
2013-08-24,23.23,91.44,,2013,8
2013-08-25,22.87,94.66,,2013,8
2013-08-26,22.97,92.62,,2013,8
2013-08-27,22.07,93.79,,2013,8
2013-08-28,21.2,94.83,,2013,8
2013-08-29,21.56,93.97,,2013,8
2013-08-30,22.15,92.63,,2013,8
2013-08-31,22.1,93.98,,2013,8
2013-09-01,22.72,94.22,,2013,9
2013-09-02,22.13,95.7,,2013,9
2013-09-03,21.55,95.46,,2013,9
2013-09-04,21.63,95.8,,2013,9
2013-09-05,21.82,92.94,,2013,9
2013-09-06,21.14,93.3,,2013,9
2013-09-07,20.95,95.34,,2013,9
2013-09-08,21.1,90.99,,2013,9
2013-09-09,21.07,93.83,,2013,9
2013-09-10,20.74,95.87,,2013,9
2013-09-11,21.36,89.86,,2013,9
2013-09-12,22.25,85.74,,2013,9
2013-09-13,22.77,85.04,,2013,9
2013-09-14,22.7,85.44,,2013,9
2013-09-15,22.28,88.56,,2013,9
2013-09-16,21.63,93.66,,2013,9
2013-09-17,21.54,91.72,,2013,9
2013-09-18,21.41,93.64,,2013,9
2013-09-19,22.23,91.78,,2013,9
2013-09-20,22.42,89.53,,2013,9
2013-09-21,22.59,87.23,,2013,9
2013-09-22,22.77,87.57,,2013,9
2013-09-23,22.87,86.27,,2013,9
2013-09-24,22.39,89.57,,2013,9
2013-09-25,21.57,90.07,,2013,9
2013-09-26,21.81,84.07,,2013,9
2013-09-27,21.37,89.26,,2013,9
2013-09-28,20.56,94.51,,2013,9
2013-09-29,19.58,95.04,,2013,9
2013-09-30,18.43,92.43,,2013,9
2013-10-01,19.37,87.33,,2013,10
2013-10-02,21.46,82.19,,2013,10
2013-10-03,20.29,87.54,,2013,10
2013-10-04,19.22,93.9,,2013,10
2013-10-05,19.84,96.53,,2013,10
2013-10-06,19.48,97.32,,2013,10
2013-10-07,19.3,90.65,,2013,10
2013-10-08,17.87,91.73,,2013,10
2013-10-09,18.39,82.27,,2013,10
2013-10-10,20.1,76.13,,2013,10
2013-10-11,20.0,81.5,,2013,10
2013-10-12,20.22,89.31,,2013,10
2013-10-13,20.25,89.54,,2013,10
2013-10-14,20.76,89.45,,2013,10
2013-10-15,19.45,90.46,,2013,10
2013-10-16,20.16,82.5,,2013,10
2013-10-17,20.85,82.98,,2013,10
2013-10-18,20.46,88.29,,2013,10
2013-10-19,19.89,82.26,,2013,10
2013-10-20,18.63,84.69,,2013,10
2013-10-21,17.88,88.74,,2013,10
2013-10-22,17.78,87.58,,2013,10
2013-10-23,18.06,84.7,,2013,10
2013-10-24,18.53,86.11,,2013,10
2013-10-25,17.33,92.45,,2013,10
2013-10-26,16.41,94.91,,2013,10
2013-10-27,16.82,91.81,,2013,10
2013-10-28,16.62,90.32,,2013,10
2013-10-29,15.56,90.4,,2013,10
2013-10-30,15.49,81.45,,2013,10
2013-10-31,15.24,83.59,,2013,10
2013-11-01,15.53,82.91,,2013,11
2013-11-02,14.79,88.46,,2013,11
2013-11-03,16.25,84.89,,2013,11
2013-11-04,15.41,85.24,,2013,11
2013-11-05,15.73,84.69,,2013,11
2013-11-06,16.6,80.34,,2013,11
2013-11-07,16.77,85.71,,2013,11
2013-11-08,17.24,82.9,,2013,11
2013-11-09,17.33,80.34,,2013,11
2013-11-10,16.93,80.58,,2013,11
2013-11-11,17.81,71.49,,2013,11
2013-11-12,16.36,79.06,,2013,11
2013-11-13,16.81,70.46,,2013,11
2013-11-14,16.82,60.86,,2013,11
2013-11-15,16.69,53.26,,2013,11
2013-11-16,16.85,61.61,,2013,11
2013-11-17,16.92,68.33,,2013,11
2013-11-18,17.3,70.99,,2013,11
2013-11-19,15.31,82.73,,2013,11
2013-11-20,15.59,83.77,,2013,11
2013-11-21,15.23,85.04,,2013,11
2013-11-22,15.05,84.99,,2013,11
2013-11-23,14.75,87.07,,2013,11
2013-11-24,15.52,87.96,,2013,11
2013-11-25,16.29,81.29,,2013,11
2013-11-26,15.17,80.75,,2013,11
2013-11-27,15.74,80.99,,2013,11
2013-11-28,15.67,85.76,,2013,11
2013-11-29,15.77,89.0,,2013,11
2013-11-30,15.42,87.05,,2013,11
2013-12-01,15.37,87.53,,2013,12
2013-12-02,15.48,83.72,,2013,12
2013-12-03,15.26,82.78,,2013,12
2013-12-04,15.82,81.65,,2013,12
2013-12-05,15.57,83.58,,2013,12
2013-12-06,15.05,78.99,,2013,12
2013-12-07,14.88,80.64,,2013,12
2013-12-08,14.25,80.19,,2013,12
2013-12-09,13.61,83.37,,2013,12
2013-12-10,14.07,84.13,,2013,12
2013-12-11,12.68,85.51,,2013,12
2013-12-12,11.32,79.03,,2013,12
2013-12-13,10.81,74.76,,2013,12
2013-12-14,10.52,78.44,,2013,12
2013-12-15,11.5,68.14,,2013,12
2013-12-16,11.07,55.02,,2013,12
2013-12-17,12.07,56.36,,2013,12
2013-12-18,10.6,71.28,,2013,12
2013-12-19,10.4,87.21,,2013,12
2013-12-20,10.18,91.12,,2013,12
2013-12-21,11.18,82.09,,2013,12
2013-12-22,10.26,85.13,,2013,12
2013-12-23,10.31,86.78,,2013,12
2013-12-24,11.64,88.2,,2013,12
2013-12-25,11.14,88.92,,2013,12
2013-12-26,10.47,84.79,,2013,12
2013-12-27,10.47,88.42,,2013,12
2013-12-28,10.42,84.11,,2013,12
2013-12-29,10.04,85.31,,2013,12
2013-12-30,10.21,85.86,,2013,12
2013-12-31,10.75,82.47,,2013,12
2014-01-01,11.58,80.33,,2014,1
2014-01-02,10.66,83.8,,2014,1
2014-01-03,9.72,83.83,,2014,1
2014-01-04,10.6,87.96,,2014,1
2014-01-05,11.18,86.78,,2014,1
2014-01-06,10.13,87.17,,2014,1
2014-01-07,9.74,79.12,,2014,1
2014-01-08,8.6,84.49,,2014,1
2014-01-09,9.99,84.25,,2014,1
2014-01-10,11.15,78.12,,2014,1
2014-01-11,12.32,78.35,,2014,1
2014-01-12,11.24,83.51,,2014,1
2014-01-13,10.9,82.2,,2014,1
2014-01-14,11.77,85.61,,2014,1
2014-01-15,12.19,85.23,,2014,1
2014-01-16,11.58,86.45,,2014,1
2014-01-17,11.57,84.22,,2014,1
2014-01-18,13.19,82.78,,2014,1
2014-01-19,12.21,86.95,,2014,1
2014-01-20,10.66,75.66,,2014,1
2014-01-21,11.98,79.42,,2014,1
2014-01-22,12.98,74.45,,2014,1
2014-01-23,12.36,75.03,,2014,1
2014-01-24,12.88,75.38,,2014,1
2014-01-25,13.0,75.55,,2014,1
2014-01-26,12.23,69.63,,2014,1
2014-01-27,12.29,76.76,,2014,1
2014-01-28,12.44,66.38,,2014,1
2014-01-29,12.21,70.84,,2014,1
2014-01-30,13.08,64.56,,2014,1
2014-01-31,13.0,67.67,,2014,1
2014-02-01,12.77,78.41,,2014,2
2014-02-02,13.12,69.74,,2014,2
2014-02-03,12.93,61.58,,2014,2
2014-02-04,12.03,59.41,,2014,2
2014-02-05,10.9,63.86,,2014,2
2014-02-06,10.71,77.23,,2014,2
2014-02-07,11.34,72.76,,2014,2
2014-02-08,12.27,79.53,,2014,2
2014-02-09,11.92,74.21,,2014,2
2014-02-10,12.18,70.52,,2014,2
2014-02-11,11.54,73.66,,2014,2
2014-02-12,10.54,66.65,,2014,2
2014-02-13,10.67,54.24,,2014,2
2014-02-14,11.79,48.14,,2014,2
2014-02-15,11.91,77.74,,2014,2
2014-02-16,11.2,88.1,,2014,2
2014-02-17,10.26,86.41,,2014,2
2014-02-18,10.42,59.73,,2014,2
2014-02-19,11.83,60.36,,2014,2
2014-02-20,12.91,64.9,,2014,2
2014-02-21,12.71,62.71,,2014,2
2014-02-22,13.37,55.51,,2014,2
2014-02-23,13.71,69.76,,2014,2
2014-02-24,13.44,81.26,,2014,2
2014-02-25,13.8,67.3,,2014,2
2014-02-26,13.95,64.69,,2014,2
2014-02-27,14.35,69.92,,2014,2
2014-02-28,13.85,83.17,,2014,2
2014-03-01,15.37,70.75,,2014,3
2014-03-02,14.07,77.24,,2014,3
2014-03-03,14.22,75.9,,2014,3
2014-03-04,13.74,69.07,,2014,3
2014-03-05,13.42,61.6,,2014,3
2014-03-06,12.11,57.31,,2014,3
2014-03-07,12.72,61.3,,2014,3
2014-03-08,12.66,57.87,,2014,3
2014-03-09,13.62,51.79,,2014,3
2014-03-10,14.91,51.02,,2014,3
2014-03-11,14.48,54.44,,2014,3
2014-03-12,14.77,55.28,,2014,3
2014-03-13,15.27,69.36,,2014,3
2014-03-14,16.44,65.17,,2014,3
2014-03-15,16.94,55.69,,2014,3
2014-03-16,17.77,49.01,,2014,3
2014-03-17,17.47,60.14,,2014,3
2014-03-18,17.44,58.15,,2014,3
2014-03-19,17.57,71.54,,2014,3
2014-03-20,17.0,75.93,,2014,3
2014-03-21,17.01,67.65,,2014,3
2014-03-22,17.3,55.87,,2014,3
2014-03-23,16.15,65.06,,2014,3
2014-03-24,16.07,72.46,,2014,3
2014-03-25,16.21,78.77,,2014,3
2014-03-26,16.74,71.18,,2014,3
2014-03-27,17.72,71.76,,2014,3
2014-03-28,17.99,72.27,,2014,3
2014-03-29,17.89,58.93,,2014,3
2014-03-30,18.56,57.94,,2014,3
2014-03-31,18.16,58.51,,2014,3
2014-04-01,17.79,51.94,,2014,4
2014-04-02,17.92,57.23,,2014,4
2014-04-03,18.86,61.16,,2014,4
2014-04-04,17.56,76.19,,2014,4
2014-04-05,17.98,69.74,,2014,4
2014-04-06,18.86,71.98,,2014,4
2014-04-07,18.49,81.09,,2014,4
2014-04-08,19.24,86.36,,2014,4
2014-04-09,19.5,87.18,,2014,4
2014-04-10,18.57,76.68,,2014,4
2014-04-11,19.18,48.43,,2014,4
2014-04-12,19.85,48.33,,2014,4
2014-04-13,20.13,60.23,,2014,4
2014-04-14,20.07,66.0,,2014,4
2014-04-15,20.07,67.02,,2014,4
2014-04-16,20.85,60.53,,2014,4
2014-04-17,20.57,68.07,,2014,4
2014-04-18,21.42,64.55,,2014,4
2014-04-19,22.14,57.71,,2014,4
2014-04-20,21.64,61.35,,2014,4
2014-04-21,21.34,56.25,,2014,4
2014-04-22,21.37,47.71,,2014,4
2014-04-23,20.89,54.13,,2014,4
2014-04-24,20.96,48.79,,2014,4
2014-04-25,21.75,56.43,,2014,4
2014-04-26,22.33,64.62,,2014,4
2014-04-27,22.23,68.76,,2014,4
2014-04-28,20.82,76.92,,2014,4
2014-04-29,21.46,70.32,,2014,4
2014-04-30,21.44,75.27,,2014,4
2014-05-01,20.54,83.89,,2014,5
2014-05-02,21.29,71.89,,2014,5
2014-05-03,19.42,87.6,,2014,5
2014-05-04,18.96,86.17,,2014,5
2014-05-05,18.16,93.75,,2014,5
2014-05-06,19.61,85.76,,2014,5
2014-05-07,20.14,86.92,,2014,5
2014-05-08,20.4,91.15,,2014,5
2014-05-09,22.48,89.56,,2014,5
2014-05-10,22.36,88.99,,2014,5
2014-05-11,21.17,86.89,,2014,5
2014-05-12,21.38,88.31,,2014,5
2014-05-13,21.52,87.64,,2014,5
2014-05-14,21.91,86.48,,2014,5
2014-05-15,21.92,86.15,,2014,5
2014-05-16,20.93,81.59,,2014,5
2014-05-17,20.61,83.2,,2014,5
2014-05-18,22.24,74.37,,2014,5
2014-05-19,23.0,69.21,,2014,5
2014-05-20,22.38,78.16,,2014,5
2014-05-21,21.68,84.77,,2014,5
2014-05-22,21.72,83.72,,2014,5
2014-05-23,23.04,74.64,,2014,5
2014-05-24,23.38,72.09,,2014,5
2014-05-25,21.16,84.34,,2014,5
2014-05-26,22.03,82.42,,2014,5
2014-05-27,21.15,87.66,,2014,5
2014-05-28,21.93,88.26,,2014,5
2014-05-29,21.87,90.23,,2014,5
2014-05-30,21.73,83.78,,2014,5
2014-05-31,21.8,88.39,,2014,5
2014-06-01,22.12,80.49,,2014,6
2014-06-02,22.45,87.72,,2014,6
2014-06-03,22.57,89.27,,2014,6
2014-06-04,23.09,87.31,,2014,6
2014-06-05,22.93,87.64,,2014,6
2014-06-06,23.46,86.04,,2014,6
2014-06-07,23.49,86.32,,2014,6
2014-06-08,23.09,89.14,,2014,6
2014-06-09,23.18,90.47,,2014,6
2014-06-10,23.23,91.64,,2014,6
2014-06-11,23.14,89.86,,2014,6
2014-06-12,23.62,87.48,,2014,6
2014-06-13,22.72,86.85,,2014,6
2014-06-14,22.16,84.35,,2014,6
2014-06-15,23.45,72.16,,2014,6
2014-06-16,23.78,83.4,,2014,6
2014-06-17,23.13,94.47,,2014,6
2014-06-18,22.24,95.18,,2014,6
2014-06-19,22.31,93.81,,2014,6
2014-06-20,21.9,92.9,,2014,6
2014-06-21,22.23,94.66,,2014,6
2014-06-22,22.85,95.14,,2014,6
2014-06-23,22.97,91.59,,2014,6
2014-06-24,22.42,90.33,,2014,6
2014-06-25,23.14,84.37,,2014,6
2014-06-26,22.61,89.93,,2014,6
2014-06-27,22.74,91.45,,2014,6
2014-06-28,22.48,91.27,,2014,6
2014-06-29,22.76,93.06,,2014,6
2014-06-30,23.09,94.0,,2014,6
2014-07-01,22.71,90.88,,2014,7
2014-07-02,22.05,92.37,,2014,7
2014-07-03,22.13,90.97,,2014,7
2014-07-04,21.51,93.79,,2014,7
2014-07-05,22.64,91.45,,2014,7
2014-07-06,22.59,90.81,,2014,7
2014-07-07,22.47,93.09,,2014,7
2014-07-08,22.88,94.3,,2014,7
2014-07-09,23.35,92.27,,2014,7
2014-07-10,22.55,92.25,,2014,7
2014-07-11,23.3,88.46,,2014,7
2014-07-12,23.85,89.33,,2014,7
2014-07-13,23.14,94.47,,2014,7
2014-07-14,22.89,91.8,,2014,7
2014-07-15,21.88,93.74,,2014,7
2014-07-16,21.51,93.96,,2014,7
2014-07-17,22.31,93.62,,2014,7
2014-07-18,22.73,92.48,,2014,7
2014-07-19,23.15,88.84,,2014,7
2014-07-20,23.61,88.63,,2014,7
2014-07-21,22.3,90.25,,2014,7
2014-07-22,21.64,91.65,,2014,7
2014-07-23,21.61,93.19,,2014,7
2014-07-24,21.7,90.56,,2014,7
2014-07-25,21.81,90.52,,2014,7
2014-07-26,23.44,88.07,,2014,7
2014-07-27,22.7,90.38,,2014,7
2014-07-28,22.44,90.88,,2014,7
2014-07-29,22.23,91.66,,2014,7
2014-07-30,22.63,88.82,,2014,7
2014-07-31,21.99,93.45,,2014,7
2014-08-01,22.56,93.21,,2014,8
2014-08-02,23.32,93.18,,2014,8
2014-08-03,22.78,90.65,,2014,8
2014-08-04,22.83,90.86,,2014,8
2014-08-05,22.22,91.8,,2014,8
2014-08-06,22.39,91.47,,2014,8
2014-08-07,22.84,90.8,,2014,8
2014-08-08,23.51,89.68,,2014,8
2014-08-09,22.56,93.48,,2014,8
2014-08-10,22.2,92.24,,2014,8
2014-08-11,22.19,92.47,,2014,8
2014-08-12,22.28,92.4,,2014,8
2014-08-13,22.41,96.61,,2014,8
2014-08-14,21.88,96.02,,2014,8
2014-08-15,22.08,95.8,,2014,8
2014-08-16,21.85,96.1,,2014,8
2014-08-17,21.76,94.44,,2014,8
2014-08-18,22.42,93.58,,2014,8
2014-08-19,22.17,95.22,,2014,8
2014-08-20,22.9,93.58,,2014,8
2014-08-21,22.41,95.0,,2014,8
2014-08-22,21.94,96.61,,2014,8
2014-08-23,21.67,96.3,,2014,8
2014-08-24,21.64,96.03,,2014,8
2014-08-25,21.12,95.76,,2014,8
2014-08-26,21.55,90.01,,2014,8
2014-08-27,21.32,94.74,,2014,8
2014-08-28,20.97,90.95,,2014,8
2014-08-29,22.68,88.08,,2014,8
2014-08-30,22.29,94.2,,2014,8
2014-08-31,21.93,91.37,,2014,8
2014-09-01,21.45,90.13,,2014,9
2014-09-02,22.09,88.13,,2014,9
2014-09-03,21.51,92.73,,2014,9
2014-09-04,21.17,94.7,,2014,9
2014-09-05,21.29,93.71,,2014,9
2014-09-06,22.44,88.58,,2014,9
2014-09-07,22.26,90.99,,2014,9
2014-09-08,21.42,92.6,,2014,9
2014-09-09,21.47,91.24,,2014,9
2014-09-10,20.98,92.61,,2014,9
2014-09-11,21.21,88.41,,2014,9
2014-09-12,21.15,90.8,,2014,9
2014-09-13,21.22,91.13,,2014,9
2014-09-14,21.78,90.7,,2014,9
2014-09-15,22.21,87.63,,2014,9
2014-09-16,21.32,94.84,,2014,9
2014-09-17,23.07,85.29,,2014,9
2014-09-18,22.94,91.87,,2014,9
2014-09-19,22.12,95.13,,2014,9
2014-09-20,21.04,93.78,,2014,9
2014-09-21,20.79,96.97,,2014,9
2014-09-22,21.08,97.63,,2014,9
2014-09-23,21.45,97.33,,2014,9
2014-09-24,20.72,92.57,,2014,9
2014-09-25,19.98,94.6,,2014,9
2014-09-26,20.37,97.64,,2014,9
2014-09-27,20.34,92.94,,2014,9
2014-09-28,20.01,86.42,,2014,9
2014-09-29,20.62,83.62,,2014,9
2014-09-30,21.32,79.06,,2014,9
2014-10-01,21.0,80.26,,2014,10
2014-10-02,21.03,83.82,,2014,10
2014-10-03,20.76,83.97,,2014,10
2014-10-04,20.71,87.23,,2014,10
2014-10-05,20.81,87.19,,2014,10
2014-10-06,21.41,83.38,,2014,10
2014-10-07,20.7,88.77,,2014,10
2014-10-08,20.79,83.22,,2014,10
2014-10-09,21.06,82.44,,2014,10
2014-10-10,20.42,87.74,,2014,10
2014-10-11,20.9,88.14,,2014,10
2014-10-12,20.63,89.8,,2014,10
2014-10-13,20.84,89.32,,2014,10
2014-10-14,21.05,90.31,,2014,10
2014-10-15,20.43,92.7,,2014,10
2014-10-16,19.29,92.26,,2014,10
2014-10-17,19.01,86.48,,2014,10
2014-10-18,18.4,89.38,,2014,10
2014-10-19,18.14,87.07,,2014,10
2014-10-20,18.66,83.44,,2014,10
2014-10-21,18.79,84.25,,2014,10
2014-10-22,18.78,80.25,,2014,10
2014-10-23,18.55,80.45,,2014,10
2014-10-24,18.34,79.99,,2014,10
2014-10-25,18.07,81.21,,2014,10
2014-10-26,16.43,93.61,,2014,10
2014-10-27,16.22,82.71,,2014,10
2014-10-28,15.69,87.4,,2014,10
2014-10-29,16.32,84.45,,2014,10
2014-10-30,16.81,81.18,,2014,10
2014-10-31,17.48,81.25,,2014,10
2014-11-01,17.5,79.87,,2014,11
2014-11-02,17.97,84.16,,2014,11
2014-11-03,17.57,84.86,,2014,11
2014-11-04,17.6,86.46,,2014,11
2014-11-05,17.35,81.88,,2014,11
2014-11-06,17.91,81.14,,2014,11
2014-11-07,17.96,83.59,,2014,11
2014-11-08,18.02,86.73,,2014,11
2014-11-09,17.6,84.68,,2014,11
2014-11-10,17.58,84.0,,2014,11
2014-11-11,16.34,87.42,,2014,11
2014-11-12,16.22,84.85,,2014,11
2014-11-13,16.58,81.44,,2014,11
2014-11-14,15.81,75.1,,2014,11
2014-11-15,16.0,73.44,,2014,11
2014-11-16,15.78,78.99,,2014,11
2014-11-17,15.44,86.07,,2014,11
2014-11-18,15.89,83.65,,2014,11
2014-11-19,15.73,86.52,,2014,11
2014-11-20,15.49,86.94,,2014,11
2014-11-21,15.31,88.16,,2014,11
2014-11-22,13.72,74.97,,2014,11
2014-11-23,12.83,74.96,,2014,11
2014-11-24,13.6,66.19,,2014,11
2014-11-25,14.09,75.76,,2014,11
2014-11-26,13.59,82.79,,2014,11
2014-11-27,13.57,80.86,,2014,11
2014-11-28,13.21,85.64,,2014,11
2014-11-29,12.84,87.67,,2014,11
2014-11-30,14.04,80.42,,2014,11
2014-12-01,14.94,85.49,,2014,12
2014-12-02,15.44,88.22,,2014,12
2014-12-03,15.66,88.96,,2014,12
2014-12-04,16.24,88.9,,2014,12
2014-12-05,16.54,87.59,,2014,12
2014-12-06,15.66,88.47,,2014,12
2014-12-07,14.9,84.68,,2014,12
2014-12-08,13.72,87.62,,2014,12
2014-12-09,13.6,76.38,,2014,12
2014-12-10,11.8,73.54,,2014,12
2014-12-11,11.75,65.82,,2014,12
2014-12-12,11.87,68.12,,2014,12
2014-12-13,14.21,60.81,,2014,12
2014-12-14,14.41,66.79,,2014,12
2014-12-15,15.38,57.79,,2014,12
2014-12-16,14.05,66.18,,2014,12
2014-12-17,11.43,82.37,,2014,12
2014-12-18,11.04,57.29,,2014,12
2014-12-19,11.0,75.38,,2014,12
2014-12-20,12.15,80.37,,2014,12
2014-12-21,12.23,75.81,,2014,12
2014-12-22,11.37,84.5,,2014,12
2014-12-23,12.41,75.81,,2014,12
2014-12-24,12.92,80.86,,2014,12
2014-12-25,12.78,85.56,,2014,12
2014-12-26,11.57,86.61,,2014,12
2014-12-27,11.13,82.88,,2014,12
2014-12-28,12.56,71.25,,2014,12
2014-12-29,12.36,69.39,,2014,12
2014-12-30,13.68,56.36,,2014,12
2014-12-31,14.83,43.73,,2014,12
2015-01-01,14.46,59.17,,2015,1
2015-01-02,15.88,77.01,,2015,1
2015-01-03,15.94,86.03,,2015,1
2015-01-04,14.68,91.09,,2015,1
2015-01-05,11.86,86.76,,2015,1
2015-01-06,10.51,80.51,,2015,1
2015-01-07,11.06,83.76,,2015,1
2015-01-08,11.14,79.11,,2015,1
2015-01-09,11.17,76.41,,2015,1
2015-01-10,11.5,74.82,,2015,1
2015-01-11,11.47,74.89,,2015,1
2015-01-12,10.97,83.74,,2015,1
2015-01-13,11.98,78.07,,2015,1
2015-01-14,13.13,77.58,,2015,1
2015-01-15,13.34,79.0,,2015,1
2015-01-16,12.96,69.0,,2015,1
2015-01-17,13.28,69.22,,2015,1
2015-01-18,11.26,81.22,,2015,1
2015-01-19,11.17,74.47,,2015,1
2015-01-20,11.89,77.88,,2015,1
2015-01-21,11.59,85.72,,2015,1
2015-01-22,13.03,80.56,,2015,1
2015-01-23,12.58,79.89,,2015,1
2015-01-24,11.57,73.27,,2015,1
2015-01-25,11.15,72.86,,2015,1
2015-01-26,11.71,60.13,,2015,1
2015-01-27,12.55,65.03,,2015,1
2015-01-28,12.31,83.12,,2015,1
2015-01-29,12.14,77.17,,2015,1
2015-01-30,10.68,84.68,,2015,1
2015-01-31,9.46,62.64,,2015,1
2015-02-01,11.04,60.28,,2015,2
2015-02-02,12.06,64.99,,2015,2
2015-02-03,13.79,64.14,,2015,2
2015-02-04,11.95,73.2,,2015,2
2015-02-05,12.2,66.61,,2015,2
2015-02-06,11.18,54.81,,2015,2
2015-02-07,12.04,50.01,,2015,2
2015-02-08,12.51,61.64,,2015,2
2015-02-09,12.28,68.13,,2015,2
2015-02-10,12.6,72.83,,2015,2
2015-02-11,12.47,61.37,,2015,2
2015-02-12,11.77,57.65,,2015,2
2015-02-13,11.0,70.57,,2015,2
2015-02-14,11.58,69.92,,2015,2
2015-02-15,11.83,68.74,,2015,2
2015-02-16,13.28,68.58,,2015,2
2015-02-17,14.6,68.03,,2015,2
2015-02-18,13.9,70.63,,2015,2
2015-02-19,12.91,81.41,,2015,2
2015-02-20,13.98,80.42,,2015,2
2015-02-21,14.07,81.91,,2015,2
2015-02-22,14.24,80.98,,2015,2
2015-02-23,15.39,77.22,,2015,2
2015-02-24,15.99,75.09,,2015,2
2015-02-25,16.43,76.91,,2015,2
2015-02-26,15.49,86.81,,2015,2
2015-02-27,15.58,85.17,,2015,2
2015-02-28,16.37,78.5,,2015,2
2015-03-01,18.67,69.75,,2015,3
2015-03-02,17.76,78.9,,2015,3
2015-03-03,15.78,73.58,,2015,3
2015-03-04,14.16,80.09,,2015,3
2015-03-05,13.29,73.24,,2015,3
2015-03-06,12.81,54.4,,2015,3
2015-03-07,13.37,60.73,,2015,3
2015-03-08,14.47,60.19,,2015,3
2015-03-09,16.38,55.79,,2015,3
2015-03-10,15.35,53.95,,2015,3
2015-03-11,15.48,46.8,,2015,3
2015-03-12,17.02,43.89,,2015,3
2015-03-13,15.82,50.84,,2015,3
2015-03-14,16.5,61.93,,2015,3
2015-03-15,17.14,64.5,,2015,3
2015-03-16,17.19,64.65,,2015,3
2015-03-17,16.71,71.23,,2015,3
2015-03-18,16.48,70.06,,2015,3
2015-03-19,15.74,62.78,,2015,3
2015-03-20,16.54,45.62,,2015,3
2015-03-21,18.08,54.49,,2015,3
2015-03-22,19.24,46.16,,2015,3
2015-03-23,19.91,53.41,,2015,3
2015-03-24,19.8,60.23,,2015,3
2015-03-25,20.13,63.26,,2015,3
2015-03-26,19.3,69.88,,2015,3
2015-03-27,17.56,79.63,,2015,3
2015-03-28,16.99,87.74,,2015,3
2015-03-29,18.58,80.67,,2015,3
2015-03-30,18.0,84.09,,2015,3
2015-03-31,17.36,86.37,,2015,3
2015-04-01,17.76,82.67,,2015,4
2015-04-02,18.14,88.86,,2015,4
2015-04-03,18.91,85.77,,2015,4
2015-04-04,19.22,88.6,,2015,4
2015-04-05,18.49,88.77,,2015,4
2015-04-06,17.6,83.24,,2015,4
2015-04-07,18.99,71.55,,2015,4
2015-04-08,18.39,83.43,,2015,4
2015-04-09,17.68,85.84,,2015,4
2015-04-10,17.78,83.21,,2015,4
2015-04-11,18.49,79.28,,2015,4
2015-04-12,19.09,76.48,,2015,4
2015-04-13,18.93,78.31,,2015,4
2015-04-14,20.1,70.5,,2015,4
2015-04-15,20.06,68.97,,2015,4
2015-04-16,18.97,77.95,,2015,4
2015-04-17,18.43,79.84,,2015,4
2015-04-18,18.43,87.36,,2015,4
2015-04-19,19.19,84.65,,2015,4
2015-04-20,19.47,82.92,,2015,4
2015-04-21,20.05,91.47,,2015,4
2015-04-22,20.71,89.12,,2015,4
2015-04-23,20.3,90.28,,2015,4
2015-04-24,18.47,90.54,,2015,4
2015-04-25,18.53,79.4,,2015,4
2015-04-26,17.23,87.1,,2015,4
2015-04-27,18.34,78.74,,2015,4
2015-04-28,19.0,79.59,,2015,4
2015-04-29,18.28,85.42,,2015,4
2015-04-30,19.18,81.15,,2015,4
2015-05-01,19.12,86.8,,2015,5
2015-05-02,19.64,90.63,,2015,5
2015-05-03,20.21,88.04,,2015,5
2015-05-04,20.31,83.94,,2015,5
2015-05-05,19.7,82.71,,2015,5
2015-05-06,20.32,84.76,,2015,5
2015-05-07,20.44,82.65,,2015,5
2015-05-08,19.3,85.71,,2015,5
2015-05-09,20.82,75.83,,2015,5
2015-05-10,20.63,87.77,,2015,5
2015-05-11,20.29,88.57,,2015,5
2015-05-12,19.5,92.1,,2015,5
2015-05-13,20.71,85.68,,2015,5
2015-05-14,21.03,90.99,,2015,5
2015-05-15,21.51,91.93,,2015,5
2015-05-16,20.47,93.82,,2015,5
2015-05-17,19.53,91.0,,2015,5
2015-05-18,20.39,87.88,,2015,5
2015-05-19,21.43,84.21,,2015,5
2015-05-20,22.44,83.38,,2015,5
2015-05-21,22.41,87.32,,2015,5
2015-05-22,22.12,86.09,,2015,5
2015-05-23,22.02,87.98,,2015,5
2015-05-24,21.84,90.15,,2015,5
2015-05-25,21.4,90.76,,2015,5
2015-05-26,21.3,87.52,,2015,5
2015-05-27,21.03,92.21,,2015,5
2015-05-28,21.81,91.01,,2015,5
2015-05-29,22.19,89.72,,2015,5
2015-05-30,22.54,90.26,,2015,5
2015-05-31,22.04,91.86,,2015,5
2015-06-01,21.99,93.82,,2015,6
2015-06-02,22.04,92.36,,2015,6
2015-06-03,22.19,91.8,,2015,6
2015-06-04,22.09,92.48,,2015,6
2015-06-05,21.7,92.08,,2015,6
2015-06-06,22.23,92.29,,2015,6
2015-06-07,22.13,93.79,,2015,6
2015-06-08,22.61,92.15,,2015,6
2015-06-09,22.63,92.92,,2015,6
2015-06-10,22.36,94.03,,2015,6
2015-06-11,21.61,95.02,,2015,6
2015-06-12,21.25,95.24,,2015,6
2015-06-13,21.08,94.41,,2015,6
2015-06-14,21.31,93.61,,2015,6
2015-06-15,21.44,93.15,,2015,6
2015-06-16,21.29,94.31,,2015,6
2015-06-17,21.59,92.67,,2015,6
2015-06-18,21.39,92.16,,2015,6
2015-06-19,23.4,83.9,,2015,6
2015-06-20,22.44,92.42,,2015,6
2015-06-21,21.59,93.1,,2015,6
2015-06-22,22.52,91.76,,2015,6
2015-06-23,22.89,92.99,,2015,6
2015-06-24,23.37,93.35,,2015,6
2015-06-25,23.86,90.76,,2015,6
2015-06-26,22.68,94.87,,2015,6
2015-06-27,22.21,93.15,,2015,6
2015-06-28,21.84,92.02,,2015,6
2015-06-29,22.21,91.23,,2015,6
2015-06-30,22.34,91.36,,2015,6
2015-07-01,22.8,90.27,,2015,7
2015-07-02,22.88,90.52,,2015,7
2015-07-03,22.57,93.58,,2015,7
2015-07-04,23.02,92.08,,2015,7
2015-07-05,22.77,93.28,,2015,7
2015-07-06,22.88,94.84,,2015,7
2015-07-07,22.17,95.31,,2015,7
2015-07-08,22.6,89.57,,2015,7
2015-07-09,21.68,94.43,,2015,7
2015-07-10,22.28,90.26,,2015,7
2015-07-11,21.72,92.48,,2015,7
2015-07-12,22.4,91.17,,2015,7
2015-07-13,23.52,91.71,,2015,7
2015-07-14,23.36,94.22,,2015,7
2015-07-15,22.44,96.0,,2015,7
2015-07-16,22.29,95.62,,2015,7
2015-07-17,21.85,90.16,,2015,7
2015-07-18,21.39,93.49,,2015,7
2015-07-19,21.29,93.51,,2015,7
2015-07-20,21.01,92.27,,2015,7
2015-07-21,22.21,90.77,,2015,7
2015-07-22,21.77,95.25,,2015,7
2015-07-23,22.0,94.82,,2015,7
2015-07-24,21.85,94.68,,2015,7
2015-07-25,21.43,92.29,,2015,7
2015-07-26,21.59,90.76,,2015,7
2015-07-27,21.4,90.51,,2015,7
2015-07-28,21.83,90.28,,2015,7
2015-07-29,21.97,89.34,,2015,7
2015-07-30,21.19,90.6,,2015,7
2015-07-31,20.71,94.45,,2015,7
2015-08-01,21.13,93.38,,2015,8
2015-08-02,21.06,92.04,,2015,8
2015-08-03,20.89,92.26,,2015,8
2015-08-04,21.65,92.81,,2015,8
2015-08-05,21.38,93.76,,2015,8
2015-08-06,22.16,90.65,,2015,8
2015-08-07,22.87,89.97,,2015,8
2015-08-08,22.46,91.63,,2015,8
2015-08-09,23.61,88.1,,2015,8
2015-08-10,22.31,91.55,,2015,8
2015-08-11,22.98,88.68,,2015,8
2015-08-12,23.18,89.57,,2015,8
2015-08-13,22.79,89.9,,2015,8
2015-08-14,22.54,92.53,,2015,8
2015-08-15,22.38,95.31,,2015,8
2015-08-16,22.51,93.4,,2015,8
2015-08-17,22.43,93.05,,2015,8
2015-08-18,21.71,95.67,,2015,8
2015-08-19,22.67,94.78,,2015,8
2015-08-20,22.34,95.83,,2015,8
2015-08-21,21.66,94.09,,2015,8
2015-08-22,21.98,92.44,,2015,8
2015-08-23,21.39,94.74,,2015,8
2015-08-24,22.03,93.52,,2015,8
2015-08-25,22.44,92.9,,2015,8
2015-08-26,22.69,91.12,,2015,8
2015-08-27,22.04,94.47,,2015,8
2015-08-28,21.77,91.87,,2015,8
2015-08-29,21.95,95.24,,2015,8
2015-08-30,22.25,95.46,,2015,8
2015-08-31,21.76,96.95,,2015,8
2015-09-01,21.38,94.71,,2015,9
2015-09-02,21.82,91.7,,2015,9
2015-09-03,21.33,95.15,,2015,9
2015-09-04,20.52,95.8,,2015,9
2015-09-05,21.29,94.35,,2015,9
2015-09-06,21.54,91.0,,2015,9
2015-09-07,21.21,93.44,,2015,9
2015-09-08,21.6,91.52,,2015,9
2015-09-09,22.11,86.8,,2015,9
2015-09-10,22.14,92.38,,2015,9
2015-09-11,22.39,89.23,,2015,9
2015-09-12,23.11,88.53,,2015,9
2015-09-13,22.72,90.9,,2015,9
2015-09-14,21.92,92.59,,2015,9
2015-09-15,21.82,91.62,,2015,9
2015-09-16,22.46,89.06,,2015,9
2015-09-17,23.69,83.77,,2015,9
2015-09-18,23.02,90.25,,2015,9
2015-09-19,21.78,94.52,,2015,9
2015-09-20,20.16,95.11,,2015,9
2015-09-21,21.31,94.98,,2015,9
2015-09-22,21.6,96.44,,2015,9
2015-09-23,21.99,94.68,,2015,9
2015-09-24,21.2,95.84,,2015,9
2015-09-25,21.13,92.22,,2015,9
2015-09-26,20.36,85.42,,2015,9
2015-09-27,21.03,78.85,,2015,9
2015-09-28,21.28,81.34,,2015,9
2015-09-29,21.94,87.15,,2015,9
2015-09-30,22.96,87.55,,2015,9
2015-10-01,22.36,90.1,,2015,10
2015-10-02,22.33,87.34,,2015,10
2015-10-03,21.3,88.88,,2015,10
2015-10-04,21.3,83.4,,2015,10
2015-10-05,21.45,86.13,,2015,10
2015-10-06,20.5,93.37,,2015,10
2015-10-07,21.21,86.87,,2015,10
2015-10-08,20.8,94.41,,2015,10
2015-10-09,21.11,90.57,,2015,10
2015-10-10,19.49,88.52,,2015,10
2015-10-11,19.75,86.94,,2015,10
2015-10-12,18.25,88.25,,2015,10
2015-10-13,18.37,88.64,,2015,10
2015-10-14,17.95,90.68,,2015,10
2015-10-15,18.48,89.39,,2015,10
2015-10-16,18.9,88.64,,2015,10
2015-10-17,19.41,84.29,,2015,10
2015-10-18,19.96,82.96,,2015,10
2015-10-19,19.92,86.75,,2015,10
2015-10-20,19.61,92.67,,2015,10
2015-10-21,19.87,87.86,,2015,10
2015-10-22,19.43,88.15,,2015,10
2015-10-23,18.18,86.95,,2015,10
2015-10-24,18.47,82.05,,2015,10
2015-10-25,18.21,82.24,,2015,10
2015-10-26,18.16,78.42,,2015,10
2015-10-27,18.05,80.68,,2015,10
2015-10-28,18.15,78.2,,2015,10
2015-10-29,18.0,85.29,,2015,10
2015-10-30,18.11,85.27,,2015,10
2015-10-31,17.24,90.11,,2015,10
2015-11-01,17.92,89.05,,2015,11
2015-11-02,18.08,86.35,,2015,11
2015-11-03,17.95,88.2,,2015,11
2015-11-04,16.5,89.33,,2015,11
2015-11-05,16.3,84.99,,2015,11
2015-11-06,17.19,77.87,,2015,11
2015-11-07,16.56,74.92,,2015,11
2015-11-08,15.92,84.43,,2015,11
2015-11-09,16.41,82.9,,2015,11
2015-11-10,16.43,82.82,,2015,11
2015-11-11,16.26,87.63,,2015,11
2015-11-12,16.94,83.93,,2015,11
2015-11-13,16.76,87.21,,2015,11
2015-11-14,16.5,87.16,,2015,11
2015-11-15,16.31,87.07,,2015,11
2015-11-16,15.45,84.78,,2015,11
2015-11-17,16.27,82.28,,2015,11
2015-11-18,15.72,81.95,,2015,11
2015-11-19,15.2,83.13,,2015,11
2015-11-20,16.18,77.17,,2015,11
2015-11-21,17.4,72.72,,2015,11
2015-11-22,16.65,80.17,,2015,11
2015-11-23,16.7,69.26,,2015,11
2015-11-24,15.99,67.19,,2015,11
2015-11-25,16.18,73.06,,2015,11
2015-11-26,15.96,85.04,,2015,11
2015-11-27,15.11,89.4,,2015,11
2015-11-28,15.18,84.33,,2015,11
2015-11-29,15.7,82.82,,2015,11
2015-11-30,16.41,85.2,,2015,11
2015-12-01,15.71,89.12,,2015,12
2015-12-02,15.01,86.46,,2015,12
2015-12-03,14.43,90.55,,2015,12
2015-12-04,14.25,88.84,,2015,12
2015-12-05,13.95,85.27,,2015,12
2015-12-06,14.2,84.72,,2015,12
2015-12-07,13.85,85.23,,2015,12
2015-12-08,13.35,88.42,,2015,12
2015-12-09,14.23,85.24,,2015,12
2015-12-10,13.07,88.89,,2015,12
2015-12-11,11.71,87.19,,2015,12
2015-12-12,12.36,84.17,,2015,12
2015-12-13,13.22,91.62,,2015,12
2015-12-14,10.62,84.11,,2015,12
2015-12-15,9.89,76.25,,2015,12
2015-12-16,10.13,72.64,,2015,12
2015-12-17,10.86,71.6,,2015,12
2015-12-18,9.14,84.33,,2015,12
2015-12-19,9.29,76.98,,2015,12
2015-12-20,9.45,82.48,,2015,12
2015-12-21,9.46,63.56,,2015,12
2015-12-22,9.5,68.33,,2015,12
2015-12-23,9.64,68.5,,2015,12
2015-12-24,10.15,69.42,,2015,12
2015-12-25,9.51,72.76,,2015,12
2015-12-26,9.8,78.27,,2015,12
2015-12-27,11.27,76.44,,2015,12
2015-12-28,12.01,80.62,,2015,12
2015-12-29,12.73,86.05,,2015,12
2015-12-30,13.53,83.58,,2015,12
2015-12-31,12.81,86.46,,2015,12
2016-01-01,12.37,81.47,,2016,1
2016-01-02,12.24,82.76,,2016,1
2016-01-03,11.56,85.55,,2016,1
2016-01-04,12.43,72.64,,2016,1
2016-01-05,11.98,72.26,,2016,1
2016-01-06,11.75,78.87,,2016,1
2016-01-07,12.59,75.05,,2016,1
2016-01-08,10.67,76.07,,2016,1
2016-01-09,10.4,83.13,,2016,1
2016-01-10,12.3,64.16,,2016,1
2016-01-11,11.13,71.49,,2016,1
2016-01-12,10.99,77.61,,2016,1
2016-01-13,11.34,77.58,,2016,1
2016-01-14,9.83,82.73,,2016,1
2016-01-15,10.46,77.26,,2016,1
2016-01-16,9.92,76.54,,2016,1
2016-01-17,10.93,72.29,,2016,1
2016-01-18,11.3,73.46,,2016,1
2016-01-19,11.42,69.73,,2016,1
2016-01-20,11.88,76.3,,2016,1
2016-01-21,10.91,89.84,,2016,1
2016-01-22,9.93,85.12,,2016,1
2016-01-23,9.46,70.68,,2016,1
2016-01-24,9.96,60.76,,2016,1
2016-01-25,9.35,69.05,,2016,1
2016-01-26,8.26,59.62,,2016,1
2016-01-27,8.55,68.51,,2016,1
2016-01-28,9.2,70.67,,2016,1
2016-01-29,10.23,79.21,,2016,1
2016-01-30,10.68,74.3,,2016,1
2016-01-31,11.26,76.93,,2016,1
2016-02-01,11.07,87.52,,2016,2
2016-02-02,12.08,79.8,,2016,2
2016-02-03,11.21,76.06,,2016,2
2016-02-04,11.83,61.24,,2016,2
2016-02-05,12.52,53.15,,2016,2
2016-02-06,14.05,65.69,,2016,2
2016-02-07,14.2,74.38,,2016,2
2016-02-08,13.32,68.5,,2016,2
2016-02-09,12.3,81.53,,2016,2
2016-02-10,13.13,85.53,,2016,2
2016-02-11,11.03,78.43,,2016,2
2016-02-12,12.83,78.46,,2016,2
2016-02-13,12.53,68.68,,2016,2
2016-02-14,13.31,64.25,,2016,2
2016-02-15,13.8,73.97,,2016,2
2016-02-16,14.5,64.72,,2016,2
2016-02-17,15.13,63.26,,2016,2
2016-02-18,15.52,72.81,,2016,2
2016-02-19,16.82,66.96,,2016,2
2016-02-20,16.65,73.14,,2016,2
2016-02-21,16.49,69.9,,2016,2
2016-02-22,15.4,64.77,,2016,2
2016-02-23,14.2,57.64,,2016,2
2016-02-24,14.45,49.26,,2016,2
2016-02-25,14.52,72.95,,2016,2
2016-02-26,15.84,71.85,,2016,2
2016-02-27,16.18,70.41,,2016,2
2016-02-28,16.38,67.31,,2016,2
2016-02-29,16.89,62.16,,2016,2
2016-03-01,15.66,70.0,,2016,3
2016-03-02,16.09,65.97,,2016,3
2016-03-03,16.6,69.58,,2016,3
2016-03-04,17.22,62.09,,2016,3
2016-03-05,17.43,60.45,,2016,3
2016-03-06,18.28,61.69,,2016,3
2016-03-07,16.89,62.93,,2016,3
2016-03-08,16.43,69.91,,2016,3
2016-03-09,17.42,72.32,,2016,3
2016-03-10,17.69,68.05,,2016,3
2016-03-11,17.42,68.08,,2016,3
2016-03-12,17.68,65.48,,2016,3
2016-03-13,18.15,62.18,,2016,3
2016-03-14,17.75,67.16,,2016,3
2016-03-15,16.3,73.61,,2016,3
2016-03-16,16.05,70.92,,2016,3
2016-03-17,16.44,53.3,,2016,3
2016-03-18,16.47,52.51,,2016,3
2016-03-19,17.22,64.98,,2016,3
2016-03-20,17.71,76.06,,2016,3
2016-03-21,16.75,82.6,,2016,3
2016-03-22,16.9,71.89,,2016,3
2016-03-23,17.42,65.26,,2016,3
2016-03-24,19.73,47.7,,2016,3
2016-03-25,20.27,52.71,,2016,3
2016-03-26,19.61,55.56,,2016,3
2016-03-27,19.05,74.3,,2016,3
2016-03-28,17.95,94.33,,2016,3
2016-03-29,16.96,88.24,,2016,3
2016-03-30,17.81,86.22,,2016,3
2016-03-31,16.24,93.02,,2016,3
2016-04-01,16.66,78.89,,2016,4
2016-04-02,18.38,75.62,,2016,4
2016-04-03,19.11,82.21,,2016,4
2016-04-04,19.94,90.49,,2016,4
2016-04-05,20.3,91.29,,2016,4
2016-04-06,20.86,88.36,,2016,4
2016-04-07,20.76,88.35,,2016,4
2016-04-08,20.14,89.81,,2016,4
2016-04-09,20.39,85.81,,2016,4
2016-04-10,20.28,79.33,,2016,4
2016-04-11,20.14,85.65,,2016,4
2016-04-12,20.87,85.23,,2016,4
2016-04-13,19.79,72.62,,2016,4
2016-04-14,20.39,87.85,,2016,4
2016-04-15,20.9,85.25,,2016,4
2016-04-16,20.76,93.57,,2016,4
2016-04-17,20.78,86.39,,2016,4
2016-04-18,20.0,94.29,,2016,4
2016-04-19,20.92,91.5,,2016,4
2016-04-20,20.48,90.41,,2016,4
2016-04-21,20.71,91.66,,2016,4
2016-04-22,20.98,92.33,,2016,4
2016-04-23,21.58,90.93,,2016,4
2016-04-24,21.31,90.34,,2016,4
2016-04-25,20.94,90.6,,2016,4
2016-04-26,20.42,88.99,,2016,4
2016-04-27,20.66,91.16,,2016,4
2016-04-28,20.99,89.93,,2016,4
2016-04-29,20.94,85.65,,2016,4
2016-04-30,21.09,86.98,,2016,4
2016-05-01,20.14,90.0,,2016,5
2016-05-02,20.4,73.0,,2016,5
2016-05-03,20.08,75.73,,2016,5
2016-05-04,19.44,86.02,,2016,5
2016-05-05,19.5,84.75,,2016,5
2016-05-06,19.13,87.1,,2016,5
2016-05-07,19.72,85.23,,2016,5
2016-05-08,19.87,82.71,,2016,5
2016-05-09,21.44,72.0,,2016,5
2016-05-10,22.14,77.44,,2016,5
2016-05-11,22.5,77.43,,2016,5
2016-05-12,21.68,81.59,,2016,5
2016-05-13,20.23,88.66,,2016,5
2016-05-14,20.78,90.34,,2016,5
2016-05-15,21.64,90.62,,2016,5
2016-05-16,21.85,93.76,,2016,5
2016-05-17,21.7,94.01,,2016,5
2016-05-18,21.21,93.39,,2016,5
2016-05-19,21.34,91.57,,2016,5
2016-05-20,20.45,92.04,,2016,5
2016-05-21,19.57,95.43,,2016,5
2016-05-22,21.56,88.24,,2016,5
2016-05-23,22.85,86.5,,2016,5
2016-05-24,22.44,86.89,,2016,5
2016-05-25,21.37,90.33,,2016,5
2016-05-26,21.35,85.61,,2016,5
2016-05-27,21.47,85.91,,2016,5
2016-05-28,21.53,89.16,,2016,5
2016-05-29,22.1,90.06,,2016,5
2016-05-30,21.51,89.68,,2016,5
2016-05-31,21.66,88.82,,2016,5
2016-06-01,22.13,79.45,,2016,6
2016-06-02,22.49,82.71,,2016,6
2016-06-03,23.31,84.07,,2016,6
2016-06-04,23.13,87.27,,2016,6
2016-06-05,23.01,86.91,,2016,6
2016-06-06,22.12,92.28,,2016,6
2016-06-07,21.58,94.03,,2016,6
2016-06-08,22.46,93.59,,2016,6
2016-06-09,21.72,92.89,,2016,6
2016-06-10,22.3,89.48,,2016,6
2016-06-11,23.67,84.48,,2016,6
2016-06-12,21.51,92.47,,2016,6
2016-06-13,22.12,92.79,,2016,6
2016-06-14,21.6,93.62,,2016,6
2016-06-15,21.97,94.71,,2016,6
2016-06-16,22.4,90.93,,2016,6
2016-06-17,21.45,95.32,,2016,6
2016-06-18,21.5,94.71,,2016,6
2016-06-19,21.85,94.17,,2016,6
2016-06-20,22.07,93.91,,2016,6
2016-06-21,21.43,95.29,,2016,6
2016-06-22,22.11,95.62,,2016,6
2016-06-23,21.44,96.53,,2016,6
2016-06-24,22.19,92.35,,2016,6
2016-06-25,22.7,91.72,,2016,6
2016-06-26,24.0,87.73,,2016,6
2016-06-27,22.59,93.96,,2016,6
2016-06-28,23.64,88.88,,2016,6
2016-06-29,22.69,93.82,,2016,6
2016-06-30,22.33,93.09,,2016,6
2016-07-01,22.64,92.79,,2016,7
2016-07-02,22.1,94.36,,2016,7
2016-07-03,22.27,96.45,,2016,7
2016-07-04,21.71,96.36,,2016,7
2016-07-05,22.29,93.81,,2016,7
2016-07-06,22.91,93.31,,2016,7
2016-07-07,22.42,93.46,,2016,7
2016-07-08,22.07,92.03,,2016,7
2016-07-09,22.52,92.9,,2016,7
2016-07-10,22.03,92.89,,2016,7
2016-07-11,22.51,91.63,,2016,7
2016-07-12,22.04,93.75,,2016,7
2016-07-13,22.9,92.32,,2016,7
2016-07-14,22.43,95.21,,2016,7
2016-07-15,21.74,94.36,,2016,7
2016-07-16,21.53,96.3,,2016,7
2016-07-17,21.75,94.95,,2016,7
2016-07-18,21.22,97.22,,2016,7
2016-07-19,22.05,95.67,,2016,7
2016-07-20,22.22,95.49,,2016,7
2016-07-21,21.85,94.71,,2016,7
2016-07-22,21.33,94.68,,2016,7
2016-07-23,21.19,95.41,,2016,7
2016-07-24,20.89,95.05,,2016,7
2016-07-25,20.79,95.68,,2016,7
2016-07-26,21.18,92.53,,2016,7
2016-07-27,21.91,90.65,,2016,7
2016-07-28,22.52,89.99,,2016,7
2016-07-29,22.71,88.93,,2016,7
2016-07-30,21.45,96.53,,2016,7
2016-07-31,22.06,90.98,,2016,7
2016-08-01,21.49,92.32,,2016,8
2016-08-02,22.48,91.58,,2016,8
2016-08-03,23.87,86.75,,2016,8
2016-08-04,23.34,91.2,,2016,8
2016-08-05,22.99,89.8,,2016,8
2016-08-06,21.97,93.69,,2016,8
2016-08-07,21.25,95.1,,2016,8
2016-08-08,22.12,91.54,,2016,8
2016-08-09,21.64,91.94,,2016,8
2016-08-10,21.36,92.03,,2016,8
2016-08-11,22.56,90.91,,2016,8
2016-08-12,22.73,90.71,,2016,8
2016-08-13,23.4,90.72,,2016,8
2016-08-14,23.03,93.65,,2016,8
2016-08-15,23.61,89.76,,2016,8
2016-08-16,22.66,92.89,,2016,8
2016-08-17,22.95,88.59,,2016,8
2016-08-18,22.38,90.77,,2016,8
2016-08-19,22.97,89.72,,2016,8
2016-08-20,23.32,89.75,,2016,8
2016-08-21,23.19,89.93,,2016,8
2016-08-22,21.99,86.65,,2016,8
2016-08-23,22.78,87.89,,2016,8
2016-08-24,23.02,88.63,,2016,8
2016-08-25,24.12,84.8,,2016,8
2016-08-26,23.45,85.59,,2016,8
2016-08-27,23.83,83.56,,2016,8
2016-08-28,22.75,89.8,,2016,8
2016-08-29,22.98,87.31,,2016,8
2016-08-30,22.18,94.2,,2016,8
2016-08-31,21.89,95.48,,2016,8
2016-09-01,21.75,94.27,,2016,9
2016-09-02,22.07,93.62,,2016,9
2016-09-03,22.76,94.24,,2016,9
2016-09-04,23.1,91.29,,2016,9
2016-09-05,22.29,91.56,,2016,9
2016-09-06,21.92,91.52,,2016,9
2016-09-07,22.45,91.12,,2016,9
2016-09-08,22.21,94.22,,2016,9
2016-09-09,21.09,93.44,,2016,9
2016-09-10,20.67,93.23,,2016,9
2016-09-11,21.04,94.0,,2016,9
2016-09-12,20.89,94.56,,2016,9
2016-09-13,21.17,91.3,,2016,9
2016-09-14,21.78,92.88,,2016,9
2016-09-15,21.5,93.15,,2016,9
2016-09-16,22.54,85.68,,2016,9
2016-09-17,22.27,90.32,,2016,9
2016-09-18,22.13,89.12,,2016,9
2016-09-19,21.34,94.0,,2016,9
2016-09-20,21.19,95.96,,2016,9
2016-09-21,21.91,88.36,,2016,9
2016-09-22,21.21,91.26,,2016,9
2016-09-23,20.37,94.44,,2016,9
2016-09-24,20.6,92.33,,2016,9
2016-09-25,20.4,93.17,,2016,9
2016-09-26,21.07,90.91,,2016,9
2016-09-27,22.26,86.31,,2016,9
2016-09-28,22.16,89.85,,2016,9
2016-09-29,21.39,96.52,,2016,9
2016-09-30,21.51,94.06,,2016,9
2016-10-01,21.75,90.75,,2016,10
2016-10-02,22.78,83.74,,2016,10
2016-10-03,22.45,89.19,,2016,10
2016-10-04,22.0,89.17,,2016,10
2016-10-05,21.65,88.78,,2016,10
2016-10-06,21.16,92.69,,2016,10
2016-10-07,21.01,92.63,,2016,10
2016-10-08,21.52,89.07,,2016,10
2016-10-09,20.39,93.96,,2016,10
2016-10-10,19.88,95.8,,2016,10
2016-10-11,19.71,95.23,,2016,10
2016-10-12,18.97,96.14,,2016,10
2016-10-13,19.77,91.27,,2016,10
2016-10-14,20.29,86.02,,2016,10
2016-10-15,20.49,84.8,,2016,10
2016-10-16,20.75,80.88,,2016,10
2016-10-17,21.37,77.96,,2016,10
2016-10-18,21.16,74.96,,2016,10
2016-10-19,20.24,77.64,,2016,10
2016-10-20,20.06,79.9,,2016,10
2016-10-21,19.34,84.0,,2016,10
2016-10-22,19.03,87.53,,2016,10
2016-10-23,18.82,84.67,,2016,10
2016-10-24,19.04,82.45,,2016,10
2016-10-25,19.52,84.67,,2016,10
2016-10-26,18.86,87.0,,2016,10
2016-10-27,19.0,89.35,,2016,10
2016-10-28,19.91,84.65,,2016,10
2016-10-29,19.1,87.0,,2016,10
2016-10-30,18.58,86.58,,2016,10
2016-10-31,19.24,84.84,,2016,10
2016-11-01,19.23,85.6,,2016,11
2016-11-02,19.46,83.53,,2016,11
2016-11-03,19.36,87.15,,2016,11
2016-11-04,18.3,89.66,,2016,11
2016-11-05,16.39,88.41,,2016,11
2016-11-06,16.37,92.34,,2016,11
2016-11-07,18.55,87.41,,2016,11
2016-11-08,17.57,88.51,,2016,11
2016-11-09,17.68,86.17,,2016,11
2016-11-10,17.13,87.89,,2016,11
2016-11-11,16.59,87.52,,2016,11
2016-11-12,16.67,81.38,,2016,11
2016-11-13,16.67,85.63,,2016,11
2016-11-14,16.46,79.26,,2016,11
2016-11-15,16.8,79.75,,2016,11
2016-11-16,16.85,81.61,,2016,11
2016-11-17,16.2,82.79,,2016,11
2016-11-18,16.02,81.83,,2016,11
2016-11-19,16.32,78.59,,2016,11
2016-11-20,15.56,75.33,,2016,11
2016-11-21,14.8,79.8,,2016,11
2016-11-22,15.06,84.76,,2016,11
2016-11-23,15.0,87.72,,2016,11
2016-11-24,15.04,88.43,,2016,11
2016-11-25,15.7,86.81,,2016,11
2016-11-26,15.87,88.88,,2016,11
2016-11-27,15.84,86.17,,2016,11
2016-11-28,15.18,86.24,,2016,11
2016-11-29,14.99,87.27,,2016,11
2016-11-30,15.03,87.0,,2016,11
2016-12-01,15.19,87.16,,2016,12
2016-12-02,14.63,83.03,,2016,12
2016-12-03,14.6,76.01,,2016,12
2016-12-04,14.75,82.92,,2016,12
2016-12-05,14.8,78.76,,2016,12
2016-12-06,15.95,64.31,,2016,12
2016-12-07,14.8,70.76,,2016,12
2016-12-08,15.43,70.91,,2016,12
2016-12-09,15.6,68.39,,2016,12
2016-12-10,14.03,75.73,,2016,12
2016-12-11,14.39,75.58,,2016,12
2016-12-12,13.57,83.39,,2016,12
2016-12-13,13.96,86.24,,2016,12
2016-12-14,13.59,82.23,,2016,12
2016-12-15,13.32,82.01,,2016,12
2016-12-16,13.56,85.44,,2016,12
2016-12-17,13.94,89.15,,2016,12
2016-12-18,13.3,88.79,,2016,12
2016-12-19,13.21,86.95,,2016,12
2016-12-20,13.51,87.59,,2016,12
2016-12-21,13.67,86.29,,2016,12
2016-12-22,13.69,88.27,,2016,12
2016-12-23,13.54,90.55,,2016,12
2016-12-24,14.2,89.47,,2016,12
2016-12-25,13.99,88.54,,2016,12
2016-12-26,13.39,87.4,,2016,12
2016-12-27,12.31,78.95,,2016,12
2016-12-28,12.6,71.19,,2016,12
2016-12-29,13.41,73.08,,2016,12
2016-12-30,12.92,84.85,,2016,12
2016-12-31,13.3,84.07,,2016,12
2017-01-01,13.51,77.59,,2017,1
2017-01-02,13.18,81.71,,2017,1
2017-01-03,12.98,84.02,,2017,1
2017-01-04,12.65,76.03,,2017,1
2017-01-05,11.7,81.36,,2017,1
2017-01-06,11.8,80.03,,2017,1
2017-01-07,12.46,78.48,,2017,1
2017-01-08,12.33,76.27,,2017,1
2017-01-09,11.59,80.57,,2017,1
2017-01-10,11.35,76.05,,2017,1
2017-01-11,10.95,76.52,,2017,1
2017-01-12,8.87,78.87,,2017,1
2017-01-13,9.01,74.0,,2017,1
2017-01-14,8.79,68.1,,2017,1
2017-01-15,10.04,71.29,,2017,1
2017-01-16,11.14,60.72,,2017,1
2017-01-17,11.8,51.69,,2017,1
2017-01-18,12.52,56.47,,2017,1
2017-01-19,13.56,61.4,,2017,1
2017-01-20,12.79,58.29,,2017,1
2017-01-21,13.54,57.19,,2017,1
2017-01-22,14.4,67.58,,2017,1
2017-01-23,13.74,74.15,,2017,1
2017-01-24,14.06,71.78,,2017,1
2017-01-25,13.77,67.17,,2017,1
2017-01-26,15.43,57.4,,2017,1
2017-01-27,15.35,62.9,,2017,1
2017-01-28,12.5,77.67,,2017,1
2017-01-29,12.39,75.37,,2017,1
2017-01-30,12.69,79.89,,2017,1
2017-01-31,12.41,73.83,,2017,1
2017-02-01,11.6,68.84,,2017,2
2017-02-02,11.87,68.14,,2017,2
2017-02-03,13.1,70.83,,2017,2
2017-02-04,13.76,74.66,,2017,2
2017-02-05,14.68,60.94,,2017,2
2017-02-06,13.09,67.66,,2017,2
2017-02-07,12.79,74.82,,2017,2
2017-02-08,13.72,62.34,,2017,2
2017-02-09,13.05,60.34,,2017,2
2017-02-10,12.16,60.52,,2017,2
2017-02-11,13.34,64.64,,2017,2
2017-02-12,13.98,68.61,,2017,2
2017-02-13,14.16,60.47,,2017,2
2017-02-14,13.71,74.08,,2017,2
2017-02-15,15.06,63.48,,2017,2
2017-02-16,14.76,70.3,,2017,2
2017-02-17,15.98,69.19,,2017,2
2017-02-18,16.16,70.26,,2017,2
2017-02-19,15.76,70.24,,2017,2
2017-02-20,14.42,79.34,,2017,2
2017-02-21,16.04,91.63,,2017,2
2017-02-22,16.4,91.44,,2017,2
2017-02-23,15.03,80.58,,2017,2
2017-02-24,12.53,47.6,,2017,2
2017-02-25,11.8,50.88,,2017,2
2017-02-26,12.11,53.71,,2017,2
2017-02-27,13.35,54.77,,2017,2
2017-02-28,14.41,59.25,,2017,2
2017-03-01,14.83,56.56,,2017,3
2017-03-02,14.46,62.37,,2017,3
2017-03-03,15.18,71.19,,2017,3
2017-03-04,14.86,75.44,,2017,3
2017-03-05,14.82,83.89,,2017,3
2017-03-06,15.0,80.8,,2017,3
2017-03-07,14.35,70.29,,2017,3
2017-03-08,15.12,67.84,,2017,3
2017-03-09,14.85,77.28,,2017,3
2017-03-10,15.25,82.29,,2017,3
2017-03-11,16.17,92.63,,2017,3
2017-03-12,14.33,72.55,,2017,3
2017-03-13,13.59,56.24,,2017,3
2017-03-14,12.68,53.5,,2017,3
2017-03-15,12.87,55.62,,2017,3
2017-03-16,13.71,54.1,,2017,3
2017-03-17,14.32,56.3,,2017,3
2017-03-18,14.22,72.97,,2017,3
2017-03-19,15.11,70.2,,2017,3
2017-03-20,13.52,80.48,,2017,3
2017-03-21,14.21,77.36,,2017,3
2017-03-22,15.9,72.48,,2017,3
2017-03-23,17.33,74.88,,2017,3
2017-03-24,17.13,82.19,,2017,3
2017-03-25,16.84,86.63,,2017,3
2017-03-26,17.47,77.86,,2017,3
2017-03-27,17.64,86.96,,2017,3
2017-03-28,17.88,84.9,,2017,3
2017-03-29,18.17,92.48,,2017,3
2017-03-30,19.94,92.66,,2017,3
2017-03-31,19.57,92.19,,2017,3
2017-04-01,19.24,92.83,,2017,4
2017-04-02,19.29,93.01,,2017,4
2017-04-03,18.88,94.81,,2017,4
2017-04-04,17.84,92.39,,2017,4
2017-04-05,18.09,90.88,,2017,4
2017-04-06,18.78,86.03,,2017,4
2017-04-07,19.23,88.52,,2017,4
2017-04-08,20.62,91.96,,2017,4
2017-04-09,20.44,89.98,,2017,4
2017-04-10,18.58,87.29,,2017,4
2017-04-11,17.8,75.47,,2017,4
2017-04-12,19.58,55.38,,2017,4
2017-04-13,20.35,65.83,,2017,4
2017-04-14,19.9,70.94,,2017,4
2017-04-15,18.46,83.22,,2017,4
2017-04-16,18.21,79.43,,2017,4
2017-04-17,19.6,70.9,,2017,4
2017-04-18,19.65,80.63,,2017,4
2017-04-19,19.24,95.25,,2017,4
2017-04-20,19.18,95.24,,2017,4
2017-04-21,18.95,94.92,,2017,4
2017-04-22,19.27,96.24,,2017,4
2017-04-23,18.51,94.97,,2017,4
2017-04-24,19.56,93.37,,2017,4
2017-04-25,20.68,92.68,,2017,4
2017-04-26,20.42,93.85,,2017,4
2017-04-27,19.86,93.89,,2017,4
2017-04-28,18.77,89.87,,2017,4
2017-04-29,18.83,89.7,,2017,4
2017-04-30,19.65,91.97,,2017,4
2017-05-01,18.69,93.63,,2017,5
2017-05-02,19.33,86.24,,2017,5
2017-05-03,19.39,81.93,,2017,5
2017-05-04,20.11,80.69,,2017,5
2017-05-05,19.62,91.19,,2017,5
2017-05-06,19.97,88.65,,2017,5
2017-05-07,20.54,84.75,,2017,5
2017-05-08,20.21,88.29,,2017,5
2017-05-09,20.45,87.44,,2017,5
2017-05-10,19.77,83.9,,2017,5
2017-05-11,21.16,79.52,,2017,5
2017-05-12,22.15,78.2,,2017,5
2017-05-13,22.29,82.2,,2017,5
2017-05-14,22.29,83.57,,2017,5
2017-05-15,21.84,88.35,,2017,5
2017-05-16,21.27,92.42,,2017,5
2017-05-17,21.06,93.39,,2017,5
2017-05-18,22.28,85.73,,2017,5
2017-05-19,21.42,91.44,,2017,5
2017-05-20,21.56,90.35,,2017,5
2017-05-21,21.65,88.73,,2017,5
2017-05-22,21.43,89.83,,2017,5
2017-05-23,21.92,91.03,,2017,5
2017-05-24,21.9,93.42,,2017,5
2017-05-25,22.4,87.31,,2017,5
2017-05-26,22.99,78.9,,2017,5
2017-05-27,22.51,81.86,,2017,5
2017-05-28,22.48,82.44,,2017,5
2017-05-29,21.7,87.9,,2017,5
2017-05-30,21.8,94.04,,2017,5
2017-05-31,21.77,93.15,,2017,5
2017-06-01,22.19,93.54,,2017,6
2017-06-02,21.67,94.39,,2017,6
2017-06-03,22.16,93.64,,2017,6
2017-06-04,23.03,91.82,,2017,6
2017-06-05,22.21,90.37,,2017,6
2017-06-06,23.84,82.55,,2017,6
2017-06-07,24.23,84.17,,2017,6
2017-06-08,23.54,85.89,,2017,6
2017-06-09,23.52,86.18,,2017,6
2017-06-10,23.01,89.64,,2017,6
2017-06-11,21.59,93.02,,2017,6
2017-06-12,21.49,93.6,,2017,6
2017-06-13,20.85,95.9,,2017,6
2017-06-14,20.63,94.06,,2017,6
2017-06-15,21.5,92.32,,2017,6
2017-06-16,20.88,93.2,,2017,6
2017-06-17,20.88,96.29,,2017,6
2017-06-18,22.35,93.82,,2017,6
2017-06-19,21.4,95.97,,2017,6
2017-06-20,21.81,93.82,,2017,6
2017-06-21,22.31,91.31,,2017,6
2017-06-22,22.59,93.75,,2017,6
2017-06-23,22.52,90.7,,2017,6
2017-06-24,22.4,91.32,,2017,6
2017-06-25,21.85,93.98,,2017,6
2017-06-26,22.77,90.12,,2017,6
2017-06-27,22.02,94.59,,2017,6
2017-06-28,21.22,93.19,,2017,6
2017-06-29,22.08,91.45,,2017,6
2017-06-30,22.28,94.59,,2017,6
2017-07-01,22.14,95.53,,2017,7
2017-07-02,22.03,96.42,,2017,7
2017-07-03,22.37,96.12,,2017,7
2017-07-04,22.62,94.88,,2017,7
2017-07-05,22.74,94.29,,2017,7
2017-07-06,22.02,93.26,,2017,7
2017-07-07,22.21,92.36,,2017,7
2017-07-08,22.07,95.02,,2017,7
2017-07-09,21.72,95.98,,2017,7
2017-07-10,22.15,95.17,,2017,7
2017-07-11,21.06,94.0,,2017,7
2017-07-12,20.35,92.11,,2017,7
2017-07-13,22.21,90.06,,2017,7
2017-07-14,22.4,91.54,,2017,7
2017-07-15,23.22,86.51,,2017,7
2017-07-16,23.56,88.3,,2017,7
2017-07-17,22.68,93.85,,2017,7
2017-07-18,23.61,89.34,,2017,7
2017-07-19,21.68,95.31,,2017,7
2017-07-20,21.15,95.92,,2017,7
2017-07-21,22.26,92.75,,2017,7
2017-07-22,22.84,91.13,,2017,7
2017-07-23,22.42,91.31,,2017,7
2017-07-24,20.97,94.95,,2017,7
2017-07-25,20.67,93.79,,2017,7
2017-07-26,21.67,91.71,,2017,7
2017-07-27,21.62,95.02,,2017,7
2017-07-28,22.01,93.44,,2017,7
2017-07-29,22.27,94.22,,2017,7
2017-07-30,23.52,88.46,,2017,7
2017-07-31,23.07,91.99,,2017,7
2017-08-01,22.33,94.7,,2017,8
2017-08-02,23.13,93.09,,2017,8
2017-08-03,22.92,93.65,,2017,8
2017-08-04,23.26,91.05,,2017,8
2017-08-05,23.36,93.37,,2017,8
2017-08-06,23.04,93.34,,2017,8
2017-08-07,22.69,92.86,,2017,8
2017-08-08,22.54,92.82,,2017,8
2017-08-09,21.99,95.81,,2017,8
2017-08-10,22.02,96.18,,2017,8
2017-08-11,22.02,97.82,,2017,8
2017-08-12,21.86,97.55,,2017,8
2017-08-13,21.49,95.01,,2017,8
2017-08-14,22.06,94.08,,2017,8
2017-08-15,22.18,93.37,,2017,8
2017-08-16,22.05,96.82,,2017,8
2017-08-17,23.0,89.99,,2017,8
2017-08-18,21.69,94.89,,2017,8
2017-08-19,22.21,92.08,,2017,8
2017-08-20,22.22,90.64,,2017,8
2017-08-21,22.91,86.66,,2017,8
2017-08-22,23.11,89.71,,2017,8
2017-08-23,22.57,91.01,,2017,8
2017-08-24,22.15,90.54,,2017,8
2017-08-25,22.47,89.93,,2017,8
2017-08-26,22.41,94.63,,2017,8
2017-08-27,22.66,88.57,,2017,8
2017-08-28,22.08,91.25,,2017,8
2017-08-29,21.78,92.5,,2017,8
2017-08-30,21.78,92.94,,2017,8
2017-08-31,22.53,89.83,,2017,8
2017-09-01,22.5,94.82,,2017,9
2017-09-02,22.26,95.3,,2017,9
2017-09-03,21.5,95.94,,2017,9
2017-09-04,21.56,94.61,,2017,9
2017-09-05,22.09,92.86,,2017,9
2017-09-06,22.36,89.4,,2017,9
2017-09-07,22.03,91.4,,2017,9
2017-09-08,21.55,93.15,,2017,9
2017-09-09,21.5,93.62,,2017,9
2017-09-10,21.72,94.86,,2017,9
2017-09-11,22.19,90.31,,2017,9
2017-09-12,21.5,90.36,,2017,9
2017-09-13,21.77,94.04,,2017,9
2017-09-14,21.67,93.07,,2017,9
2017-09-15,23.28,84.53,,2017,9
2017-09-16,23.76,85.4,,2017,9
2017-09-17,22.55,92.11,,2017,9
2017-09-18,21.7,90.9,,2017,9
2017-09-19,21.54,92.73,,2017,9
2017-09-20,21.46,95.56,,2017,9
2017-09-21,21.25,92.47,,2017,9
2017-09-22,21.66,93.32,,2017,9
2017-09-23,22.06,89.43,,2017,9
2017-09-24,22.85,85.83,,2017,9
2017-09-25,22.9,88.52,,2017,9
2017-09-26,22.62,87.48,,2017,9
2017-09-27,21.78,94.53,,2017,9
2017-09-28,21.74,93.81,,2017,9
2017-09-29,21.1,95.14,,2017,9
2017-09-30,21.02,96.08,,2017,9
2017-10-01,20.78,93.78,,2017,10
2017-10-02,21.1,90.66,,2017,10
2017-10-03,21.48,86.3,,2017,10
2017-10-04,21.51,90.34,,2017,10
2017-10-05,21.99,90.14,,2017,10
2017-10-06,21.74,90.35,,2017,10
2017-10-07,21.18,92.33,,2017,10
2017-10-08,21.13,92.67,,2017,10
2017-10-09,21.54,87.0,,2017,10
2017-10-10,21.46,90.08,,2017,10
2017-10-11,22.32,89.42,,2017,10
2017-10-12,22.89,87.87,,2017,10
2017-10-13,20.8,93.69,,2017,10
2017-10-14,21.06,93.89,,2017,10
2017-10-15,20.94,87.2,,2017,10
2017-10-16,20.89,83.9,,2017,10
2017-10-17,21.29,85.68,,2017,10
2017-10-18,20.75,89.05,,2017,10
2017-10-19,20.59,88.53,,2017,10
2017-10-20,19.33,92.92,,2017,10
2017-10-21,18.27,95.41,,2017,10
2017-10-22,18.88,93.14,,2017,10
2017-10-23,18.32,92.02,,2017,10
2017-10-24,17.36,85.49,,2017,10
2017-10-25,16.93,78.47,,2017,10
2017-10-26,17.33,71.65,,2017,10
2017-10-27,17.26,70.66,,2017,10
2017-10-28,16.9,75.93,,2017,10
2017-10-29,16.53,88.57,,2017,10
2017-10-30,15.92,88.75,,2017,10
2017-10-31,15.57,83.11,,2017,10
2017-11-01,15.94,84.68,,2017,11
2017-11-02,16.47,80.11,,2017,11
2017-11-03,16.22,86.05,,2017,11
2017-11-04,17.13,83.27,,2017,11
2017-11-05,18.12,77.19,,2017,11
2017-11-06,18.05,74.06,,2017,11
2017-11-07,17.64,77.67,,2017,11
2017-11-08,16.63,73.93,,2017,11
2017-11-09,17.24,65.19,,2017,11
2017-11-10,17.32,72.31,,2017,11
2017-11-11,17.21,79.01,,2017,11
2017-11-12,17.7,75.47,,2017,11
2017-11-13,17.33,76.65,,2017,11
2017-11-14,16.64,81.49,,2017,11
2017-11-15,16.32,84.66,,2017,11
2017-11-16,17.05,87.22,,2017,11
2017-11-17,17.99,89.62,,2017,11
2017-11-18,18.04,89.75,,2017,11
2017-11-19,17.77,85.14,,2017,11
2017-11-20,16.09,80.93,,2017,11
2017-11-21,15.45,80.0,,2017,11
2017-11-22,15.11,80.94,,2017,11
2017-11-23,14.68,80.03,,2017,11
2017-11-24,14.32,85.48,,2017,11
2017-11-25,15.16,83.04,,2017,11
2017-11-26,13.93,83.81,,2017,11
2017-11-27,13.99,86.63,,2017,11
2017-11-28,12.97,82.77,,2017,11
2017-11-29,13.59,81.08,,2017,11
2017-11-30,14.06,77.66,,2017,11
2017-12-01,14.46,75.41,,2017,12
2017-12-02,13.75,78.66,,2017,12
2017-12-03,13.35,81.59,,2017,12
2017-12-04,13.42,80.9,,2017,12
2017-12-05,13.62,80.88,,2017,12
2017-12-06,13.7,85.65,,2017,12
2017-12-07,14.28,81.29,,2017,12
2017-12-08,14.69,77.09,,2017,12
2017-12-09,16.71,80.79,,2017,12
2017-12-10,16.42,91.15,,2017,12
2017-12-11,15.96,96.07,,2017,12
2017-12-12,15.65,87.8,,2017,12
2017-12-13,13.31,86.05,,2017,12
2017-12-14,13.41,82.53,,2017,12
2017-12-15,13.33,72.31,,2017,12
2017-12-16,12.37,87.04,,2017,12
2017-12-17,12.92,86.55,,2017,12
2017-12-18,12.98,86.2,,2017,12
2017-12-19,12.43,88.08,,2017,12
2017-12-20,13.18,91.03,,2017,12
2017-12-21,12.53,88.28,,2017,12
2017-12-22,13.26,91.22,,2017,12
2017-12-23,13.47,85.86,,2017,12
2017-12-24,13.69,86.99,,2017,12
2017-12-25,14.22,86.44,,2017,12
2017-12-26,14.02,85.76,,2017,12
2017-12-27,13.71,79.57,,2017,12
2017-12-28,13.3,78.96,,2017,12
2017-12-29,14.35,68.69,,2017,12
2017-12-30,14.16,72.74,,2017,12
2017-12-31,14.82,78.1,,2017,12
2018-01-01,14.17,81.34,,2018,1
2018-01-02,12.06,84.49,,2018,1
2018-01-03,11.28,85.22,,2018,1
2018-01-04,9.55,85.77,,2018,1
2018-01-05,10.41,88.17,,2018,1
2018-01-06,9.64,82.34,,2018,1
2018-01-07,8.02,58.86,,2018,1
2018-01-08,6.85,72.37,,2018,1
2018-01-09,8.53,77.95,,2018,1
2018-01-10,9.05,85.11,,2018,1
2018-01-11,9.47,85.29,,2018,1
2018-01-12,9.9,85.82,,2018,1
2018-01-13,11.23,84.65,,2018,1
2018-01-14,11.33,86.45,,2018,1
2018-01-15,11.26,88.33,,2018,1
2018-01-16,11.6,85.59,,2018,1
2018-01-17,12.64,85.64,,2018,1
2018-01-18,12.82,81.98,,2018,1
2018-01-19,12.6,86.27,,2018,1
2018-01-20,12.56,87.63,,2018,1
2018-01-21,12.63,79.79,,2018,1
2018-01-22,12.4,85.16,,2018,1
2018-01-23,12.92,86.39,,2018,1
2018-01-24,12.44,83.24,,2018,1
2018-01-25,10.64,73.72,,2018,1
2018-01-26,9.51,71.17,,2018,1
2018-01-27,7.75,76.18,,2018,1
2018-01-28,7.63,64.83,,2018,1
2018-01-29,8.88,59.64,,2018,1
2018-01-30,8.54,70.15,,2018,1
2018-01-31,10.91,70.57,,2018,1
2018-02-01,11.68,79.04,,2018,2
2018-02-02,12.15,87.73,,2018,2
2018-02-03,12.74,86.19,,2018,2
2018-02-04,11.44,86.85,,2018,2
2018-02-05,13.06,73.48,,2018,2
2018-02-06,12.56,84.06,,2018,2
2018-02-07,12.22,74.06,,2018,2
2018-02-08,11.32,76.32,,2018,2
2018-02-09,11.0,73.0,,2018,2
2018-02-10,11.7,69.33,,2018,2
2018-02-11,12.14,54.41,,2018,2
2018-02-12,14.6,57.04,,2018,2
2018-02-13,15.29,62.26,,2018,2
2018-02-14,13.29,75.66,,2018,2
2018-02-15,12.87,77.19,,2018,2
2018-02-16,13.29,78.05,,2018,2
2018-02-17,12.73,67.99,,2018,2
2018-02-18,12.42,71.37,,2018,2
2018-02-19,12.76,72.44,,2018,2
2018-02-20,14.65,66.38,,2018,2
2018-02-21,13.83,71.66,,2018,2
2018-02-22,13.9,65.62,,2018,2
2018-02-23,14.11,71.84,,2018,2
2018-02-24,16.05,67.01,,2018,2
2018-02-25,16.18,71.73,,2018,2
2018-02-26,14.8,81.77,,2018,2
2018-02-27,15.45,70.32,,2018,2
2018-02-28,15.56,81.8,,2018,2
2018-03-01,15.42,81.28,,2018,3
2018-03-02,14.91,83.0,,2018,3
2018-03-03,14.98,78.25,,2018,3
2018-03-04,15.45,78.43,,2018,3
2018-03-05,16.35,74.4,,2018,3
2018-03-06,15.31,67.61,,2018,3
2018-03-07,15.13,53.37,,2018,3
2018-03-08,16.22,59.69,,2018,3
2018-03-09,16.98,62.93,,2018,3
2018-03-10,15.15,61.05,,2018,3
2018-03-11,15.64,55.66,,2018,3
2018-03-12,15.92,62.43,,2018,3
2018-03-13,16.53,64.24,,2018,3
2018-03-14,17.41,66.67,,2018,3
2018-03-15,16.97,79.19,,2018,3
2018-03-16,15.97,86.55,,2018,3
2018-03-17,16.04,81.72,,2018,3
2018-03-18,15.8,72.3,,2018,3
2018-03-19,17.75,47.86,,2018,3
2018-03-20,17.95,52.28,,2018,3
2018-03-21,18.36,57.95,,2018,3
2018-03-22,18.2,64.08,,2018,3
2018-03-23,17.6,72.24,,2018,3
2018-03-24,18.29,71.2,,2018,3
2018-03-25,17.98,72.4,,2018,3
2018-03-26,17.43,76.81,,2018,3
2018-03-27,18.06,66.84,,2018,3
2018-03-28,18.39,71.06,,2018,3
2018-03-29,17.63,75.65,,2018,3
2018-03-30,17.26,80.73,,2018,3
2018-03-31,17.63,68.94,,2018,3
2018-04-01,18.18,67.08,,2018,4
2018-04-02,19.18,67.95,,2018,4
2018-04-03,19.04,72.11,,2018,4
2018-04-04,19.33,69.27,,2018,4
2018-04-05,17.99,77.71,,2018,4
2018-04-06,18.22,77.21,,2018,4
2018-04-07,18.69,80.73,,2018,4
2018-04-08,17.6,89.43,,2018,4
2018-04-09,17.65,86.92,,2018,4
2018-04-10,18.1,85.25,,2018,4
2018-04-11,17.75,86.5,,2018,4
2018-04-12,17.55,86.77,,2018,4
2018-04-13,17.41,86.0,,2018,4
2018-04-14,17.57,87.58,,2018,4
2018-04-15,18.87,77.52,,2018,4
2018-04-16,20.63,64.24,,2018,4
2018-04-17,20.03,71.99,,2018,4
2018-04-18,19.31,80.18,,2018,4
2018-04-19,18.15,88.3,,2018,4
2018-04-20,19.09,87.75,,2018,4
2018-04-21,20.49,91.33,,2018,4
2018-04-22,20.18,88.89,,2018,4
2018-04-23,19.45,80.57,,2018,4
2018-04-24,19.7,62.78,,2018,4
2018-04-25,20.13,61.56,,2018,4
2018-04-26,19.98,55.02,,2018,4
2018-04-27,19.0,71.04,,2018,4
2018-04-28,19.86,73.86,,2018,4
2018-04-29,17.85,91.61,,2018,4
2018-04-30,18.48,88.51,,2018,4
2018-05-01,18.68,82.09,,2018,5
2018-05-02,18.64,83.45,,2018,5
2018-05-03,18.69,83.55,,2018,5
2018-05-04,18.25,89.84,,2018,5
2018-05-05,19.22,90.78,,2018,5
2018-05-06,20.59,91.52,,2018,5
2018-05-07,20.94,90.59,,2018,5
2018-05-08,21.09,91.35,,2018,5
2018-05-09,21.05,92.91,,2018,5
2018-05-10,19.48,90.76,,2018,5
2018-05-11,19.24,81.59,,2018,5
2018-05-12,20.26,79.8,,2018,5
2018-05-13,20.07,80.74,,2018,5
2018-05-14,19.72,91.5,,2018,5
2018-05-15,19.81,90.74,,2018,5
2018-05-16,19.72,86.09,,2018,5
2018-05-17,19.84,84.7,,2018,5
2018-05-18,20.01,90.77,,2018,5
2018-05-19,20.51,91.29,,2018,5
2018-05-20,21.21,93.25,,2018,5
2018-05-21,21.57,91.72,,2018,5
2018-05-22,21.06,95.36,,2018,5
2018-05-23,21.73,90.07,,2018,5
2018-05-24,21.14,93.02,,2018,5
2018-05-25,21.41,92.97,,2018,5
2018-05-26,21.82,94.04,,2018,5
2018-05-27,21.68,91.72,,2018,5
2018-05-28,21.43,89.33,,2018,5
2018-05-29,21.67,77.53,,2018,5
2018-05-30,21.49,83.26,,2018,5
2018-05-31,21.43,90.55,,2018,5
2018-06-01,21.26,89.67,,2018,6
2018-06-02,21.41,85.79,,2018,6
2018-06-03,21.29,90.32,,2018,6
2018-06-04,21.73,87.77,,2018,6
2018-06-05,22.18,87.04,,2018,6
2018-06-06,23.23,86.96,,2018,6
2018-06-07,22.59,90.61,,2018,6
2018-06-08,22.6,89.73,,2018,6
2018-06-09,22.56,91.02,,2018,6
2018-06-10,22.84,89.12,,2018,6
2018-06-11,22.73,89.36,,2018,6
2018-06-12,22.97,91.96,,2018,6
2018-06-13,22.1,94.19,,2018,6
2018-06-14,22.49,95.13,,2018,6
2018-06-15,21.57,95.31,,2018,6
2018-06-16,21.14,94.23,,2018,6
2018-06-17,21.21,92.43,,2018,6
2018-06-18,22.26,90.17,,2018,6
2018-06-19,22.45,88.92,,2018,6
2018-06-20,22.74,88.01,,2018,6
2018-06-21,22.4,92.07,,2018,6
2018-06-22,22.25,92.26,,2018,6
2018-06-23,22.63,91.76,,2018,6
2018-06-24,22.6,93.29,,2018,6
2018-06-25,22.73,92.31,,2018,6
2018-06-26,22.47,91.59,,2018,6
2018-06-27,22.14,91.15,,2018,6
2018-06-28,21.61,94.25,,2018,6
2018-06-29,22.04,91.78,,2018,6
2018-06-30,21.32,96.13,,2018,6
2018-07-01,21.98,96.16,,2018,7
2018-07-02,22.36,95.18,,2018,7
2018-07-03,22.11,96.49,,2018,7
2018-07-04,22.37,95.6,,2018,7
2018-07-05,22.5,92.6,,2018,7
2018-07-06,23.31,90.46,,2018,7
2018-07-07,22.2,92.18,,2018,7
2018-07-08,22.87,91.14,,2018,7
2018-07-09,22.97,90.95,,2018,7
2018-07-10,22.5,91.17,,2018,7
2018-07-11,23.19,90.83,,2018,7
2018-07-12,22.06,93.2,,2018,7
2018-07-13,22.66,90.37,,2018,7
2018-07-14,23.65,88.38,,2018,7
2018-07-15,23.74,87.5,,2018,7
2018-07-16,23.43,92.09,,2018,7
2018-07-17,22.62,91.99,,2018,7
2018-07-18,23.13,88.74,,2018,7
2018-07-19,24.36,87.87,,2018,7
2018-07-20,24.97,89.56,,2018,7
2018-07-21,22.55,91.01,,2018,7
2018-07-22,21.56,93.99,,2018,7
2018-07-23,22.05,92.8,,2018,7
2018-07-24,21.83,94.6,,2018,7
2018-07-25,22.28,93.64,,2018,7
2018-07-26,22.48,92.41,,2018,7
2018-07-27,22.48,91.35,,2018,7
2018-07-28,22.9,93.11,,2018,7
2018-07-29,22.23,93.5,,2018,7
2018-07-30,21.95,95.42,,2018,7
2018-07-31,21.88,92.66,,2018,7
2018-08-01,21.87,93.84,,2018,8
2018-08-02,21.68,95.22,,2018,8
2018-08-03,21.72,92.97,,2018,8
2018-08-04,22.41,92.59,,2018,8
2018-08-05,23.1,91.2,,2018,8
2018-08-06,22.36,92.84,,2018,8
2018-08-07,23.18,88.34,,2018,8
2018-08-08,21.99,93.91,,2018,8
2018-08-09,21.95,91.26,,2018,8
2018-08-10,22.26,90.77,,2018,8
2018-08-11,22.35,93.4,,2018,8
2018-08-12,21.75,93.39,,2018,8
2018-08-13,22.39,92.66,,2018,8
2018-08-14,22.49,92.98,,2018,8
2018-08-15,23.3,90.25,,2018,8
2018-08-16,23.19,89.65,,2018,8
2018-08-17,23.26,90.05,,2018,8
2018-08-18,23.94,86.99,,2018,8
2018-08-19,24.14,88.1,,2018,8
2018-08-20,24.05,88.4,,2018,8
2018-08-21,22.61,93.13,,2018,8
2018-08-22,22.31,93.29,,2018,8
2018-08-23,23.09,90.49,,2018,8
2018-08-24,22.19,96.66,,2018,8
2018-08-25,21.71,93.56,,2018,8
2018-08-26,22.46,91.16,,2018,8
2018-08-27,21.56,92.19,,2018,8
2018-08-28,21.37,94.13,,2018,8
2018-08-29,22.15,94.16,,2018,8
2018-08-30,22.33,91.28,,2018,8
2018-08-31,22.66,91.6,,2018,8
2018-09-01,22.35,91.49,,2018,9
2018-09-02,21.79,92.77,,2018,9
2018-09-03,22.13,93.26,,2018,9
2018-09-04,23.18,89.52,,2018,9
2018-09-05,22.72,92.41,,2018,9
2018-09-06,22.58,90.18,,2018,9
2018-09-07,21.69,91.04,,2018,9
2018-09-08,21.77,91.91,,2018,9
2018-09-09,21.79,93.39,,2018,9
2018-09-10,21.02,94.53,,2018,9
2018-09-11,21.41,94.26,,2018,9
2018-09-12,21.35,95.53,,2018,9
2018-09-13,21.05,95.14,,2018,9
2018-09-14,21.0,96.34,,2018,9
2018-09-15,22.67,83.67,,2018,9
2018-09-16,22.37,86.9,,2018,9
2018-09-17,23.04,86.5,,2018,9
2018-09-18,23.12,88.55,,2018,9
2018-09-19,22.22,92.14,,2018,9
2018-09-20,21.97,90.47,,2018,9
2018-09-21,20.86,94.09,,2018,9
2018-09-22,21.11,90.35,,2018,9
2018-09-23,21.62,89.19,,2018,9
2018-09-24,20.8,92.98,,2018,9
2018-09-25,21.09,93.87,,2018,9
2018-09-26,21.0,92.59,,2018,9
2018-09-27,20.83,89.14,,2018,9
2018-09-28,20.76,85.83,,2018,9
2018-09-29,21.21,88.33,,2018,9
2018-09-30,21.06,88.96,,2018,9
2018-10-01,20.34,83.81,,2018,10
2018-10-02,19.97,87.68,,2018,10
2018-10-03,19.91,83.25,,2018,10
2018-10-04,19.59,81.93,,2018,10
2018-10-05,19.85,82.57,,2018,10
2018-10-06,19.67,84.01,,2018,10
2018-10-07,19.9,80.27,,2018,10
2018-10-08,18.24,85.52,,2018,10
2018-10-09,18.42,79.89,,2018,10
2018-10-10,17.08,91.7,,2018,10
2018-10-11,17.79,92.32,,2018,10
2018-10-12,18.07,87.2,,2018,10
2018-10-13,17.18,94.67,,2018,10
2018-10-14,18.99,85.15,,2018,10
2018-10-15,16.53,87.2,,2018,10
2018-10-16,16.21,79.29,,2018,10
2018-10-17,16.64,82.25,,2018,10
2018-10-18,16.89,87.68,,2018,10
2018-10-19,17.48,80.47,,2018,10
2018-10-20,17.86,79.61,,2018,10
2018-10-21,18.07,80.39,,2018,10
2018-10-22,18.23,79.36,,2018,10
2018-10-23,18.01,77.78,,2018,10
2018-10-24,17.79,82.24,,2018,10
2018-10-25,17.45,83.0,,2018,10
2018-10-26,18.0,79.51,,2018,10
2018-10-27,17.92,86.78,,2018,10
2018-10-28,18.02,81.45,,2018,10
2018-10-29,17.24,76.74,,2018,10
2018-10-30,16.82,88.61,,2018,10
2018-10-31,17.98,85.32,,2018,10
2018-11-01,18.31,84.52,,2018,11
2018-11-02,17.74,85.0,,2018,11
2018-11-03,16.7,88.33,,2018,11
2018-11-04,15.84,91.81,,2018,11
2018-11-05,15.8,92.38,,2018,11
2018-11-06,15.79,91.63,,2018,11
2018-11-07,14.14,77.06,,2018,11
2018-11-08,15.36,75.57,,2018,11
2018-11-09,15.21,81.89,,2018,11
2018-11-10,15.29,79.78,,2018,11
2018-11-11,15.7,76.35,,2018,11
2018-11-12,15.52,75.97,,2018,11
2018-11-13,14.65,84.96,,2018,11
2018-11-14,14.05,84.77,,2018,11
2018-11-15,14.09,85.87,,2018,11
2018-11-16,13.63,88.09,,2018,11
2018-11-17,13.43,91.03,,2018,11
2018-11-18,14.13,62.67,,2018,11
2018-11-19,13.53,74.36,,2018,11
2018-11-20,13.3,77.12,,2018,11
2018-11-21,13.31,81.71,,2018,11
2018-11-22,14.0,82.68,,2018,11
2018-11-23,14.32,80.42,,2018,11
2018-11-24,14.05,84.96,,2018,11
2018-11-25,13.71,85.13,,2018,11
2018-11-26,14.18,80.35,,2018,11
2018-11-27,14.88,78.43,,2018,11
2018-11-28,14.1,75.23,,2018,11
2018-11-29,14.18,72.41,,2018,11
2018-11-30,13.99,70.78,,2018,11
2018-12-01,13.18,76.26,,2018,12
2018-12-02,12.56,81.93,,2018,12
2018-12-03,12.63,80.81,,2018,12
2018-12-04,12.92,81.87,,2018,12
2018-12-05,13.93,75.6,,2018,12
2018-12-06,12.94,82.69,,2018,12
2018-12-07,12.54,83.8,,2018,12
2018-12-08,12.54,79.01,,2018,12
2018-12-09,12.23,80.68,,2018,12
2018-12-10,12.76,75.99,,2018,12
2018-12-11,13.84,71.15,,2018,12
2018-12-12,14.39,65.02,,2018,12
2018-12-13,13.89,68.2,,2018,12
2018-12-14,12.3,81.99,,2018,12
2018-12-15,13.15,72.39,,2018,12
2018-12-16,14.38,65.96,,2018,12
2018-12-17,13.89,76.71,,2018,12
2018-12-18,12.55,95.87,,2018,12
2018-12-19,12.77,88.01,,2018,12
2018-12-20,12.16,87.2,,2018,12
2018-12-21,11.89,88.08,,2018,12
2018-12-22,12.44,81.68,,2018,12
2018-12-23,12.44,74.46,,2018,12
2018-12-24,12.02,75.7,,2018,12
2018-12-25,10.8,87.51,,2018,12
2018-12-26,10.07,81.14,,2018,12
2018-12-27,9.92,80.56,,2018,12
2018-12-28,9.21,77.53,,2018,12
2018-12-29,8.17,69.07,,2018,12
2018-12-30,8.92,71.11,,2018,12
2018-12-31,12.94,49.57,,2018,12
2019-01-01,11.37,62.39,,2019,1
2019-01-02,10.44,71.48,,2019,1
2019-01-03,10.06,80.2,,2019,1
2019-01-04,9.33,72.23,,2019,1
2019-01-05,9.57,72.83,,2019,1
2019-01-06,12.34,64.59,,2019,1
2019-01-07,12.68,64.39,,2019,1
2019-01-08,10.9,72.76,,2019,1
2019-01-09,10.57,71.38,,2019,1
2019-01-10,10.2,73.26,,2019,1
2019-01-11,9.92,79.69,,2019,1
2019-01-12,11.76,62.07,,2019,1
2019-01-13,11.77,63.94,,2019,1
2019-01-14,10.57,76.09,,2019,1
2019-01-15,9.95,68.34,,2019,1
2019-01-16,10.15,76.29,,2019,1
2019-01-17,12.28,68.71,,2019,1
2019-01-18,10.79,74.72,,2019,1
2019-01-19,10.41,77.42,,2019,1
2019-01-20,10.91,79.43,,2019,1
2019-01-21,12.09,72.43,,2019,1
2019-01-22,12.92,73.08,,2019,1
2019-01-23,12.77,73.04,,2019,1
2019-01-24,13.13,68.84,,2019,1
2019-01-25,13.71,63.87,,2019,1
2019-01-26,14.32,63.04,,2019,1
2019-01-27,14.06,64.41,,2019,1
2019-01-28,13.25,70.39,,2019,1
2019-01-29,10.75,76.98,,2019,1
2019-01-30,9.24,61.59,,2019,1
2019-01-31,10.87,65.59,,2019,1
2019-02-01,13.13,57.97,,2019,2
2019-02-02,11.99,64.73,,2019,2
2019-02-03,11.08,67.0,,2019,2
2019-02-04,10.99,61.95,,2019,2
2019-02-05,12.1,63.32,,2019,2
2019-02-06,11.4,64.28,,2019,2
2019-02-07,13.09,61.94,,2019,2
2019-02-08,14.82,64.66,,2019,2
2019-02-09,13.37,80.56,,2019,2
2019-02-10,11.54,64.98,,2019,2
2019-02-11,11.74,66.71,,2019,2
2019-02-12,13.7,63.21,,2019,2
2019-02-13,14.69,64.49,,2019,2
2019-02-14,15.87,64.22,,2019,2
2019-02-15,14.84,68.73,,2019,2
2019-02-16,13.64,71.8,,2019,2
2019-02-17,10.04,88.75,,2019,2
2019-02-18,9.21,80.26,,2019,2
2019-02-19,10.52,65.77,,2019,2
2019-02-20,12.6,69.38,,2019,2
2019-02-21,12.29,76.95,,2019,2
2019-02-22,13.79,71.96,,2019,2
2019-02-23,13.99,75.74,,2019,2
2019-02-24,13.27,61.9,,2019,2
2019-02-25,12.99,55.85,,2019,2
2019-02-26,12.86,72.04,,2019,2
2019-02-27,12.87,82.96,,2019,2
2019-02-28,11.95,90.76,,2019,2
2019-03-01,9.72,66.17,,2019,3
2019-03-02,10.95,62.83,,2019,3
2019-03-03,13.31,64.09,,2019,3
2019-03-04,12.91,69.16,,2019,3
2019-03-05,13.55,83.95,,2019,3
2019-03-06,13.31,77.5,,2019,3
2019-03-07,12.93,71.79,,2019,3
2019-03-08,11.89,59.47,,2019,3
2019-03-09,12.38,54.94,,2019,3
2019-03-10,14.11,62.04,,2019,3
2019-03-11,14.96,75.69,,2019,3
2019-03-12,15.09,65.69,,2019,3
2019-03-13,15.98,55.94,,2019,3
2019-03-14,18.55,50.81,,2019,3
2019-03-15,17.39,62.87,,2019,3
2019-03-16,16.61,69.77,,2019,3
2019-03-17,17.45,58.23,,2019,3
2019-03-18,16.63,57.89,,2019,3
2019-03-19,15.35,71.97,,2019,3
2019-03-20,15.02,60.72,,2019,3
2019-03-21,16.41,54.12,,2019,3
2019-03-22,16.53,70.53,,2019,3
2019-03-23,16.72,76.4,,2019,3
2019-03-24,17.13,48.07,,2019,3
2019-03-25,18.42,43.76,,2019,3
2019-03-26,18.08,57.03,,2019,3
2019-03-27,16.62,63.6,,2019,3
2019-03-28,17.96,62.65,,2019,3
2019-03-29,18.39,69.6,,2019,3
2019-03-30,18.4,74.58,,2019,3
2019-03-31,17.72,89.26,,2019,3
2019-04-01,17.49,90.25,,2019,4
2019-04-02,17.26,86.5,,2019,4
2019-04-03,17.1,78.72,,2019,4
2019-04-04,17.38,76.56,,2019,4
2019-04-05,18.01,78.42,,2019,4
2019-04-06,18.24,77.93,,2019,4
2019-04-07,17.62,82.35,,2019,4
2019-04-08,16.65,87.41,,2019,4
2019-04-09,16.01,93.85,,2019,4
2019-04-10,17.58,81.97,,2019,4
2019-04-11,19.06,77.78,,2019,4
2019-04-12,19.75,78.53,,2019,4
2019-04-13,20.08,78.47,,2019,4
2019-04-14,20.12,77.2,,2019,4
2019-04-15,19.83,77.78,,2019,4
2019-04-16,20.24,79.42,,2019,4
2019-04-17,20.37,80.45,,2019,4
2019-04-18,19.15,74.86,,2019,4
2019-04-19,18.98,71.58,,2019,4
2019-04-20,19.09,64.85,,2019,4
2019-04-21,19.03,67.67,,2019,4
2019-04-22,19.73,67.49,,2019,4
2019-04-23,19.35,72.17,,2019,4
2019-04-24,20.63,71.77,,2019,4
2019-04-25,21.6,71.76,,2019,4
2019-04-26,22.05,72.71,,2019,4
2019-04-27,20.73,80.79,,2019,4
2019-04-28,21.07,86.86,,2019,4
2019-04-29,20.51,88.63,,2019,4
2019-04-30,20.76,89.65,,2019,4
2019-05-01,21.3,89.57,,2019,5
2019-05-02,21.12,87.49,,2019,5
2019-05-03,20.09,86.93,,2019,5
2019-05-04,19.6,91.29,,2019,5
2019-05-05,19.54,86.44,,2019,5
2019-05-06,20.49,86.5,,2019,5
2019-05-07,20.8,79.44,,2019,5
2019-05-08,20.7,83.62,,2019,5
2019-05-09,21.21,90.36,,2019,5
2019-05-10,21.62,89.86,,2019,5
2019-05-11,21.66,92.21,,2019,5
2019-05-12,21.26,92.32,,2019,5
2019-05-13,21.1,89.7,,2019,5
2019-05-14,21.03,83.75,,2019,5
2019-05-15,20.35,81.99,,2019,5
2019-05-16,20.86,80.3,,2019,5
2019-05-17,20.41,90.43,,2019,5
2019-05-18,20.99,91.4,,2019,5
2019-05-19,21.16,91.51,,2019,5
2019-05-20,20.74,85.85,,2019,5
2019-05-21,21.38,83.78,,2019,5
2019-05-22,21.41,88.71,,2019,5
2019-05-23,20.18,91.56,,2019,5
2019-05-24,21.13,92.05,,2019,5
2019-05-25,21.47,93.91,,2019,5
2019-05-26,20.83,88.31,,2019,5
2019-05-27,20.64,85.56,,2019,5
2019-05-28,21.76,75.35,,2019,5
2019-05-29,22.16,74.61,,2019,5
2019-05-30,21.17,86.51,,2019,5
2019-05-31,21.45,81.85,,2019,5
2019-06-01,20.57,88.96,,2019,6
2019-06-02,21.62,85.9,,2019,6
2019-06-03,20.5,90.09,,2019,6
2019-06-04,21.21,92.58,,2019,6
2019-06-05,21.01,93.06,,2019,6
2019-06-06,20.92,93.45,,2019,6
2019-06-07,21.51,92.79,,2019,6
2019-06-08,21.12,91.89,,2019,6
2019-06-09,22.0,93.09,,2019,6
2019-06-10,22.54,90.54,,2019,6
2019-06-11,22.99,88.19,,2019,6
2019-06-12,23.65,83.34,,2019,6
2019-06-13,24.41,83.59,,2019,6
2019-06-14,22.77,94.87,,2019,6
2019-06-15,22.94,92.4,,2019,6
2019-06-16,22.43,93.59,,2019,6
2019-06-17,22.67,93.25,,2019,6
2019-06-18,23.31,87.17,,2019,6
2019-06-19,24.47,77.4,,2019,6
2019-06-20,22.56,93.49,,2019,6
2019-06-21,23.26,90.61,,2019,6
2019-06-22,22.84,91.67,,2019,6
2019-06-23,22.98,89.91,,2019,6
2019-06-24,22.93,91.67,,2019,6
2019-06-25,23.09,92.96,,2019,6
2019-06-26,22.56,96.54,,2019,6
2019-06-27,22.23,97.08,,2019,6
2019-06-28,22.87,94.37,,2019,6
2019-06-29,22.74,91.62,,2019,6
2019-06-30,24.16,85.33,,2019,6
2019-07-01,24.44,89.4,,2019,7
2019-07-02,23.57,88.04,,2019,7
2019-07-03,22.63,91.37,,2019,7
2019-07-04,23.66,88.6,,2019,7
2019-07-05,23.14,93.47,,2019,7
2019-07-06,23.22,93.13,,2019,7
2019-07-07,23.29,93.77,,2019,7
2019-07-08,22.81,95.22,,2019,7
2019-07-09,22.37,95.18,,2019,7
2019-07-10,22.24,96.96,,2019,7
2019-07-11,22.19,97.05,,2019,7
2019-07-12,21.69,96.65,,2019,7
2019-07-13,21.72,95.44,,2019,7
2019-07-14,21.37,96.33,,2019,7
2019-07-15,21.58,96.42,,2019,7
2019-07-16,21.79,91.07,,2019,7
2019-07-17,23.19,82.7,,2019,7
2019-07-18,23.74,85.27,,2019,7
2019-07-19,23.81,84.09,,2019,7
2019-07-20,22.69,90.53,,2019,7
2019-07-21,22.6,92.49,,2019,7
2019-07-22,21.66,95.01,,2019,7
2019-07-23,21.56,93.78,,2019,7
2019-07-24,21.87,95.83,,2019,7
2019-07-25,22.25,92.97,,2019,7
2019-07-26,22.51,91.34,,2019,7
2019-07-27,22.18,90.47,,2019,7
2019-07-28,22.73,90.19,,2019,7
2019-07-29,21.7,92.42,,2019,7
2019-07-30,21.54,93.36,,2019,7
2019-07-31,21.4,93.75,,2019,7
2019-08-01,22.3,89.62,,2019,8
2019-08-02,22.75,89.28,,2019,8
2019-08-03,23.34,89.43,,2019,8
2019-08-04,23.28,89.02,,2019,8
2019-08-05,24.0,89.48,,2019,8
2019-08-06,23.43,92.59,,2019,8
2019-08-07,23.17,90.14,,2019,8
2019-08-08,22.14,90.87,,2019,8
2019-08-09,22.8,90.91,,2019,8
2019-08-10,23.52,88.96,,2019,8
2019-08-11,24.52,83.52,,2019,8
2019-08-12,24.51,88.01,,2019,8
2019-08-13,21.96,92.6,,2019,8
2019-08-14,21.59,93.76,,2019,8
2019-08-15,22.03,93.61,,2019,8
2019-08-16,22.28,96.57,,2019,8
2019-08-17,22.9,91.85,,2019,8
2019-08-18,22.4,92.83,,2019,8
2019-08-19,22.58,90.61,,2019,8
2019-08-20,22.63,92.56,,2019,8
2019-08-21,23.32,87.17,,2019,8
2019-08-22,23.47,87.77,,2019,8
2019-08-23,22.5,93.66,,2019,8
2019-08-24,22.38,91.9,,2019,8
2019-08-25,23.13,86.85,,2019,8
2019-08-26,23.28,86.95,,2019,8
2019-08-27,23.61,87.52,,2019,8
2019-08-28,23.41,87.57,,2019,8
2019-08-29,23.3,88.75,,2019,8
2019-08-30,23.79,86.6,,2019,8
2019-08-31,22.61,91.28,,2019,8
2019-09-01,22.59,88.81,,2019,9
2019-09-02,23.45,89.41,,2019,9
2019-09-03,23.14,90.62,,2019,9
2019-09-04,22.1,91.15,,2019,9
2019-09-05,21.88,92.08,,2019,9
2019-09-06,22.87,86.59,,2019,9
2019-09-07,22.95,89.87,,2019,9
2019-09-08,21.88,93.59,,2019,9
2019-09-09,22.59,93.28,,2019,9
2019-09-10,22.27,94.67,,2019,9
2019-09-11,22.81,94.11,,2019,9
2019-09-12,21.79,95.43,,2019,9
2019-09-13,21.67,95.45,,2019,9
2019-09-14,21.54,93.25,,2019,9
2019-09-15,21.76,91.59,,2019,9
2019-09-16,21.8,91.54,,2019,9
2019-09-17,21.6,88.58,,2019,9
2019-09-18,22.73,82.29,,2019,9
2019-09-19,22.28,85.59,,2019,9
2019-09-20,21.81,87.68,,2019,9
2019-09-21,21.59,89.42,,2019,9
2019-09-22,21.51,90.52,,2019,9
2019-09-23,20.14,93.69,,2019,9
2019-09-24,19.97,90.03,,2019,9
2019-09-25,19.64,89.34,,2019,9
2019-09-26,20.01,87.3,,2019,9
2019-09-27,20.38,90.23,,2019,9
2019-09-28,19.78,92.15,,2019,9
2019-09-29,19.03,89.09,,2019,9
2019-09-30,18.59,93.84,,2019,9
2019-10-01,18.46,95.65,,2019,10
2019-10-02,19.99,90.94,,2019,10
2019-10-03,20.47,91.96,,2019,10
2019-10-04,20.82,86.17,,2019,10
2019-10-05,21.08,87.89,,2019,10
2019-10-06,20.81,86.57,,2019,10
2019-10-07,20.84,84.53,,2019,10
2019-10-08,20.05,91.13,,2019,10
2019-10-09,19.76,89.52,,2019,10
2019-10-10,18.36,92.82,,2019,10
2019-10-11,19.72,87.06,,2019,10
2019-10-12,19.44,82.32,,2019,10
2019-10-13,19.08,86.52,,2019,10
2019-10-14,19.7,79.14,,2019,10
2019-10-15,20.21,84.31,,2019,10
2019-10-16,20.15,88.56,,2019,10
2019-10-17,20.0,86.02,,2019,10
2019-10-18,20.55,79.7,,2019,10
2019-10-19,20.44,79.55,,2019,10
2019-10-20,19.02,81.69,,2019,10
2019-10-21,18.73,85.37,,2019,10
2019-10-22,17.76,90.81,,2019,10
2019-10-23,17.96,71.39,,2019,10
2019-10-24,16.24,90.68,,2019,10
2019-10-25,16.76,92.91,,2019,10
2019-10-26,18.17,97.11,,2019,10
2019-10-27,18.69,88.69,,2019,10
2019-10-28,17.91,88.69,,2019,10
2019-10-29,18.51,88.26,,2019,10
2019-10-30,18.47,90.52,,2019,10
2019-10-31,18.3,88.88,,2019,10
2019-11-01,18.31,86.91,,2019,11
2019-11-02,18.12,85.24,,2019,11
2019-11-03,18.17,85.84,,2019,11
2019-11-04,17.5,88.72,,2019,11
2019-11-05,16.98,88.76,,2019,11
2019-11-06,16.92,80.95,,2019,11
2019-11-07,16.84,87.41,,2019,11
2019-11-08,17.86,86.05,,2019,11
2019-11-09,17.26,92.11,,2019,11
2019-11-10,16.2,92.42,,2019,11
2019-11-11,17.99,88.86,,2019,11
2019-11-12,17.8,90.23,,2019,11
2019-11-13,17.46,89.71,,2019,11
2019-11-14,17.63,85.8,,2019,11
2019-11-15,17.46,88.33,,2019,11
2019-11-16,16.82,87.72,,2019,11
2019-11-17,16.21,89.55,,2019,11
2019-11-18,16.2,84.07,,2019,11
2019-11-19,15.3,88.56,,2019,11
2019-11-20,15.08,87.32,,2019,11
2019-11-21,14.15,83.69,,2019,11
2019-11-22,14.3,82.22,,2019,11
2019-11-23,14.43,80.49,,2019,11
2019-11-24,15.41,89.74,,2019,11
2019-11-25,15.24,88.13,,2019,11
2019-11-26,15.22,86.52,,2019,11
2019-11-27,15.83,81.09,,2019,11
2019-11-28,16.68,71.42,,2019,11
2019-11-29,16.43,64.15,,2019,11
2019-11-30,14.31,81.83,,2019,11
2019-12-01,13.19,85.33,,2019,12
2019-12-02,12.98,87.64,,2019,12
2019-12-03,12.37,83.09,,2019,12
2019-12-04,11.61,85.37,,2019,12
2019-12-05,12.47,74.75,,2019,12
2019-12-06,14.23,60.35,,2019,12
2019-12-07,14.3,75.1,,2019,12
2019-12-08,13.61,80.57,,2019,12
2019-12-09,13.32,83.75,,2019,12
2019-12-10,12.63,87.52,,2019,12
2019-12-11,13.11,88.84,,2019,12
2019-12-12,12.9,84.71,,2019,12
2019-12-13,12.01,87.25,,2019,12
2019-12-14,12.5,83.57,,2019,12
2019-12-15,13.07,81.93,,2019,12
2019-12-16,12.65,87.47,,2019,12
2019-12-17,11.03,80.64,,2019,12
2019-12-18,9.86,85.96,,2019,12
2019-12-19,11.02,86.47,,2019,12
2019-12-20,11.12,87.29,,2019,12
2019-12-21,10.71,87.91,,2019,12
2019-12-22,11.23,85.42,,2019,12
2019-12-23,10.95,75.64,,2019,12
2019-12-24,9.6,84.23,,2019,12
2019-12-25,9.48,74.17,,2019,12
2019-12-26,10.82,61.27,,2019,12
2019-12-27,10.41,75.83,,2019,12
2019-12-28,9.14,86.3,,2019,12
2019-12-29,9.28,77.82,,2019,12
2019-12-30,9.55,80.52,,2019,12
2019-12-31,11.23,78.44,,2019,12
2020-01-01,11.8,85.37,,2020,1
2020-01-02,13.55,85.18,,2020,1
2020-01-03,11.68,90.4,,2020,1
2020-01-04,11.3,92.05,,2020,1
2020-01-05,9.54,84.94,,2020,1
2020-01-06,8.03,80.25,,2020,1
2020-01-07,8.74,84.13,,2020,1
2020-01-08,10.85,81.19,,2020,1
2020-01-09,10.88,85.97,,2020,1
2020-01-10,10.68,85.76,,2020,1
2020-01-11,10.32,86.75,,2020,1
2020-01-12,10.66,84.2,,2020,1
2020-01-13,10.91,87.02,,2020,1
2020-01-14,11.44,87.45,,2020,1
2020-01-15,11.61,84.9,,2020,1
2020-01-16,12.18,82.41,,2020,1
2020-01-17,12.41,83.26,,2020,1
2020-01-18,12.51,81.69,,2020,1
2020-01-19,11.86,87.0,,2020,1
2020-01-20,10.78,84.92,,2020,1
2020-01-21,8.86,74.18,,2020,1
2020-01-22,8.63,72.46,,2020,1
2020-01-23,8.05,66.51,,2020,1
2020-01-24,6.56,78.01,,2020,1
2020-01-25,9.41,72.51,,2020,1
2020-01-26,9.42,79.27,,2020,1
2020-01-27,9.48,80.69,,2020,1
2020-01-28,9.24,83.35,,2020,1
2020-01-29,10.17,81.42,,2020,1
2020-01-30,11.2,83.46,,2020,1
2020-01-31,10.06,85.67,,2020,1
2020-02-01,8.61,84.64,,2020,2
2020-02-02,8.29,77.58,,2020,2
2020-02-03,7.73,80.73,,2020,2
2020-02-04,9.16,82.15,,2020,2
2020-02-05,9.54,73.27,,2020,2
2020-02-06,9.66,70.7,,2020,2
2020-02-07,10.44,69.64,,2020,2
2020-02-08,11.35,74.32,,2020,2
2020-02-09,11.78,67.59,,2020,2
2020-02-10,10.53,71.67,,2020,2
2020-02-11,10.43,69.5,,2020,2
2020-02-12,11.87,68.04,,2020,2
2020-02-13,12.89,66.93,,2020,2
2020-02-14,12.05,67.86,,2020,2
2020-02-15,12.19,85.73,,2020,2
2020-02-16,13.89,82.97,,2020,2
2020-02-17,14.09,81.59,,2020,2
2020-02-18,11.97,78.71,,2020,2
2020-02-19,13.1,78.3,,2020,2
2020-02-20,13.37,72.3,,2020,2
2020-02-21,14.18,72.62,,2020,2
2020-02-22,15.05,72.02,,2020,2
2020-02-23,15.92,67.93,,2020,2
2020-02-24,14.87,71.94,,2020,2
2020-02-25,13.73,79.06,,2020,2
2020-02-26,12.33,87.13,,2020,2
2020-02-27,12.47,76.58,,2020,2
2020-02-28,13.76,71.67,,2020,2
2020-02-29,14.83,73.75,,2020,2
2020-03-01,15.18,72.66,,2020,3
2020-03-02,14.85,73.51,,2020,3
2020-03-03,13.77,76.53,,2020,3
2020-03-04,14.27,74.98,,2020,3
2020-03-05,14.45,81.49,,2020,3
2020-03-06,13.99,85.28,,2020,3
2020-03-07,13.96,83.94,,2020,3
2020-03-08,13.32,86.18,,2020,3
2020-03-09,13.11,74.87,,2020,3
2020-03-10,13.55,71.1,,2020,3
2020-03-11,14.1,67.74,,2020,3
2020-03-12,16.25,73.3,,2020,3
2020-03-13,17.82,72.59,,2020,3
2020-03-14,17.63,75.06,,2020,3
2020-03-15,18.07,69.86,,2020,3
2020-03-16,17.32,63.6,,2020,3
2020-03-17,15.1,63.32,,2020,3
2020-03-18,14.47,69.75,,2020,3
2020-03-19,15.33,62.95,,2020,3
2020-03-20,15.24,65.29,,2020,3
2020-03-21,15.65,62.4,,2020,3
2020-03-22,15.28,70.0,,2020,3
2020-03-23,14.87,79.51,,2020,3
2020-03-24,16.26,74.33,,2020,3
2020-03-25,17.16,72.0,,2020,3
2020-03-26,17.66,72.01,,2020,3
2020-03-27,18.37,71.19,,2020,3
2020-03-28,18.42,73.56,,2020,3
2020-03-29,17.43,66.39,,2020,3
2020-03-30,16.97,54.41,,2020,3
2020-03-31,17.55,51.52,,2020,3
2020-04-01,17.64,55.38,,2020,4
2020-04-02,18.07,69.34,,2020,4
2020-04-03,18.37,77.67,,2020,4
2020-04-04,17.89,66.08,,2020,4
2020-04-05,17.92,65.41,,2020,4
2020-04-06,17.68,63.66,,2020,4
2020-04-07,18.16,59.24,,2020,4
2020-04-08,19.31,66.41,,2020,4
2020-04-09,18.55,77.3,,2020,4
2020-04-10,19.38,66.55,,2020,4
2020-04-11,19.23,67.96,,2020,4
2020-04-12,19.01,65.57,,2020,4
2020-04-13,20.55,62.04,,2020,4
2020-04-14,21.29,66.88,,2020,4
2020-04-15,19.82,80.28,,2020,4
2020-04-16,18.84,76.44,,2020,4
2020-04-17,18.31,83.47,,2020,4
2020-04-18,17.97,92.65,,2020,4
2020-04-19,18.68,88.78,,2020,4
2020-04-20,18.68,85.99,,2020,4
2020-04-21,18.08,79.83,,2020,4
2020-04-22,16.16,83.48,,2020,4
2020-04-23,17.08,80.57,,2020,4
2020-04-24,16.25,84.09,,2020,4
2020-04-25,17.56,75.33,,2020,4
2020-04-26,17.88,83.72,,2020,4
2020-04-27,18.31,81.43,,2020,4
2020-04-28,17.84,84.99,,2020,4
2020-04-29,17.79,84.04,,2020,4
2020-04-30,19.54,74.57,,2020,4
2020-05-01,19.87,75.33,,2020,5
2020-05-02,18.6,85.76,,2020,5
2020-05-03,19.31,80.26,,2020,5
2020-05-04,19.86,82.03,,2020,5
2020-05-05,19.62,86.58,,2020,5
2020-05-06,19.19,81.83,,2020,5
2020-05-07,19.4,78.81,,2020,5
2020-05-08,18.51,75.45,,2020,5
2020-05-09,20.26,70.36,,2020,5
2020-05-10,21.01,74.12,,2020,5
2020-05-11,21.13,78.98,,2020,5
2020-05-12,20.63,80.98,,2020,5
2020-05-13,19.62,89.15,,2020,5
2020-05-14,20.9,74.55,,2020,5
2020-05-15,20.7,82.94,,2020,5
2020-05-16,20.41,88.96,,2020,5
2020-05-17,21.91,72.75,,2020,5
2020-05-18,22.0,76.61,,2020,5
2020-05-19,20.38,78.93,,2020,5
2020-05-20,20.56,85.68,,2020,5
2020-05-21,20.24,95.35,,2020,5
2020-05-22,20.48,94.63,,2020,5
2020-05-23,21.27,91.69,,2020,5
2020-05-24,21.88,93.52,,2020,5
2020-05-25,21.75,94.18,,2020,5
2020-05-26,21.21,94.38,,2020,5
2020-05-27,20.82,92.38,,2020,5
2020-05-28,20.54,89.49,,2020,5
2020-05-29,19.99,88.5,,2020,5
2020-05-30,19.91,86.72,,2020,5
2020-05-31,20.39,87.38,,2020,5
2020-06-01,20.47,91.67,,2020,6
2020-06-02,20.65,93.46,,2020,6
2020-06-03,20.04,94.32,,2020,6
2020-06-04,20.19,94.24,,2020,6
2020-06-05,21.19,92.86,,2020,6
2020-06-06,20.98,97.01,,2020,6
2020-06-07,21.51,92.13,,2020,6
2020-06-08,21.55,91.16,,2020,6
2020-06-09,22.69,86.51,,2020,6
2020-06-10,22.71,88.79,,2020,6
2020-06-11,21.48,94.45,,2020,6
2020-06-12,21.65,93.97,,2020,6
2020-06-13,21.41,95.29,,2020,6
2020-06-14,22.32,90.19,,2020,6
2020-06-15,22.86,91.18,,2020,6
2020-06-16,21.48,95.04,,2020,6
2020-06-17,22.28,92.69,,2020,6
2020-06-18,22.07,94.71,,2020,6
2020-06-19,22.34,91.99,,2020,6
2020-06-20,22.63,91.65,,2020,6
2020-06-21,21.88,92.89,,2020,6
2020-06-22,22.39,91.1,,2020,6
2020-06-23,22.55,92.32,,2020,6
2020-06-24,22.38,93.57,,2020,6
2020-06-25,22.06,95.51,,2020,6
2020-06-26,21.13,97.0,,2020,6
2020-06-27,21.7,96.6,,2020,6
2020-06-28,21.91,93.96,,2020,6
2020-06-29,21.8,91.41,,2020,6
2020-06-30,22.43,91.5,,2020,6
2020-07-01,21.84,96.27,,2020,7
2020-07-02,21.76,94.53,,2020,7
2020-07-03,22.6,92.65,,2020,7
2020-07-04,23.03,89.27,,2020,7
2020-07-05,22.34,92.63,,2020,7
2020-07-06,20.95,92.48,,2020,7
2020-07-07,22.48,93.12,,2020,7
2020-07-08,22.61,93.13,,2020,7
2020-07-09,22.79,96.19,,2020,7
2020-07-10,22.45,96.65,,2020,7
2020-07-11,21.47,96.4,,2020,7
2020-07-12,22.23,93.41,,2020,7
2020-07-13,23.03,92.08,,2020,7
2020-07-14,21.98,94.21,,2020,7
2020-07-15,22.46,92.77,,2020,7
2020-07-16,22.14,92.57,,2020,7
2020-07-17,21.75,93.42,,2020,7
2020-07-18,21.59,93.39,,2020,7
2020-07-19,22.39,94.75,,2020,7
2020-07-20,21.6,97.07,,2020,7
2020-07-21,21.67,96.0,,2020,7
2020-07-22,22.18,93.19,,2020,7
2020-07-23,21.4,94.01,,2020,7
2020-07-24,22.17,91.63,,2020,7
2020-07-25,22.75,91.42,,2020,7
2020-07-26,22.74,92.2,,2020,7
2020-07-27,22.47,92.83,,2020,7
2020-07-28,22.26,92.54,,2020,7
2020-07-29,22.23,95.42,,2020,7
2020-07-30,21.25,94.78,,2020,7
2020-07-31,22.26,92.14,,2020,7
2020-08-01,23.55,87.32,,2020,8
2020-08-02,23.81,89.34,,2020,8
2020-08-03,24.53,86.14,,2020,8
2020-08-04,23.6,90.88,,2020,8
2020-08-05,23.73,89.48,,2020,8
2020-08-06,23.52,88.65,,2020,8
2020-08-07,22.97,92.95,,2020,8
2020-08-08,22.55,94.99,,2020,8
2020-08-09,21.87,95.13,,2020,8
2020-08-10,22.21,92.47,,2020,8
2020-08-11,22.56,94.43,,2020,8
2020-08-12,23.33,91.82,,2020,8
2020-08-13,22.81,92.88,,2020,8
2020-08-14,22.84,88.24,,2020,8
2020-08-15,22.3,92.77,,2020,8
2020-08-16,22.0,94.27,,2020,8
2020-08-17,21.73,95.47,,2020,8
2020-08-18,22.42,93.05,,2020,8
2020-08-19,22.26,91.09,,2020,8
2020-08-20,21.28,91.77,,2020,8
2020-08-21,20.86,92.15,,2020,8
2020-08-22,21.35,93.27,,2020,8
2020-08-23,21.36,91.94,,2020,8
2020-08-24,22.71,89.63,,2020,8
2020-08-25,22.71,91.03,,2020,8
2020-08-26,22.34,89.36,,2020,8
2020-08-27,20.9,94.04,,2020,8
2020-08-28,21.65,91.75,,2020,8
2020-08-29,21.87,92.93,,2020,8
2020-08-30,22.51,92.14,,2020,8
2020-08-31,21.97,93.52,,2020,8
2020-09-01,21.04,93.35,,2020,9
2020-09-02,22.26,88.39,,2020,9
2020-09-03,22.54,88.9,,2020,9
2020-09-04,22.44,89.33,,2020,9
2020-09-05,22.1,91.98,,2020,9
2020-09-06,22.1,93.43,,2020,9
2020-09-07,21.56,93.36,,2020,9
2020-09-08,21.49,95.71,,2020,9
2020-09-09,22.24,91.9,,2020,9
2020-09-10,22.24,91.58,,2020,9
2020-09-11,22.11,94.64,,2020,9
2020-09-12,21.6,95.19,,2020,9
2020-09-13,22.02,94.38,,2020,9
2020-09-14,21.52,94.74,,2020,9
2020-09-15,21.09,94.46,,2020,9
2020-09-16,21.09,96.11,,2020,9
2020-09-17,21.32,94.38,,2020,9
2020-09-18,23.03,85.84,,2020,9
2020-09-19,23.26,88.36,,2020,9
2020-09-20,23.44,87.29,,2020,9
2020-09-21,21.87,93.16,,2020,9
2020-09-22,21.72,95.97,,2020,9
2020-09-23,21.54,96.65,,2020,9
2020-09-24,21.61,96.42,,2020,9
2020-09-25,21.78,97.21,,2020,9
2020-09-26,21.14,96.12,,2020,9
2020-09-27,21.04,95.5,,2020,9
2020-09-28,21.88,90.37,,2020,9
2020-09-29,22.3,88.72,,2020,9
2020-09-30,22.26,89.74,,2020,9
2020-10-01,22.37,90.3,,2020,10
2020-10-02,22.17,89.87,,2020,10
2020-10-03,20.97,95.2,,2020,10
2020-10-04,21.32,93.24,,2020,10
2020-10-05,21.16,92.12,,2020,10
2020-10-06,20.51,95.01,,2020,10
2020-10-07,20.72,92.64,,2020,10
2020-10-08,22.36,86.83,,2020,10
2020-10-09,22.44,90.02,,2020,10
2020-10-10,22.42,90.77,,2020,10
2020-10-11,21.96,91.85,,2020,10
2020-10-12,22.4,86.82,,2020,10
2020-10-13,22.36,84.9,,2020,10
2020-10-14,22.64,84.3,,2020,10
2020-10-15,22.22,87.62,,2020,10
2020-10-16,22.73,82.4,,2020,10
2020-10-17,21.86,81.38,,2020,10
2020-10-18,21.04,89.09,,2020,10
2020-10-19,21.26,88.29,,2020,10
2020-10-20,21.57,86.16,,2020,10
2020-10-21,21.2,88.23,,2020,10
2020-10-22,19.73,93.39,,2020,10
2020-10-23,18.43,95.06,,2020,10
2020-10-24,18.85,95.49,,2020,10
2020-10-25,19.83,93.64,,2020,10
2020-10-26,19.64,87.29,,2020,10
2020-10-27,19.83,83.64,,2020,10
2020-10-28,19.72,86.89,,2020,10
2020-10-29,19.64,89.3,,2020,10
2020-10-30,20.0,87.57,,2020,10
2020-10-31,19.88,94.33,,2020,10
2020-11-01,19.62,90.62,,2020,11
2020-11-02,19.91,89.43,,2020,11
2020-11-03,19.13,92.17,,2020,11
2020-11-04,17.19,85.98,,2020,11
2020-11-05,15.69,67.93,,2020,11
2020-11-06,15.73,61.22,,2020,11
2020-11-07,15.83,86.19,,2020,11
2020-11-08,15.64,87.64,,2020,11
2020-11-09,15.31,82.5,,2020,11
2020-11-10,15.76,80.26,,2020,11
2020-11-11,16.53,83.69,,2020,11
2020-11-12,17.27,82.46,,2020,11
2020-11-13,17.82,80.15,,2020,11
2020-11-14,18.18,82.99,,2020,11
2020-11-15,17.47,85.43,,2020,11
2020-11-16,16.75,87.33,,2020,11
2020-11-17,15.59,90.77,,2020,11
2020-11-18,13.92,88.59,,2020,11
2020-11-19,13.74,89.71,,2020,11
2020-11-20,14.3,88.1,,2020,11
2020-11-21,14.71,84.53,,2020,11
2020-11-22,12.6,83.83,,2020,11
2020-11-23,11.65,79.98,,2020,11
2020-11-24,13.77,79.22,,2020,11
2020-11-25,14.15,83.92,,2020,11
2020-11-26,14.53,82.02,,2020,11
2020-11-27,15.1,82.47,,2020,11
2020-11-28,16.53,74.19,,2020,11
2020-11-29,15.64,82.34,,2020,11
2020-11-30,15.18,83.78,,2020,11
2020-12-01,14.83,77.98,,2020,12
2020-12-02,13.84,82.64,,2020,12
2020-12-03,13.52,86.47,,2020,12
2020-12-04,13.32,85.44,,2020,12
2020-12-05,12.89,88.61,,2020,12
2020-12-06,13.4,85.41,,2020,12
2020-12-07,13.44,80.39,,2020,12
2020-12-08,12.65,87.38,,2020,12
2020-12-09,13.26,86.66,,2020,12
2020-12-10,13.5,88.03,,2020,12
2020-12-11,13.02,87.41,,2020,12
2020-12-12,12.82,87.98,,2020,12
2020-12-13,12.51,86.24,,2020,12
2020-12-14,12.58,73.07,,2020,12
2020-12-15,11.95,78.04,,2020,12
2020-12-16,12.88,78.26,,2020,12
2020-12-17,11.55,86.84,,2020,12
2020-12-18,9.37,84.22,,2020,12
2020-12-19,8.73,72.54,,2020,12
2020-12-20,9.4,76.51,,2020,12
2020-12-21,10.84,81.23,,2020,12
2020-12-22,10.56,85.31,,2020,12
2020-12-23,11.27,85.33,,2020,12
2020-12-24,12.15,86.02,,2020,12
2020-12-25,11.27,85.23,,2020,12
2020-12-26,9.84,80.11,,2020,12
2020-12-27,10.43,82.74,,2020,12
2020-12-28,10.53,86.18,,2020,12
2020-12-29,11.38,73.04,,2020,12
2020-12-30,11.18,82.13,,2020,12
2020-12-31,12.17,78.67,,2020,12
